脚本,映射序号,日文字节,中文字节,原count,长度关系,按原count二次复制会截断GBK双字节,日文左引号,日文右引号,中文左引号,中文右引号,中文自身引号不平衡,中日引号数量变化,日文,中文,日文HEX,中文HEX
MINORI10.BIN,31,42,46,43,中文更长,是,1,1,1,1,否,否,@f1A0322「馬鹿言え、そんな事するかよ……」,@f1A0322「说什么傻话，我怎么可能做那种事……」,40 66 31 41 30 33 32 32 81 75 94 6E 8E AD 8C BE 82 A6 81 41 82 BB 82 F1 82 C8 8E 96 82 B7 82 E9 82 A9 82 E6 81 63 81 63 81 76,40 66 31 41 30 33 32 32 A1 B8 CB B5 CA B2 C3 B4 C9 B5 BB B0 A3 AC CE D2 D4 F5 C3 B4 BF C9 C4 DC D7 F6 C4 C7 D6 D6 CA C2 A1 AD A1 AD A1 B9
MINORI10.BIN,37,44,46,45,中文更长,是,1,1,1,1,否,否,@v101172@f3A0109「……女泣かせだよねえ……」,@v101172@f3A0109「……把女人弄哭的家伙啊……」,40 76 31 30 31 31 37 32 40 66 33 41 30 31 30 39 81 75 81 63 81 63 8F 97 8B 83 82 A9 82 B9 82 BE 82 E6 82 CB 82 A6 81 63 81 63 81 76,40 76 31 30 31 31 37 32 40 66 33 41 30 31 30 39 A1 B8 A1 AD A1 AD B0 D1 C5 AE C8 CB C5 AA BF DE B5 C4 BC D2 BB EF B0 A1 A1 AD A1 AD A1 B9
MINORI11.BIN,3,34,36,35,中文更长,是,1,1,1,1,否,否,@f1A0102「……優哉の仇を目撃した」,@f1A0102「……我看到优哉的仇人了。」,40 66 31 41 30 31 30 32 81 75 81 63 81 63 97 44 8D C6 82 CC 8B 77 82 F0 96 DA 8C 82 82 B5 82 BD 81 76,40 66 31 41 30 31 30 32 A1 B8 A1 AD A1 AD CE D2 BF B4 B5 BD D3 C5 D4 D5 B5 C4 B3 F0 C8 CB C1 CB A1 A3 A1 B9
MINORI12.BIN,4,22,24,23,中文更长,是,1,1,1,1,否,否,@f1A0317「……みのり」,@f1A0317「……美野里。」,40 66 31 41 30 33 31 37 81 75 81 63 81 63 82 DD 82 CC 82 E8 81 76,40 66 31 41 30 33 31 37 A1 B8 A1 AD A1 AD C3 C0 D2 B0 C0 EF A1 A3 A1 B9
MINORI12.BIN,11,30,32,31,中文更长,是,1,1,1,1,否,否,@f1A0322「気軽に言うなよ……」,@f1A0322「别说得那么轻松啊……」,40 66 31 41 30 33 32 32 81 75 8B 43 8C 79 82 C9 8C BE 82 A4 82 C8 82 E6 81 63 81 63 81 76,40 66 31 41 30 33 32 32 A1 B8 B1 F0 CB B5 B5 C3 C4 C7 C3 B4 C7 E1 CB C9 B0 A1 A1 AD A1 AD A1 B9
MINORI12.BIN,17,32,34,33,中文更长,是,1,1,1,1,否,否,@v101209@f1A0221「……よかった」,@v101209@f1A0221「……太好了……」,40 76 31 30 31 32 30 39 40 66 31 41 30 32 32 31 81 75 81 63 81 63 82 E6 82 A9 82 C1 82 BD 81 76,40 76 31 30 31 32 30 39 40 66 31 41 30 32 32 31 A1 B8 A1 AD A1 AD CC AB BA C3 C1 CB A1 AD A1 AD A1 B9
MINORI12.BIN,34,80,84,81,中文更长,是,0,0,0,0,否,否,……それでもみのりは微笑んで了解してくれる。その笑みが何故か俺には心苦しい……。,……即使如此，美野里还是微笑着答应了。看到她的笑容，不知为什么我觉得心里很难受……。,81 63 81 63 82 BB 82 EA 82 C5 82 E0 82 DD 82 CC 82 E8 82 CD 94 F7 8F CE 82 F1 82 C5 97 B9 89 F0 82 B5 82 C4 82 AD 82 EA 82 E9 81 42 82 BB 82 CC 8F CE 82 DD 82 AA 89 BD 8C CC 82 A9 89 B4 82 C9 82 CD 90 53 8B EA 82 B5 82 A2 81 63 81 63 81 42,A1 AD A1 AD BC B4 CA B9 C8 E7 B4 CB A3 AC C3 C0 D2 B0 C0 EF BB B9 CA C7 CE A2 D0 A6 D7 C5 B4 F0 D3 A6 C1 CB A1 A3 BF B4 B5 BD CB FD B5 C4 D0 A6 C8 DD A3 AC B2 BB D6 AA CE AA CA B2 C3 B4 CE D2 BE F5 B5 C3 D0 C4 C0 EF BA DC C4 D1 CA DC A1 AD A1 AD A1 A3
MINORI13.BIN,29,104,118,105,中文更长,是,0,0,0,0,否,否,みのりは楽しい想い出を追う様に遠い目で笑みを浮かべ……すぐに酷く悲しげな表情で言葉を途切らせてしまった。,美野里像是在看着遥远的地方，露出了笑容，她大概是在回想着开心的往事吧……但她立刻露出了特别悲伤的表情，没有继续说下去。,82 DD 82 CC 82 E8 82 CD 8A 79 82 B5 82 A2 91 7A 82 A2 8F 6F 82 F0 92 C7 82 A4 97 6C 82 C9 89 93 82 A2 96 DA 82 C5 8F CE 82 DD 82 F0 95 82 82 A9 82 D7 81 63 81 63 82 B7 82 AE 82 C9 8D 93 82 AD 94 DF 82 B5 82 B0 82 C8 95 5C 8F EE 82 C5 8C BE 97 74 82 F0 93 72 90 D8 82 E7 82 B9 82 C4 82 B5 82 DC 82 C1 82 BD 81 42,C3 C0 D2 B0 C0 EF CF F1 CA C7 D4 DA BF B4 D7 C5 D2 A3 D4 B6 B5 C4 B5 D8 B7 BD A3 AC C2 B6 B3 F6 C1 CB D0 A6 C8 DD A3 AC CB FD B4 F3 B8 C5 CA C7 D4 DA BB D8 CF EB D7 C5 BF AA D0 C4 B5 C4 CD F9 CA C2 B0 C9 A1 AD A1 AD B5 AB CB FD C1 A2 BF CC C2 B6 B3 F6 C1 CB CC D8 B1 F0 B1 AF C9 CB B5 C4 B1 ED C7 E9 A3 AC C3 BB D3 D0 BC CC D0 F8 CB B5 CF C2 C8 A5 A1 A3
MINORI13.BIN,39,54,58,55,中文更长,是,1,1,1,1,否,否,@v101231@f3F0112「……はい、大学を中退してすぐに……」,@v101231@f3F0112「……是的，我从大学退学之后，立刻就……」,40 76 31 30 31 32 33 31 40 66 33 46 30 31 31 32 81 75 81 63 81 63 82 CD 82 A2 81 41 91 E5 8A 77 82 F0 92 86 91 DE 82 B5 82 C4 82 B7 82 AE 82 C9 81 63 81 63 81 76,40 76 31 30 31 32 33 31 40 66 33 46 30 31 31 32 A1 B8 A1 AD A1 AD CA C7 B5 C4 A3 AC CE D2 B4 D3 B4 F3 D1 A7 CD CB D1 A7 D6 AE BA F3 A3 AC C1 A2 BF CC BE CD A1 AD A1 AD A1 B9
MINORI13.BIN,49,22,26,23,中文更长,是,1,1,1,1,否,否,@f1A0317「……俺に？」,@f1A0317「……说给我听？」,40 66 31 41 30 33 31 37 81 75 81 63 81 63 89 B4 82 C9 81 48 81 76,40 66 31 41 30 33 31 37 A1 B8 A1 AD A1 AD CB B5 B8 F8 CE D2 CC FD A3 BF A1 B9
MINORI13.BIN,56,96,70,97,中文更短,否,0,1,0,0,否,是,@v101238@f3F0101あんな事を尋ねられれば、私だってわかりますよ……特に私は透さんの事をずっと……」,@v101238@f3F0101问了我那种事，我也会明白的啊……而且，我一直都对透……,40 76 31 30 31 32 33 38 40 66 33 46 30 31 30 31 82 A0 82 F1 82 C8 8E 96 82 F0 90 71 82 CB 82 E7 82 EA 82 EA 82 CE 81 41 8E 84 82 BE 82 C1 82 C4 82 ED 82 A9 82 E8 82 DC 82 B7 82 E6 81 63 81 63 93 C1 82 C9 8E 84 82 CD 93 A7 82 B3 82 F1 82 CC 8E 96 82 F0 82 B8 82 C1 82 C6 81 63 81 63 81 76,40 76 31 30 31 32 33 38 40 66 33 46 30 31 30 31 CE CA C1 CB CE D2 C4 C7 D6 D6 CA C2 A3 AC CE D2 D2 B2 BB E1 C3 F7 B0 D7 B5 C4 B0 A1 A1 AD A1 AD B6 F8 C7 D2 A3 AC CE D2 D2 BB D6 B1 B6 BC B6 D4 CD B8 A1 AD A1 AD
MINORI13.BIN,99,18,20,19,中文更长,是,1,1,1,1,否,否,「……何を馬鹿な」,「……说什么傻话。」,81 75 81 63 81 63 89 BD 82 F0 94 6E 8E AD 82 C8 81 76,A1 B8 A1 AD A1 AD CB B5 CA B2 C3 B4 C9 B5 BB B0 A1 A3 A1 B9
MINORI14.BIN,0,58,70,59,中文更长,是,0,0,0,0,否,否,……そんな俺達とは無関係にテロリストとの戦いは続く………。,……我们与恐怖分子的战斗还在继续，没有因为我们这个样子而有所改变……。,81 63 81 63 82 BB 82 F1 82 C8 89 B4 92 42 82 C6 82 CD 96 B3 8A D6 8C 57 82 C9 83 65 83 8D 83 8A 83 58 83 67 82 C6 82 CC 90 ED 82 A2 82 CD 91 B1 82 AD 81 63 81 63 81 63 81 42,A1 AD A1 AD CE D2 C3 C7 D3 EB BF D6 B2 C0 B7 D6 D7 D3 B5 C4 D5 BD B6 B7 BB B9 D4 DA BC CC D0 F8 A3 AC C3 BB D3 D0 D2 F2 CE AA CE D2 C3 C7 D5 E2 B8 F6 D1 F9 D7 D3 B6 F8 D3 D0 CB F9 B8 C4 B1 E4 A1 AD A1 AD A1 A3
MINORI14.BIN,39,28,30,29,中文更长,是,1,1,1,1,否,否,@v101275@f1A0200「……解散」,@v101275@f1A0200「……解散。」,40 76 31 30 31 32 37 35 40 66 31 41 30 32 30 30 81 75 81 63 81 63 89 F0 8E 55 81 76,40 76 31 30 31 32 37 35 40 66 31 41 30 32 30 30 A1 B8 A1 AD A1 AD BD E2 C9 A2 A1 A3 A1 B9
MINORI15.BIN,9,46,48,47,中文更长,是,1,1,1,1,否,否,@v101280@f1A0200「瀬川、相馬……ここにいたか」,@v101280@f1A0200「濑川，相马……你们在这里啊。」,40 76 31 30 31 32 38 30 40 66 31 41 30 32 30 30 81 75 90 A3 90 EC 81 41 91 8A 94 6E 81 63 81 63 82 B1 82 B1 82 C9 82 A2 82 BD 82 A9 81 76,40 76 31 30 31 32 38 30 40 66 31 41 30 32 30 30 A1 B8 E4 FE B4 A8 A3 AC CF E0 C2 ED A1 AD A1 AD C4 E3 C3 C7 D4 DA D5 E2 C0 EF B0 A1 A1 A3 A1 B9
MINORI16.BIN,6,10,12,11,中文更长,是,1,1,1,1,否,否,「ＹＥＳ」,「ＹＥＳ。」,81 75 82 78 82 64 82 72 81 76,A1 B8 A3 D9 A3 C5 A3 D3 A1 A3 A1 B9
MINORI17.BIN,88,68,72,69,中文更长,是,1,1,1,1,否,否,@f1A0302「……それより、みのり、第７隔壁が解除されたらそこを逃げろ」,@f1A0302「……比起这个，美野里，如果第７闸门解除了的话，就从那里逃走。」,40 66 31 41 30 33 30 32 81 75 81 63 81 63 82 BB 82 EA 82 E6 82 E8 81 41 82 DD 82 CC 82 E8 81 41 91 E6 82 56 8A 75 95 C7 82 AA 89 F0 8F 9C 82 B3 82 EA 82 BD 82 E7 82 BB 82 B1 82 F0 93 A6 82 B0 82 EB 81 76,40 66 31 41 30 33 30 32 A1 B8 A1 AD A1 AD B1 C8 C6 F0 D5 E2 B8 F6 A3 AC C3 C0 D2 B0 C0 EF A3 AC C8 E7 B9 FB B5 DA A3 B7 D5 A2 C3 C5 BD E2 B3 FD C1 CB B5 C4 BB B0 A3 AC BE CD B4 D3 C4 C7 C0 EF CC D3 D7 DF A1 A3 A1 B9
MINORI17.BIN,98,40,42,41,中文更长,是,1,1,1,1,否,否,@v101326「……侵入者発見。……駆除開始」,@v101326「……发现入侵者。……开始驱逐。」,40 76 31 30 31 33 32 36 81 75 81 63 81 63 90 4E 93 FC 8E D2 94 AD 8C A9 81 42 81 63 81 63 8B EC 8F 9C 8A 4A 8E 6E 81 76,40 76 31 30 31 33 32 36 A1 B8 A1 AD A1 AD B7 A2 CF D6 C8 EB C7 D6 D5 DF A1 A3 A1 AD A1 AD BF AA CA BC C7 FD D6 F0 A1 A3 A1 B9
MINORI17.BIN,141,10,12,11,中文更长,是,0,0,0,0,否,否,捕虜の女達,俘虏的女人们,95 DF 97 B8 82 CC 8F 97 92 42,B7 FD C2 B2 B5 C4 C5 AE C8 CB C3 C7
MINORI17.BIN,288,36,38,37,中文更长,是,1,1,1,1,否,否,@v101406@f3A0212「……そんな事……」,@v101406@f3A0212「……没有那种事……」,40 76 31 30 31 34 30 36 40 66 33 41 30 32 31 32 81 75 81 63 81 63 82 BB 82 F1 82 C8 8E 96 81 63 81 63 81 76,40 76 31 30 31 34 30 36 40 66 33 41 30 32 31 32 A1 B8 A1 AD A1 AD C3 BB D3 D0 C4 C7 D6 D6 CA C2 A1 AD A1 AD A1 B9
MINORI17.BIN,319,30,34,31,中文更长,是,1,1,1,1,否,否,@v101419@f1A0218「…………あ」,@v101419@f1A0218「…………啊……」,40 76 31 30 31 34 31 39 40 66 31 41 30 32 31 38 81 75 81 63 81 63 81 63 81 63 82 A0 81 76,40 76 31 30 31 34 31 39 40 66 31 41 30 32 31 38 A1 B8 A1 AD A1 AD A1 AD A1 AD B0 A1 A1 AD A1 AD A1 B9
MINORI17.BIN,343,88,94,89,中文更长,是,0,0,0,0,否,否,@m0@a1……不思議な懐かしい声に導かれ、@n俺の自我がネットのメモリー内に拡散してゆく……。,@m0@a1……这声音让我觉得奇妙地熟悉。@n在这声音的引导下，我的自我在网络的记忆体中逐渐扩散……。,40 6D 30 40 61 31 81 63 81 63 95 73 8E 76 8B 63 82 C8 89 F9 82 A9 82 B5 82 A2 90 BA 82 C9 93 B1 82 A9 82 EA 81 41 40 6E 89 B4 82 CC 8E A9 89 E4 82 AA 83 6C 83 62 83 67 82 CC 83 81 83 82 83 8A 81 5B 93 E0 82 C9 8A 67 8E 55 82 B5 82 C4 82 E4 82 AD 81 63 81 63 81 42,40 6D 30 40 61 31 A1 AD A1 AD D5 E2 C9 F9 D2 F4 C8 C3 CE D2 BE F5 B5 C3 C6 E6 C3 EE B5 D8 CA EC CF A4 A1 A3 40 6E D4 DA D5 E2 C9 F9 D2 F4 B5 C4 D2 FD B5 BC CF C2 A3 AC CE D2 B5 C4 D7 D4 CE D2 D4 DA CD F8 C2 E7 B5 C4 BC C7 D2 E4 CC E5 D6 D0 D6 F0 BD A5 C0 A9 C9 A2 A1 AD A1 AD A1 A3
MINORI18.BIN,24,86,94,87,中文更长,是,0,0,0,0,否,否,細身の体を強く強く抱き締める……乳房が俺の胸で潰れ、あらためて体の細さを実感する……。,我抱紧了她纤细的身体……她的乳房挤在我的胸口，形状已经被压溃，我明显地感到了她身体的纤细……。,8D D7 90 67 82 CC 91 CC 82 F0 8B AD 82 AD 8B AD 82 AD 95 F8 82 AB 92 F7 82 DF 82 E9 81 63 81 63 93 FB 96 5B 82 AA 89 B4 82 CC 8B B9 82 C5 92 D7 82 EA 81 41 82 A0 82 E7 82 BD 82 DF 82 C4 91 CC 82 CC 8D D7 82 B3 82 F0 8E C0 8A B4 82 B7 82 E9 81 63 81 63 81 42,CE D2 B1 A7 BD F4 C1 CB CB FD CF CB CF B8 B5 C4 C9 ED CC E5 A1 AD A1 AD CB FD B5 C4 C8 E9 B7 BF BC B7 D4 DA CE D2 B5 C4 D0 D8 BF DA A3 AC D0 CE D7 B4 D2 D1 BE AD B1 BB D1 B9 C0 A3 A3 AC CE D2 C3 F7 CF D4 B5 D8 B8 D0 B5 BD C1 CB CB FD C9 ED CC E5 B5 C4 CF CB CF B8 A1 AD A1 AD A1 A3
MINORI18.BIN,35,34,36,35,中文更长,是,1,1,1,1,否,否,@v101436「………………んんんんっ」,@v101436「………………嗯嗯嗯嗯……」,40 76 31 30 31 34 33 36 81 75 81 63 81 63 81 63 81 63 81 63 81 63 82 F1 82 F1 82 F1 82 F1 82 C1 81 76,40 76 31 30 31 34 33 36 A1 B8 A1 AD A1 AD A1 AD A1 AD A1 AD A1 AD E0 C5 E0 C5 E0 C5 E0 C5 A1 AD A1 AD A1 B9
MINORI19.BIN,40,22,24,23,中文更长,是,1,1,1,1,否,否,「……言ったなぁ……」,「……这可是你说的……」,81 75 81 63 81 63 8C BE 82 C1 82 BD 82 C8 82 9F 81 63 81 63 81 76,A1 B8 A1 AD A1 AD D5 E2 BF C9 CA C7 C4 E3 CB B5 B5 C4 A1 AD A1 AD A1 B9
MINORI19.BIN,105,20,24,21,中文更长,是,1,1,1,1,否,否,「う……ご、ごめん」,「呜……对，对不起……」,81 75 82 A4 81 63 81 63 82 B2 81 41 82 B2 82 DF 82 F1 81 76,A1 B8 CE D8 A1 AD A1 AD B6 D4 A3 AC B6 D4 B2 BB C6 F0 A1 AD A1 AD A1 B9
MINORI19.BIN,119,24,26,25,中文更长,是,1,1,1,1,否,否,@v101553「…………あっ」,@v101553「…………啊……」,40 76 31 30 31 35 35 33 81 75 81 63 81 63 81 63 81 63 82 A0 82 C1 81 76,40 76 31 30 31 35 35 33 A1 B8 A1 AD A1 AD A1 AD A1 AD B0 A1 A1 AD A1 AD A1 B9
MINORI19.BIN,143,78,80,79,中文更长,是,0,0,0,0,否,否,抱き返すみのりの体は折れそうに細い……俺はゆっくりと腰を前後に振り始める……。,我也抱紧了美野里，她的身体纤细得像是会折断一样……我开始慢慢地前后抽动腰部……。,95 F8 82 AB 95 D4 82 B7 82 DD 82 CC 82 E8 82 CC 91 CC 82 CD 90 DC 82 EA 82 BB 82 A4 82 C9 8D D7 82 A2 81 63 81 63 89 B4 82 CD 82 E4 82 C1 82 AD 82 E8 82 C6 8D 98 82 F0 91 4F 8C E3 82 C9 90 55 82 E8 8E 6E 82 DF 82 E9 81 63 81 63 81 42,CE D2 D2 B2 B1 A7 BD F4 C1 CB C3 C0 D2 B0 C0 EF A3 AC CB FD B5 C4 C9 ED CC E5 CF CB CF B8 B5 C3 CF F1 CA C7 BB E1 D5 DB B6 CF D2 BB D1 F9 A1 AD A1 AD CE D2 BF AA CA BC C2 FD C2 FD B5 D8 C7 B0 BA F3 B3 E9 B6 AF D1 FC B2 BF A1 AD A1 AD A1 A3
MINORI20.BIN,33,22,24,23,中文更长,是,1,1,1,1,否,否,「……言ったなぁ……」,「……这可是你说的……」,81 75 81 63 81 63 8C BE 82 C1 82 BD 82 C8 82 9F 81 63 81 63 81 76,A1 B8 A1 AD A1 AD D5 E2 BF C9 CA C7 C4 E3 CB B5 B5 C4 A1 AD A1 AD A1 B9
MINORI22.BIN,55,48,50,49,中文更长,是,1,1,1,1,否,否,@v101673@f1A0109「だとよ……くそっ、どうする？」,@v101673@f1A0109「他们这么说啊……可恶，怎么办？」,40 76 31 30 31 36 37 33 40 66 31 41 30 31 30 39 81 75 82 BE 82 C6 82 E6 81 63 81 63 82 AD 82 BB 82 C1 81 41 82 C7 82 A4 82 B7 82 E9 81 48 81 76,40 76 31 30 31 36 37 33 40 66 31 41 30 31 30 39 A1 B8 CB FB C3 C7 D5 E2 C3 B4 CB B5 B0 A1 A1 AD A1 AD BF C9 B6 F1 A3 AC D4 F5 C3 B4 B0 EC A3 BF A1 B9
MINORI22.BIN,67,74,76,75,中文更长,是,1,1,1,1,否,否,@v101678@f1A0203「そこです！！……そのハッチの向こうに電子体反応多数！！」,@v101678@f1A0203「就是那里！！……在那个闸门的另一边，有大量电子体反应！！」,40 76 31 30 31 36 37 38 40 66 31 41 30 32 30 33 81 75 82 BB 82 B1 82 C5 82 B7 81 49 81 49 81 63 81 63 82 BB 82 CC 83 6E 83 62 83 60 82 CC 8C FC 82 B1 82 A4 82 C9 93 64 8E 71 91 CC 94 BD 89 9E 91 BD 90 94 81 49 81 49 81 76,40 76 31 30 31 36 37 38 40 66 31 41 30 32 30 33 A1 B8 BE CD CA C7 C4 C7 C0 EF A3 A1 A3 A1 A1 AD A1 AD D4 DA C4 C7 B8 F6 D5 A2 C3 C5 B5 C4 C1 ED D2 BB B1 DF A3 AC D3 D0 B4 F3 C1 BF B5 E7 D7 D3 CC E5 B7 B4 D3 A6 A3 A1 A3 A1 A1 B9
MINORI22.BIN,120,30,34,31,中文更长,是,1,1,1,1,否,否,@f1A0312「……この異常者め！」,@f1A0312「……你这个异常的家伙！」,40 66 31 41 30 33 31 32 81 75 81 63 81 63 82 B1 82 CC 88 D9 8F ED 8E D2 82 DF 81 49 81 76,40 66 31 41 30 33 31 32 A1 B8 A1 AD A1 AD C4 E3 D5 E2 B8 F6 D2 EC B3 A3 B5 C4 BC D2 BB EF A3 A1 A1 B9
MINORI22.BIN,141,28,30,29,中文更长,是,1,1,1,1,否,否,@f1A0324「……今のは……？」,@f1A0324「……刚才那是……？」,40 66 31 41 30 33 32 34 81 75 81 63 81 63 8D A1 82 CC 82 CD 81 63 81 63 81 48 81 76,40 66 31 41 30 33 32 34 A1 B8 A1 AD A1 AD B8 D5 B2 C5 C4 C7 CA C7 A1 AD A1 AD A3 BF A1 B9
MINORI22.BIN,177,66,70,67,中文更长,是,1,1,1,1,否,否,@v101707@f1A0217「授業で少しだけ……でも、理屈を学んだだけで！！」,@v101707@f1A0217「课程里面稍微有一些……但是，都只是学了基本理论！！」,40 76 31 30 31 37 30 37 40 66 31 41 30 32 31 37 81 75 8E F6 8B C6 82 C5 8F AD 82 B5 82 BE 82 AF 81 63 81 63 82 C5 82 E0 81 41 97 9D 8B FC 82 F0 8A 77 82 F1 82 BE 82 BE 82 AF 82 C5 81 49 81 49 81 76,40 76 31 30 31 37 30 37 40 66 31 41 30 32 31 37 A1 B8 BF CE B3 CC C0 EF C3 E6 C9 D4 CE A2 D3 D0 D2 BB D0 A9 A1 AD A1 AD B5 AB CA C7 A3 AC B6 BC D6 BB CA C7 D1 A7 C1 CB BB F9 B1 BE C0 ED C2 DB A3 A1 A3 A1 A1 B9
Replay01.bin,9,68,72,69,中文更长,是,1,1,1,1,否,否,@v101015@f1A0109「撃ってみろよ……？撃てばこの女も巻き沿えだぜぇ？」,@v101015@f1A0109「你开枪试试啊……？开枪的话，这个女人也会被卷进来哦？」,40 76 31 30 31 30 31 35 40 66 31 41 30 31 30 39 81 75 8C 82 82 C1 82 C4 82 DD 82 EB 82 E6 81 63 81 63 81 48 8C 82 82 C4 82 CE 82 B1 82 CC 8F 97 82 E0 8A AA 82 AB 89 88 82 A6 82 BE 82 BA 82 A5 81 48 81 76,40 76 31 30 31 30 31 35 40 66 31 41 30 31 30 39 A1 B8 C4 E3 BF AA C7 B9 CA D4 CA D4 B0 A1 A1 AD A1 AD A3 BF BF AA C7 B9 B5 C4 BB B0 A3 AC D5 E2 B8 F6 C5 AE C8 CB D2 B2 BB E1 B1 BB BE ED BD F8 C0 B4 C5 B6 A3 BF A1 B9
Replay02.bin,24,86,94,87,中文更长,是,0,0,0,0,否,否,細身の体を強く強く抱き締める……乳房が俺の胸で潰れ、あらためて体の細さを実感する……。,我抱紧了她纤细的身体……她的乳房挤在我的胸口，形状已经被压溃，我明显地感到了她身体的纤细……。,8D D7 90 67 82 CC 91 CC 82 F0 8B AD 82 AD 8B AD 82 AD 95 F8 82 AB 92 F7 82 DF 82 E9 81 63 81 63 93 FB 96 5B 82 AA 89 B4 82 CC 8B B9 82 C5 92 D7 82 EA 81 41 82 A0 82 E7 82 BD 82 DF 82 C4 91 CC 82 CC 8D D7 82 B3 82 F0 8E C0 8A B4 82 B7 82 E9 81 63 81 63 81 42,CE D2 B1 A7 BD F4 C1 CB CB FD CF CB CF B8 B5 C4 C9 ED CC E5 A1 AD A1 AD CB FD B5 C4 C8 E9 B7 BF BC B7 D4 DA CE D2 B5 C4 D0 D8 BF DA A3 AC D0 CE D7 B4 D2 D1 BE AD B1 BB D1 B9 C0 A3 A3 AC CE D2 C3 F7 CF D4 B5 D8 B8 D0 B5 BD C1 CB CB FD C9 ED CC E5 B5 C4 CF CB CF B8 A1 AD A1 AD A1 A3
Replay02.bin,35,34,36,35,中文更长,是,1,1,1,1,否,否,@v101436「………………んんんんっ」,@v101436「………………嗯嗯嗯嗯……」,40 76 31 30 31 34 33 36 81 75 81 63 81 63 81 63 81 63 81 63 81 63 82 F1 82 F1 82 F1 82 F1 82 C1 81 76,40 76 31 30 31 34 33 36 A1 B8 A1 AD A1 AD A1 AD A1 AD A1 AD A1 AD E0 C5 E0 C5 E0 C5 E0 C5 A1 AD A1 AD A1 B9
Replay03.bin,31,22,24,23,中文更长,是,1,1,1,1,否,否,「……言ったなぁ……」,「……这可是你说的……」,81 75 81 63 81 63 8C BE 82 C1 82 BD 82 C8 82 9F 81 63 81 63 81 76,A1 B8 A1 AD A1 AD D5 E2 BF C9 CA C7 C4 E3 CB B5 B5 C4 A1 AD A1 AD A1 B9
Replay03.bin,96,20,24,21,中文更长,是,1,1,1,1,否,否,「う……ご、ごめん」,「呜……对，对不起……」,81 75 82 A4 81 63 81 63 82 B2 81 41 82 B2 82 DF 82 F1 81 76,A1 B8 CE D8 A1 AD A1 AD B6 D4 A3 AC B6 D4 B2 BB C6 F0 A1 AD A1 AD A1 B9
Replay03.bin,110,24,26,25,中文更长,是,1,1,1,1,否,否,@v101553「…………あっ」,@v101553「…………啊……」,40 76 31 30 31 35 35 33 81 75 81 63 81 63 81 63 81 63 82 A0 82 C1 81 76,40 76 31 30 31 35 35 33 A1 B8 A1 AD A1 AD A1 AD A1 AD B0 A1 A1 AD A1 AD A1 B9
Replay03.bin,134,78,80,79,中文更长,是,0,0,0,0,否,否,抱き返すみのりの体は折れそうに細い……俺はゆっくりと腰を前後に振り始める……。,我也抱紧了美野里，她的身体纤细得像是会折断一样……我开始慢慢地前后抽动腰部……。,95 F8 82 AB 95 D4 82 B7 82 DD 82 CC 82 E8 82 CC 91 CC 82 CD 90 DC 82 EA 82 BB 82 A4 82 C9 8D D7 82 A2 81 63 81 63 89 B4 82 CD 82 E4 82 C1 82 AD 82 E8 82 C6 8D 98 82 F0 91 4F 8C E3 82 C9 90 55 82 E8 8E 6E 82 DF 82 E9 81 63 81 63 81 42,CE D2 D2 B2 B1 A7 BD F4 C1 CB C3 C0 D2 B0 C0 EF A3 AC CB FD B5 C4 C9 ED CC E5 CF CB CF B8 B5 C3 CF F1 CA C7 BB E1 D5 DB B6 CF D2 BB D1 F9 A1 AD A1 AD CE D2 BF AA CA BC C2 FD C2 FD B5 D8 C7 B0 BA F3 B3 E9 B6 AF D1 FC B2 BF A1 AD A1 AD A1 A3
Replay04.bin,19,22,24,23,中文更长,是,1,1,1,1,否,否,「……言ったなぁ……」,「……这可是你说的……」,81 75 81 63 81 63 8C BE 82 C1 82 BD 82 C8 82 9F 81 63 81 63 81 76,A1 B8 A1 AD A1 AD D5 E2 BF C9 CA C7 C4 E3 CB B5 B5 C4 A1 AD A1 AD A1 B9
Replay05.bin,0,100,102,101,中文更长,是,1,1,1,1,否,否,@v101889@f1B0104「……この女はシュミクラム破壊時の神経ショックで半分麻痺状態……しかも離脱不能……」,@v101889@f1B0104「……这个女人在机体被破坏的时候，因为神经冲击进入了半麻痹状态……而且还无法脱离……」,40 76 31 30 31 38 38 39 40 66 31 42 30 31 30 34 81 75 81 63 81 63 82 B1 82 CC 8F 97 82 CD 83 56 83 85 83 7E 83 4E 83 89 83 80 94 6A 89 F3 8E 9E 82 CC 90 5F 8C 6F 83 56 83 87 83 62 83 4E 82 C5 94 BC 95 AA 96 83 E1 83 8F F3 91 D4 81 63 81 63 82 B5 82 A9 82 E0 97 A3 92 45 95 73 94 5C 81 63 81 63 81 76,40 76 31 30 31 38 38 39 40 66 31 42 30 31 30 34 A1 B8 A1 AD A1 AD D5 E2 B8 F6 C5 AE C8 CB D4 DA BB FA CC E5 B1 BB C6 C6 BB B5 B5 C4 CA B1 BA F2 A3 AC D2 F2 CE AA C9 F1 BE AD B3 E5 BB F7 BD F8 C8 EB C1 CB B0 EB C2 E9 B1 D4 D7 B4 CC AC A1 AD A1 AD B6 F8 C7 D2 BB B9 CE DE B7 A8 CD D1 C0 EB A1 AD A1 AD A1 B9
Replay05.bin,11,26,32,27,中文更长,是,1,1,1,1,否,否,@f1A0312「卑怯者めっ！！」,@f1A0312「你这个卑鄙的家伙！！」,40 66 31 41 30 33 31 32 81 75 94 DA 8B AF 8E D2 82 DF 82 C1 81 49 81 49 81 76,40 66 31 41 30 33 31 32 A1 B8 C4 E3 D5 E2 B8 F6 B1 B0 B1 C9 B5 C4 BC D2 BB EF A3 A1 A3 A1 A1 B9
Replay06.bin,30,90,98,91,中文更长,是,0,0,0,0,否,否,舌先に感じる柔らかな突起……汗の味のする乳首は、舐めるほどに固く、汗の味を増してゆく……。,我的舌尖感受着她柔软的突起……乳头带有汗水的味道，随着我的舔舐变得坚硬，汗水的味道也逐渐增加……。,90 E3 90 E6 82 C9 8A B4 82 B6 82 E9 8F 5F 82 E7 82 A9 82 C8 93 CB 8B 4E 81 63 81 63 8A BE 82 CC 96 A1 82 CC 82 B7 82 E9 93 FB 8E F1 82 CD 81 41 E4 72 82 DF 82 E9 82 D9 82 C7 82 C9 8C C5 82 AD 81 41 8A BE 82 CC 96 A1 82 F0 91 9D 82 B5 82 C4 82 E4 82 AD 81 63 81 63 81 42,CE D2 B5 C4 C9 E0 BC E2 B8 D0 CA DC D7 C5 CB FD C8 E1 C8 ED B5 C4 CD BB C6 F0 A1 AD A1 AD C8 E9 CD B7 B4 F8 D3 D0 BA B9 CB AE B5 C4 CE B6 B5 C0 A3 AC CB E6 D7 C5 CE D2 B5 C4 CC F2 F3 C2 B1 E4 B5 C3 BC E1 D3 B2 A3 AC BA B9 CB AE B5 C4 CE B6 B5 C0 D2 B2 D6 F0 BD A5 D4 F6 BC D3 A1 AD A1 AD A1 A3
Replay06.bin,186,53,59,54,中文更长,是,1,1,1,1,否,否,@v102546@m1「……大丈夫、透になら殺されてもいい……」,@v102546@m1「……没事的，如果对方是透，我被杀掉都可以……」,40 76 31 30 32 35 34 36 40 6D 31 81 75 81 63 81 63 91 E5 8F E4 95 76 81 41 93 A7 82 C9 82 C8 82 E7 8E 45 82 B3 82 EA 82 C4 82 E0 82 A2 82 A2 81 63 81 63 81 76,40 76 31 30 32 35 34 36 40 6D 31 A1 B8 A1 AD A1 AD C3 BB CA C2 B5 C4 A3 AC C8 E7 B9 FB B6 D4 B7 BD CA C7 CD B8 A3 AC CE D2 B1 BB C9 B1 B5 F4 B6 BC BF C9 D2 D4 A1 AD A1 AD A1 B9
Replay07.bin,0,18,22,19,中文更长,是,1,1,1,1,否,否,@v102547「……透」,@v102547「……透……」,40 76 31 30 32 35 34 37 81 75 81 63 81 63 93 A7 81 76,40 76 31 30 32 35 34 37 A1 B8 A1 AD A1 AD CD B8 A1 AD A1 AD A1 B9
Replay07.bin,33,26,30,27,中文更长,是,1,1,1,1,否,否,「……ごめん……つい……」,「……对不起……我不小心……」,81 75 81 63 81 63 82 B2 82 DF 82 F1 81 63 81 63 82 C2 82 A2 81 63 81 63 81 76,A1 B8 A1 AD A1 AD B6 D4 B2 BB C6 F0 A1 AD A1 AD CE D2 B2 BB D0 A1 D0 C4 A1 AD A1 AD A1 B9
Replay07.bin,60,66,70,67,中文更长,是,1,1,1,1,否,否,「すました顔をして……凄いんだな、彩音って……信じられないよ……」,「脸上好像没什么事情一样……湿成这样好厉害啊，彩音……难以置信啊……」,81 75 82 B7 82 DC 82 B5 82 BD 8A E7 82 F0 82 B5 82 C4 81 63 81 63 90 A6 82 A2 82 F1 82 BE 82 C8 81 41 8D CA 89 B9 82 C1 82 C4 81 63 81 63 90 4D 82 B6 82 E7 82 EA 82 C8 82 A2 82 E6 81 63 81 63 81 76,A1 B8 C1 B3 C9 CF BA C3 CF F1 C3 BB CA B2 C3 B4 CA C2 C7 E9 D2 BB D1 F9 A1 AD A1 AD CA AA B3 C9 D5 E2 D1 F9 BA C3 C0 F7 BA A6 B0 A1 A3 AC B2 CA D2 F4 A1 AD A1 AD C4 D1 D2 D4 D6 C3 D0 C5 B0 A1 A1 AD A1 AD A1 B9
Replay08.bin,1,40,42,41,中文更长,是,1,1,1,1,否,否,@v102627@f2B0201「……なに？……ここ？」,@v102627@f2B0201「……什么？……这里是？」,40 76 31 30 32 36 32 37 40 66 32 42 30 32 30 31 81 75 81 63 81 63 82 C8 82 C9 81 48 81 63 81 63 82 B1 82 B1 81 48 81 76,40 76 31 30 32 36 32 37 40 66 32 42 30 32 30 31 A1 B8 A1 AD A1 AD CA B2 C3 B4 A3 BF A1 AD A1 AD D5 E2 C0 EF CA C7 A3 BF A1 B9
Replay08.bin,92,26,28,27,中文更长,是,1,1,1,1,否,否,@v102665「…………ううっ」,@v102665「…………呜呜……」,40 76 31 30 32 36 36 35 81 75 81 63 81 63 81 63 81 63 82 A4 82 A4 82 C1 81 76,40 76 31 30 32 36 36 35 A1 B8 A1 AD A1 AD A1 AD A1 AD CE D8 CE D8 A1 AD A1 AD A1 B9
Replay09.bin,25,28,30,29,中文更长,是,1,1,1,1,否,否,@v102797「……出して……透」,@v102797「……射吧……透……」,40 76 31 30 32 37 39 37 81 75 81 63 81 63 8F 6F 82 B5 82 C4 81 63 81 63 93 A7 81 76,40 76 31 30 32 37 39 37 A1 B8 A1 AD A1 AD C9 E4 B0 C9 A1 AD A1 AD CD B8 A1 AD A1 AD A1 B9
Replay11.bin,30,116,118,117,中文更长,是,0,0,0,0,否,否,指が柔らかな布地に触れ、月菜の口から声が漏れる……かまわず俺は薄い布地ごしに指先で月菜の大事な所の輪郭をなぞる……。,我的手指碰到了柔软的布料，月菜的嘴里发出了叫声……我没有去理会她，而是用手指隔着单薄的布料抚摸月菜重要地方的轮廓……。,8E 77 82 AA 8F 5F 82 E7 82 A9 82 C8 95 7A 92 6E 82 C9 90 47 82 EA 81 41 8C 8E 8D D8 82 CC 8C FB 82 A9 82 E7 90 BA 82 AA 98 52 82 EA 82 E9 81 63 81 63 82 A9 82 DC 82 ED 82 B8 89 B4 82 CD 94 96 82 A2 95 7A 92 6E 82 B2 82 B5 82 C9 8E 77 90 E6 82 C5 8C 8E 8D D8 82 CC 91 E5 8E 96 82 C8 8F 8A 82 CC 97 D6 8A 73 82 F0 82 C8 82 BC 82 E9 81 63 81 63 81 42,CE D2 B5 C4 CA D6 D6 B8 C5 F6 B5 BD C1 CB C8 E1 C8 ED B5 C4 B2 BC C1 CF A3 AC D4 C2 B2 CB B5 C4 D7 EC C0 EF B7 A2 B3 F6 C1 CB BD D0 C9 F9 A1 AD A1 AD CE D2 C3 BB D3 D0 C8 A5 C0 ED BB E1 CB FD A3 AC B6 F8 CA C7 D3 C3 CA D6 D6 B8 B8 F4 D7 C5 B5 A5 B1 A1 B5 C4 B2 BC C1 CF B8 A7 C3 FE D4 C2 B2 CB D6 D8 D2 AA B5 D8 B7 BD B5 C4 C2 D6 C0 AA A1 AD A1 AD A1 A3
Replay13.bin,74,70,74,71,中文更长,是,0,0,0,0,否,否,切羽詰まった声で月菜が囁く……涙目で見つめられ、俺の心が揺れ動く……。,月菜用难以承受的声音轻声说着……她眼含泪光地看着我，让我的内心动摇了……。,90 D8 89 48 8B 6C 82 DC 82 C1 82 BD 90 BA 82 C5 8C 8E 8D D8 82 AA 9A 91 82 AD 81 63 81 63 97 DC 96 DA 82 C5 8C A9 82 C2 82 DF 82 E7 82 EA 81 41 89 B4 82 CC 90 53 82 AA 97 68 82 EA 93 AE 82 AD 81 63 81 63 81 42,D4 C2 B2 CB D3 C3 C4 D1 D2 D4 B3 D0 CA DC B5 C4 C9 F9 D2 F4 C7 E1 C9 F9 CB B5 D7 C5 A1 AD A1 AD CB FD D1 DB BA AC C0 E1 B9 E2 B5 D8 BF B4 D7 C5 CE D2 A3 AC C8 C3 CE D2 B5 C4 C4 DA D0 C4 B6 AF D2 A1 C1 CB A1 AD A1 AD A1 A3
Replay13.bin,85,52,54,53,中文更长,是,0,0,0,0,否,否,すでに湿った粘膜に唇が当り、月菜の体が反応する……。,我的嘴唇碰到了她已经湿润的粘膜，她的身体有了反应……。,82 B7 82 C5 82 C9 8E BC 82 C1 82 BD 94 53 96 8C 82 C9 90 4F 82 AA 93 96 82 E8 81 41 8C 8E 8D D8 82 CC 91 CC 82 AA 94 BD 89 9E 82 B7 82 E9 81 63 81 63 81 42,CE D2 B5 C4 D7 EC B4 BD C5 F6 B5 BD C1 CB CB FD D2 D1 BE AD CA AA C8 F3 B5 C4 D5 B3 C4 A4 A3 AC CB FD B5 C4 C9 ED CC E5 D3 D0 C1 CB B7 B4 D3 A6 A1 AD A1 AD A1 A3
Replay13.bin,86,24,26,25,中文更长,是,1,1,1,1,否,否,「……いくよ、月菜……」,「……开始了哦，月菜……」,81 75 81 63 81 63 82 A2 82 AD 82 E6 81 41 8C 8E 8D D8 81 63 81 63 81 76,A1 B8 A1 AD A1 AD BF AA CA BC C1 CB C5 B6 A3 AC D4 C2 B2 CB A1 AD A1 AD A1 B9
Replay13.bin,124,24,28,25,中文更长,是,1,1,1,1,否,否,@f1A0213「…………月菜」,@f1A0213「…………月菜……」,40 66 31 41 30 32 31 33 81 75 81 63 81 63 81 63 81 63 8C 8E 8D D8 81 76,40 66 31 41 30 32 31 33 A1 B8 A1 AD A1 AD A1 AD A1 AD D4 C2 B2 CB A1 AD A1 AD A1 B9
Replay13.bin,142,34,38,35,中文更长,是,0,0,0,0,否,否,何故か、頭に月菜の笑顔が蘇る……。,不知为什么，头脑中浮现了月菜的脸……。,89 BD 8C CC 82 A9 81 41 93 AA 82 C9 8C 8E 8D D8 82 CC 8F CE 8A E7 82 AA 91 68 82 E9 81 63 81 63 81 42,B2 BB D6 AA CE AA CA B2 C3 B4 A3 AC CD B7 C4 D4 D6 D0 B8 A1 CF D6 C1 CB D4 C2 B2 CB B5 C4 C1 B3 A1 AD A1 AD A1 A3
Replay14.bin,40,16,18,17,中文更长,是,1,1,1,1,否,否,「月菜…………」,「月菜…………！」,81 75 8C 8E 8D D8 81 63 81 63 81 63 81 63 81 76,A1 B8 D4 C2 B2 CB A1 AD A1 AD A1 AD A1 AD A3 A1 A1 B9
Replay14.bin,82,46,48,47,中文更长,是,0,0,0,0,否,否,社長の声に反応し、月菜がハッと顔を上げる……。,月菜对社长的声音产生了反应，她猛地抬起了头……。,8E D0 92 B7 82 CC 90 BA 82 C9 94 BD 89 9E 82 B5 81 41 8C 8E 8D D8 82 AA 83 6E 83 62 82 C6 8A E7 82 F0 8F E3 82 B0 82 E9 81 63 81 63 81 42,D4 C2 B2 CB B6 D4 C9 E7 B3 A4 B5 C4 C9 F9 D2 F4 B2 FA C9 FA C1 CB B7 B4 D3 A6 A3 AC CB FD C3 CD B5 D8 CC A7 C6 F0 C1 CB CD B7 A1 AD A1 AD A1 A3
Replay14.bin,123,70,74,71,中文更长,是,0,0,0,0,否,否,切羽詰まった声で月菜が囁く……涙目で見つめられ、俺の心が揺れ動く……。,月菜用难以承受的声音轻声说着……她眼含泪光地看着我，让我的内心动摇了……。,90 D8 89 48 8B 6C 82 DC 82 C1 82 BD 90 BA 82 C5 8C 8E 8D D8 82 AA 9A 91 82 AD 81 63 81 63 97 DC 96 DA 82 C5 8C A9 82 C2 82 DF 82 E7 82 EA 81 41 89 B4 82 CC 90 53 82 AA 97 68 82 EA 93 AE 82 AD 81 63 81 63 81 42,D4 C2 B2 CB D3 C3 C4 D1 D2 D4 B3 D0 CA DC B5 C4 C9 F9 D2 F4 C7 E1 C9 F9 CB B5 D7 C5 A1 AD A1 AD CB FD D1 DB BA AC C0 E1 B9 E2 B5 D8 BF B4 D7 C5 CE D2 A3 AC C8 C3 CE D2 B5 C4 C4 DA D0 C4 B6 AF D2 A1 C1 CB A1 AD A1 AD A1 A3
Replay14.bin,134,52,54,53,中文更长,是,0,0,0,0,否,否,すでに湿った粘膜に唇が当り、月菜の体が反応する……。,我的嘴唇碰到了她已经湿润的粘膜，她的身体有了反应……。,82 B7 82 C5 82 C9 8E BC 82 C1 82 BD 94 53 96 8C 82 C9 90 4F 82 AA 93 96 82 E8 81 41 8C 8E 8D D8 82 CC 91 CC 82 AA 94 BD 89 9E 82 B7 82 E9 81 63 81 63 81 42,CE D2 B5 C4 D7 EC B4 BD C5 F6 B5 BD C1 CB CB FD D2 D1 BE AD CA AA C8 F3 B5 C4 D5 B3 C4 A4 A3 AC CB FD B5 C4 C9 ED CC E5 D3 D0 C1 CB B7 B4 D3 A6 A1 AD A1 AD A1 A3
Replay14.bin,135,24,26,25,中文更长,是,1,1,1,1,否,否,「……いくよ、月菜……」,「……开始了哦，月菜……」,81 75 81 63 81 63 82 A2 82 AD 82 E6 81 41 8C 8E 8D D8 81 63 81 63 81 76,A1 B8 A1 AD A1 AD BF AA CA BC C1 CB C5 B6 A3 AC D4 C2 B2 CB A1 AD A1 AD A1 B9
Replay14.bin,173,24,28,25,中文更长,是,1,1,1,1,否,否,@f1A0213「…………月菜」,@f1A0213「…………月菜……」,40 66 31 41 30 32 31 33 81 75 81 63 81 63 81 63 81 63 8C 8E 8D D8 81 76,40 66 31 41 30 32 31 33 A1 B8 A1 AD A1 AD A1 AD A1 AD D4 C2 B2 CB A1 AD A1 AD A1 B9
Replay14.bin,191,34,38,35,中文更长,是,0,0,0,0,否,否,何故か、頭に月菜の笑顔が蘇る……。,不知为什么，头脑中浮现了月菜的脸……。,89 BD 8C CC 82 A9 81 41 93 AA 82 C9 8C 8E 8D D8 82 CC 8F CE 8A E7 82 AA 91 68 82 E9 81 63 81 63 81 42,B2 BB D6 AA CE AA CA B2 C3 B4 A3 AC CD B7 C4 D4 D6 D0 B8 A1 CF D6 C1 CB D4 C2 B2 CB B5 C4 C1 B3 A1 AD A1 AD A1 A3
Replay15.bin,51,84,96,85,中文更长,是,1,1,1,1,否,否,@v104215「……相棒が犯されてるのにマネキン面とは大したもんだぜ……マジ、尊敬レベル」,@v104215「……搭档被侵犯的时候，还能摆出那副橱窗人偶的表情，太厉害了……简直是值得尊敬的级别。」,40 76 31 30 34 32 31 35 81 75 81 63 81 63 91 8A 96 5F 82 AA 94 C6 82 B3 82 EA 82 C4 82 E9 82 CC 82 C9 83 7D 83 6C 83 4C 83 93 96 CA 82 C6 82 CD 91 E5 82 B5 82 BD 82 E0 82 F1 82 BE 82 BA 81 63 81 63 83 7D 83 57 81 41 91 B8 8C 68 83 8C 83 78 83 8B 81 76,40 76 31 30 34 32 31 35 A1 B8 A1 AD A1 AD B4 EE B5 B5 B1 BB C7 D6 B7 B8 B5 C4 CA B1 BA F2 A3 AC BB B9 C4 DC B0 DA B3 F6 C4 C7 B8 B1 B3 F7 B4 B0 C8 CB C5 BC B5 C4 B1 ED C7 E9 A3 AC CC AB C0 F7 BA A6 C1 CB A1 AD A1 AD BC F2 D6 B1 CA C7 D6 B5 B5 C3 D7 F0 BE B4 B5 C4 BC B6 B1 F0 A1 A3 A1 B9
Replay16.bin,9,22,24,23,中文更长,是,1,1,1,1,否,否,@f1A0124「………月菜」,@f1A0124「……月菜……」,40 66 31 41 30 31 32 34 81 75 81 63 81 63 81 63 8C 8E 8D D8 81 76,40 66 31 41 30 31 32 34 A1 B8 A1 AD A1 AD D4 C2 B2 CB A1 AD A1 AD A1 B9
Replay16.bin,32,34,36,35,中文更长,是,1,1,1,1,否,否,@v104334「…………ごめんね……透」,@v104334「…………对不起……透……」,40 76 31 30 34 33 33 34 81 75 81 63 81 63 81 63 81 63 82 B2 82 DF 82 F1 82 CB 81 63 81 63 93 A7 81 76,40 76 31 30 34 33 33 34 A1 B8 A1 AD A1 AD A1 AD A1 AD B6 D4 B2 BB C6 F0 A1 AD A1 AD CD B8 A1 AD A1 AD A1 B9
Replay19.bin,128,76,78,77,中文更长,是,0,0,0,0,否,否,月菜が小声で俺に囁く……悪戯心を刺激され、俺は後ろの窄みにそっと触れる……。,月菜小声对我说着……她刺激了我想要恶作剧的心态，我轻轻摸到了她后面的菊花……。,8C 8E 8D D8 82 AA 8F AC 90 BA 82 C5 89 B4 82 C9 9A 91 82 AD 81 63 81 63 88 AB 8B 59 90 53 82 F0 8E 68 8C 83 82 B3 82 EA 81 41 89 B4 82 CD 8C E3 82 EB 82 CC 8D F3 82 DD 82 C9 82 BB 82 C1 82 C6 90 47 82 EA 82 E9 81 63 81 63 81 42,D4 C2 B2 CB D0 A1 C9 F9 B6 D4 CE D2 CB B5 D7 C5 A1 AD A1 AD CB FD B4 CC BC A4 C1 CB CE D2 CF EB D2 AA B6 F1 D7 F7 BE E7 B5 C4 D0 C4 CC AC A3 AC CE D2 C7 E1 C7 E1 C3 FE B5 BD C1 CB CB FD BA F3 C3 E6 B5 C4 BE D5 BB A8 A1 AD A1 AD A1 A3
Replay19.bin,150,32,34,33,中文更长,是,1,1,1,1,否,否,「それだけじゃわからないな……」,「仅仅这样说，我还是不明白啊……」,81 75 82 BB 82 EA 82 BE 82 AF 82 B6 82 E1 82 ED 82 A9 82 E7 82 C8 82 A2 82 C8 81 63 81 63 81 76,A1 B8 BD F6 BD F6 D5 E2 D1 F9 CB B5 A3 AC CE D2 BB B9 CA C7 B2 BB C3 F7 B0 D7 B0 A1 A1 AD A1 AD A1 B9
Replay19.bin,155,18,24,19,中文更长,是,1,1,1,1,否,否,「ごめん……つい」,「对不起……不小心……」,81 75 82 B2 82 DF 82 F1 81 63 81 63 82 C2 82 A2 81 76,A1 B8 B6 D4 B2 BB C6 F0 A1 AD A1 AD B2 BB D0 A1 D0 C4 A1 AD A1 AD A1 B9
Replay20.bin,40,84,98,85,中文更长,是,0,0,0,0,否,否,白い尻が衝撃に震え、赤い筋が跡を残す……体が一瞬跳ね上がり、再び鋭利な角に着地する。,白嫩的屁股在冲击下颤抖，留下了一条红色的痕迹……梁的身体一瞬间弹了起来，然后又落在了锐利的棱角上。,94 92 82 A2 90 4B 82 AA 8F D5 8C 82 82 C9 90 6B 82 A6 81 41 90 D4 82 A2 8B D8 82 AA 90 D5 82 F0 8E 63 82 B7 81 63 81 63 91 CC 82 AA 88 EA 8F 75 92 B5 82 CB 8F E3 82 AA 82 E8 81 41 8D C4 82 D1 89 73 97 98 82 C8 8A 70 82 C9 92 85 92 6E 82 B7 82 E9 81 42,B0 D7 C4 DB B5 C4 C6 A8 B9 C9 D4 DA B3 E5 BB F7 CF C2 B2 FC B6 B6 A3 AC C1 F4 CF C2 C1 CB D2 BB CC F5 BA EC C9 AB B5 C4 BA DB BC A3 A1 AD A1 AD C1 BA B5 C4 C9 ED CC E5 D2 BB CB B2 BC E4 B5 AF C1 CB C6 F0 C0 B4 A3 AC C8 BB BA F3 D3 D6 C2 E4 D4 DA C1 CB C8 F1 C0 FB B5 C4 C0 E2 BD C7 C9 CF A1 A3
Replay20.bin,78,100,116,101,中文更长,是,1,1,1,1,否,否,@v105408「わははっ……小便臭い小娘とはこの事だな！……本番の時は頼むから漏らさないでいてくれよっ！」,@v105408「哇哈哈……这就叫小便味道的小妞啊！……拜托你插入的时候不要失禁哦！（译者按：带有小便气味，形容不成熟。）」,40 76 31 30 35 34 30 38 81 75 82 ED 82 CD 82 CD 82 C1 81 63 81 63 8F AC 95 D6 8F 4C 82 A2 8F AC 96 BA 82 C6 82 CD 82 B1 82 CC 8E 96 82 BE 82 C8 81 49 81 63 81 63 96 7B 94 D4 82 CC 8E 9E 82 CD 97 8A 82 DE 82 A9 82 E7 98 52 82 E7 82 B3 82 C8 82 A2 82 C5 82 A2 82 C4 82 AD 82 EA 82 E6 82 C1 81 49 81 76,40 76 31 30 35 34 30 38 A1 B8 CD DB B9 FE B9 FE A1 AD A1 AD D5 E2 BE CD BD D0 D0 A1 B1 E3 CE B6 B5 C0 B5 C4 D0 A1 E6 A4 B0 A1 A3 A1 A1 AD A1 AD B0 DD CD D0 C4 E3 B2 E5 C8 EB B5 C4 CA B1 BA F2 B2 BB D2 AA CA A7 BD FB C5 B6 A3 A1 A3 A8 D2 EB D5 DF B0 B4 A3 BA B4 F8 D3 D0 D0 A1 B1 E3 C6 F8 CE B6 A3 AC D0 CE C8 DD B2 BB B3 C9 CA EC A1 A3 A3 A9 A1 B9
Replay21.bin,34,32,34,33,中文更长,是,1,1,1,1,否,否,@v105843「な……なにを……！？」,@v105843「你……你说什么……！？」,40 76 31 30 35 38 34 33 81 75 82 C8 81 63 81 63 82 C8 82 C9 82 F0 81 63 81 63 81 49 81 48 81 76,40 76 31 30 35 38 34 33 A1 B8 C4 E3 A1 AD A1 AD C4 E3 CB B5 CA B2 C3 B4 A1 AD A1 AD A3 A1 A3 BF A1 B9
Replay22.bin,57,34,38,35,中文更长,是,1,1,1,1,否,否,「……いいね？……入れるよ……？」,「……可以吗？……要插进去了哦……？」,81 75 81 63 81 63 82 A2 82 A2 82 CB 81 48 81 63 81 63 93 FC 82 EA 82 E9 82 E6 81 63 81 63 81 48 81 76,A1 B8 A1 AD A1 AD BF C9 D2 D4 C2 F0 A3 BF A1 AD A1 AD D2 AA B2 E5 BD F8 C8 A5 C1 CB C5 B6 A1 AD A1 AD A3 BF A1 B9
Replay22.bin,88,20,22,21,中文更长,是,1,1,1,1,否,否,@v105944「……数？」,@v105944「……数数？」,40 76 31 30 35 39 34 34 81 75 81 63 81 63 90 94 81 48 81 76,40 76 31 30 35 39 34 34 A1 B8 A1 AD A1 AD CA FD CA FD A3 BF A1 B9
Replay23.bin,17,18,22,19,中文更长,是,1,1,1,1,否,否,@v105986「……っ」,@v105986「……呜……」,40 76 31 30 35 39 38 36 81 75 81 63 81 63 82 C1 81 76,40 76 31 30 35 39 38 36 A1 B8 A1 AD A1 AD CE D8 A1 AD A1 AD A1 B9
Replay23.bin,134,74,82,75,中文更长,是,1,1,1,1,否,否,@v106033「透がへンな事言うから意識しちゃって……なんか……もう……ううっ」,@v106033「都是透说了奇怪的话，让我注意到了这件事……感觉好像……已经……呜呜……」,40 76 31 30 36 30 33 33 81 75 93 A7 82 AA 82 D6 83 93 82 C8 8E 96 8C BE 82 A4 82 A9 82 E7 88 D3 8E AF 82 B5 82 BF 82 E1 82 C1 82 C4 81 63 81 63 82 C8 82 F1 82 A9 81 63 81 63 82 E0 82 A4 81 63 81 63 82 A4 82 A4 82 C1 81 76,40 76 31 30 36 30 33 33 A1 B8 B6 BC CA C7 CD B8 CB B5 C1 CB C6 E6 B9 D6 B5 C4 BB B0 A3 AC C8 C3 CE D2 D7 A2 D2 E2 B5 BD C1 CB D5 E2 BC FE CA C2 A1 AD A1 AD B8 D0 BE F5 BA C3 CF F1 A1 AD A1 AD D2 D1 BE AD A1 AD A1 AD CE D8 CE D8 A1 AD A1 AD A1 B9
Replay23.bin,157,14,16,15,中文更长,是,1,1,1,1,否,否,「……そうか」,「……是吗……」,81 75 81 63 81 63 82 BB 82 A4 82 A9 81 76,A1 B8 A1 AD A1 AD CA C7 C2 F0 A1 AD A1 AD A1 B9
Replay23.bin,162,36,38,37,中文更长,是,1,1,1,1,否,否,@v106044「……でも、やっとだね、透」,@v106044「……不过，终于到了呢，透。」,40 76 31 30 36 30 34 34 81 75 81 63 81 63 82 C5 82 E0 81 41 82 E2 82 C1 82 C6 82 BE 82 CB 81 41 93 A7 81 76,40 76 31 30 36 30 34 34 A1 B8 A1 AD A1 AD B2 BB B9 FD A3 AC D6 D5 D3 DA B5 BD C1 CB C4 D8 A3 AC CD B8 A1 A3 A1 B9
Replay25.bin,13,74,77,75,中文更长,否,0,0,0,0,否,否,……そして、@r高解像度視力@ハイレゾ@は頬を流れる悔し涙を映してしまう……。,……并且，@r高分辨率视力@High Resolution@中映出了她的脸颊上不甘心的眼泪……。,81 63 81 63 82 BB 82 B5 82 C4 81 41 40 72 8D 82 89 F0 91 9C 93 78 8E 8B 97 CD 40 83 6E 83 43 83 8C 83 5D 40 82 CD 96 6A 82 F0 97 AC 82 EA 82 E9 89 F7 82 B5 97 DC 82 F0 89 66 82 B5 82 C4 82 B5 82 DC 82 A4 81 63 81 63 81 42,A1 AD A1 AD B2 A2 C7 D2 A3 AC 40 72 B8 DF B7 D6 B1 E6 C2 CA CA D3 C1 A6 40 48 69 67 68 20 52 65 73 6F 6C 75 74 69 6F 6E 40 D6 D0 D3 B3 B3 F6 C1 CB CB FD B5 C4 C1 B3 BC D5 C9 CF B2 BB B8 CA D0 C4 B5 C4 D1 DB C0 E1 A1 AD A1 AD A1 A3
Replay26.bin,72,26,28,27,中文更长,是,1,1,1,1,否,否,@v107148「…………んんっ」,@v107148「…………嗯嗯……」,40 76 31 30 37 31 34 38 81 75 81 63 81 63 81 63 81 63 82 F1 82 F1 82 C1 81 76,40 76 31 30 37 31 34 38 A1 B8 A1 AD A1 AD A1 AD A1 AD E0 C5 E0 C5 A1 AD A1 AD A1 B9
Replay28.bin,17,118,88,119,中文更短,否,0,1,0,0,否,是,すすり泣くみのり、泣き叫ぶバチェラ、狂笑するゲンハ……不意にバチェラが顔を引きつらせ、両手で下腹部を押さえつける……」,美野里啜泣着，巴杰拉哭喊着，元霸狂笑着……突然巴杰拉表情变得僵硬，她双手按住了下腹部……,82 B7 82 B7 82 E8 8B 83 82 AD 82 DD 82 CC 82 E8 81 41 8B 83 82 AB 8B A9 82 D4 83 6F 83 60 83 46 83 89 81 41 8B B6 8F CE 82 B7 82 E9 83 51 83 93 83 6E 81 63 81 63 95 73 88 D3 82 C9 83 6F 83 60 83 46 83 89 82 AA 8A E7 82 F0 88 F8 82 AB 82 C2 82 E7 82 B9 81 41 97 BC 8E E8 82 C5 89 BA 95 A0 95 94 82 F0 89 9F 82 B3 82 A6 82 C2 82 AF 82 E9 81 63 81 63 81 76,C3 C0 D2 B0 C0 EF E0 A8 C6 FC D7 C5 A3 AC B0 CD BD DC C0 AD BF DE BA B0 D7 C5 A3 AC D4 AA B0 D4 BF F1 D0 A6 D7 C5 A1 AD A1 AD CD BB C8 BB B0 CD BD DC C0 AD B1 ED C7 E9 B1 E4 B5 C3 BD A9 D3 B2 A3 AC CB FD CB AB CA D6 B0 B4 D7 A1 C1 CB CF C2 B8 B9 B2 BF A1 AD A1 AD
Replay29.bin,24,24,28,25,中文更长,是,1,1,1,1,否,否,@f1A0312「……正気か？」,@f1A0312「……你还正常吧？」,40 66 31 41 30 33 31 32 81 75 81 63 81 63 90 B3 8B 43 82 A9 81 48 81 76,40 66 31 41 30 33 31 32 A1 B8 A1 AD A1 AD C4 E3 BB B9 D5 FD B3 A3 B0 C9 A3 BF A1 B9
Replay29.bin,67,66,68,67,中文更长,是,1,1,1,1,否,否,@v107606「よーし、大人と言い張るキミに素敵なプレゼントだ……！！」,@v107606「好～，既然你非说自己是大人，那我就给你美妙的礼物……！！」,40 76 31 30 37 36 30 36 81 75 82 E6 81 5B 82 B5 81 41 91 E5 90 6C 82 C6 8C BE 82 A2 92 A3 82 E9 83 4C 83 7E 82 C9 91 66 93 47 82 C8 83 76 83 8C 83 5B 83 93 83 67 82 BE 81 63 81 63 81 49 81 49 81 76,40 76 31 30 37 36 30 36 A1 B8 BA C3 A1 AB A3 AC BC C8 C8 BB C4 E3 B7 C7 CB B5 D7 D4 BC BA CA C7 B4 F3 C8 CB A3 AC C4 C7 CE D2 BE CD B8 F8 C4 E3 C3 C0 C3 EE B5 C4 C0 F1 CE EF A1 AD A1 AD A3 A1 A3 A1 A1 B9
Replay29.bin,116,36,38,37,中文更长,是,1,1,1,1,否,否,「いいよ……ひかるのなら平気さ……」,「不要紧的……因为是光的，没关系……」,81 75 82 A2 82 A2 82 E6 81 63 81 63 82 D0 82 A9 82 E9 82 CC 82 C8 82 E7 95 BD 8B 43 82 B3 81 63 81 63 81 76,A1 B8 B2 BB D2 AA BD F4 B5 C4 A1 AD A1 AD D2 F2 CE AA CA C7 B9 E2 B5 C4 A3 AC C3 BB B9 D8 CF B5 A1 AD A1 AD A1 B9
Replay30.bin,66,42,44,43,中文更长,是,1,1,1,1,否,否,@v108051「ご、ごめん……怖くて、つい……」,@v108051「对，对不起……有些害怕，结果……」,40 76 31 30 38 30 35 31 81 75 82 B2 81 41 82 B2 82 DF 82 F1 81 63 81 63 95 7C 82 AD 82 C4 81 41 82 C2 82 A2 81 63 81 63 81 76,40 76 31 30 38 30 35 31 A1 B8 B6 D4 A3 AC B6 D4 B2 BB C6 F0 A1 AD A1 AD D3 D0 D0 A9 BA A6 C5 C2 A3 AC BD E1 B9 FB A1 AD A1 AD A1 B9
Replay30.bin,72,44,46,45,中文更长,是,1,1,1,1,否,否,@v108053「……わかった……優しくしてね、透」,@v108053「……我知道了……温柔一些哦，透……」,40 76 31 30 38 30 35 33 81 75 81 63 81 63 82 ED 82 A9 82 C1 82 BD 81 63 81 63 97 44 82 B5 82 AD 82 B5 82 C4 82 CB 81 41 93 A7 81 76,40 76 31 30 38 30 35 33 A1 B8 A1 AD A1 AD CE D2 D6 AA B5 C0 C1 CB A1 AD A1 AD CE C2 C8 E1 D2 BB D0 A9 C5 B6 A3 AC CD B8 A1 AD A1 AD A1 B9
Replay32.bin,4,100,102,101,中文更长,是,1,1,1,1,否,否,@v101889@f1B0104「……この女はシュミクラム破壊時の神経ショックで半分麻痺状態……しかも離脱不能……」,@v101889@f1B0104「……这个女人在机体被破坏的时候，因为神经冲击进入了半麻痹状态……而且还无法脱离……」,40 76 31 30 31 38 38 39 40 66 31 42 30 31 30 34 81 75 81 63 81 63 82 B1 82 CC 8F 97 82 CD 83 56 83 85 83 7E 83 4E 83 89 83 80 94 6A 89 F3 8E 9E 82 CC 90 5F 8C 6F 83 56 83 87 83 62 83 4E 82 C5 94 BC 95 AA 96 83 E1 83 8F F3 91 D4 81 63 81 63 82 B5 82 A9 82 E0 97 A3 92 45 95 73 94 5C 81 63 81 63 81 76,40 76 31 30 31 38 38 39 40 66 31 42 30 31 30 34 A1 B8 A1 AD A1 AD D5 E2 B8 F6 C5 AE C8 CB D4 DA BB FA CC E5 B1 BB C6 C6 BB B5 B5 C4 CA B1 BA F2 A3 AC D2 F2 CE AA C9 F1 BE AD B3 E5 BB F7 BD F8 C8 EB C1 CB B0 EB C2 E9 B1 D4 D7 B4 CC AC A1 AD A1 AD B6 F8 C7 D2 BB B9 CE DE B7 A8 CD D1 C0 EB A1 AD A1 AD A1 B9
Replay32.bin,15,26,32,27,中文更长,是,1,1,1,1,否,否,@f1A0312「卑怯者めっ！！」,@f1A0312「你这个卑鄙的家伙！！」,40 66 31 41 30 33 31 32 81 75 94 DA 8B AF 8E D2 82 DF 82 C1 81 49 81 49 81 76,40 66 31 41 30 33 31 32 A1 B8 C4 E3 D5 E2 B8 F6 B1 B0 B1 C9 B5 C4 BC D2 BB EF A3 A1 A3 A1 A1 B9
Replay33.bin,25,26,28,27,中文更长,是,1,1,1,1,否,否,@f1A0315「………月菜！？」,@f1A0315「…………月菜！？」,40 66 31 41 30 33 31 35 81 75 81 63 81 63 81 63 8C 8E 8D D8 81 49 81 48 81 76,40 66 31 41 30 33 31 35 A1 B8 A1 AD A1 AD A1 AD A1 AD D4 C2 B2 CB A3 A1 A3 BF A1 B9
Replay34.bin,45,26,28,27,中文更长,是,1,1,1,1,否,否,@v109312「…………ううっ」,@v109312「…………呜呜……」,40 76 31 30 39 33 31 32 81 75 81 63 81 63 81 63 81 63 82 A4 82 A4 82 C1 81 76,40 76 31 30 39 33 31 32 A1 B8 A1 AD A1 AD A1 AD A1 AD CE D8 CE D8 A1 AD A1 AD A1 B9
Replay34.bin,77,48,50,49,中文更长,是,1,1,1,1,否,否,@f1A0302「と、とにかく早く服を着ろ……目の毒だ」,@f1A0302「总，总之快穿衣服……我不知道该看哪里。」,40 66 31 41 30 33 30 32 81 75 82 C6 81 41 82 C6 82 C9 82 A9 82 AD 91 81 82 AD 95 9E 82 F0 92 85 82 EB 81 63 81 63 96 DA 82 CC 93 C5 82 BE 81 76,40 66 31 41 30 33 30 32 A1 B8 D7 DC A3 AC D7 DC D6 AE BF EC B4 A9 D2 C2 B7 FE A1 AD A1 AD CE D2 B2 BB D6 AA B5 C0 B8 C3 BF B4 C4 C4 C0 EF A1 A3 A1 B9
Replay36.bin,25,24,26,25,中文更长,是,1,1,1,1,否,否,@v110403「……よかった」,@v110403「……太好了……」,40 76 31 31 30 34 30 33 81 75 81 63 81 63 82 E6 82 A9 82 C1 82 BD 81 76,40 76 31 31 30 34 30 33 A1 B8 A1 AD A1 AD CC AB BA C3 C1 CB A1 AD A1 AD A1 B9
Replay36.bin,129,46,50,47,中文更长,是,1,1,1,1,否,否,「大丈夫……何発だってイけるよ、俺も憐も……」,「不要紧……要做多少次都可以，无论是我还是怜……」,81 75 91 E5 8F E4 95 76 81 63 81 63 89 BD 94 AD 82 BE 82 C1 82 C4 83 43 82 AF 82 E9 82 E6 81 41 89 B4 82 E0 97 F7 82 E0 81 63 81 63 81 76,A1 B8 B2 BB D2 AA BD F4 A1 AD A1 AD D2 AA D7 F6 B6 E0 C9 D9 B4 CE B6 BC BF C9 D2 D4 A3 AC CE DE C2 DB CA C7 CE D2 BB B9 CA C7 C1 AF A1 AD A1 AD A1 B9
Replay37.bin,191,72,76,73,中文更长,是,0,0,0,0,否,否,俺の膝の上で憐が絶頂に体を震わせ、俺も憐の中に熱い迸りを注ぎ込む………。,怜在我的腿上达到了高潮，身体剧烈地颤抖，我也在怜的体内射出了炽热的精液……。,89 B4 82 CC 95 47 82 CC 8F E3 82 C5 97 F7 82 AA 90 E2 92 B8 82 C9 91 CC 82 F0 90 6B 82 ED 82 B9 81 41 89 B4 82 E0 97 F7 82 CC 92 86 82 C9 94 4D 82 A2 E7 9E 82 E8 82 F0 92 8D 82 AC 8D 9E 82 DE 81 63 81 63 81 63 81 42,C1 AF D4 DA CE D2 B5 C4 CD C8 C9 CF B4 EF B5 BD C1 CB B8 DF B3 B1 A3 AC C9 ED CC E5 BE E7 C1 D2 B5 D8 B2 FC B6 B6 A3 AC CE D2 D2 B2 D4 DA C1 AF B5 C4 CC E5 C4 DA C9 E4 B3 F6 C1 CB B3 E3 C8 C8 B5 C4 BE AB D2 BA A1 AD A1 AD A1 A3
Replay38.bin,15,64,66,65,中文更长,是,1,1,1,1,否,否,「……勿論、憐にはそんな酷い事はしないよ……妹で助かったな、憐」,「……当然，我不会对怜做那么过分的事……你是我的妹妹，得救了呢。」,81 75 81 63 81 63 96 DC 98 5F 81 41 97 F7 82 C9 82 CD 82 BB 82 F1 82 C8 8D 93 82 A2 8E 96 82 CD 82 B5 82 C8 82 A2 82 E6 81 63 81 63 96 85 82 C5 8F 95 82 A9 82 C1 82 BD 82 C8 81 41 97 F7 81 76,A1 B8 A1 AD A1 AD B5 B1 C8 BB A3 AC CE D2 B2 BB BB E1 B6 D4 C1 AF D7 F6 C4 C7 C3 B4 B9 FD B7 D6 B5 C4 CA C2 A1 AD A1 AD C4 E3 CA C7 CE D2 B5 C4 C3 C3 C3 C3 A3 AC B5 C3 BE C8 C1 CB C4 D8 A1 A3 A1 B9
Replay38.bin,79,25,29,26,中文更长,是,1,1,1,1,否,否,@v110625@m1「……いいよ」,@v110625@m1「……可以哦……」,40 76 31 31 30 36 32 35 40 6D 31 81 75 81 63 81 63 82 A2 82 A2 82 E6 81 76,40 76 31 31 30 36 32 35 40 6D 31 A1 B8 A1 AD A1 AD BF C9 D2 D4 C5 B6 A1 AD A1 AD A1 B9
Replay38.bin,107,20,22,21,中文更长,是,1,1,1,1,否,否,@v110634「……うん」,@v110634「……嗯……」,40 76 31 31 30 36 33 34 81 75 81 63 81 63 82 A4 82 F1 81 76,40 76 31 31 30 36 33 34 A1 B8 A1 AD A1 AD E0 C5 A1 AD A1 AD A1 B9
Replay38.bin,109,23,25,24,中文更长,是,1,1,1,1,否,否,@v110635@m1「………あ」,@v110635@m1「……啊……」,40 76 31 31 30 36 33 35 40 6D 31 81 75 81 63 81 63 81 63 82 A0 81 76,40 76 31 31 30 36 33 35 40 6D 31 A1 B8 A1 AD A1 AD B0 A1 A1 AD A1 AD A1 B9
Replay40.bin,5,2,4,3,中文更长,是,0,0,0,0,否,否,女,女人,8F 97,C5 AE C8 CB
Replay40.bin,11,126,128,127,中文更长,是,0,0,0,0,否,否,生まれて初めての快楽に、俺は腰を折って社長の胸に倒れ込む……それでも舌の洗礼は続き、社長は俺の顔を豊満な胸に埋めてしまう……。,出生以来我第一次感到如此的快感，我弯着腰倒在了社长的胸口中……即使如此，舌头的洗礼还是在继续，我的脸埋在了社长丰满的胸部中……。,90 B6 82 DC 82 EA 82 C4 8F 89 82 DF 82 C4 82 CC 89 F5 8A 79 82 C9 81 41 89 B4 82 CD 8D 98 82 F0 90 DC 82 C1 82 C4 8E D0 92 B7 82 CC 8B B9 82 C9 93 7C 82 EA 8D 9E 82 DE 81 63 81 63 82 BB 82 EA 82 C5 82 E0 90 E3 82 CC 90 F4 97 E7 82 CD 91 B1 82 AB 81 41 8E D0 92 B7 82 CD 89 B4 82 CC 8A E7 82 F0 96 4C 96 9E 82 C8 8B B9 82 C9 96 84 82 DF 82 C4 82 B5 82 DC 82 A4 81 63 81 63 81 42,B3 F6 C9 FA D2 D4 C0 B4 CE D2 B5 DA D2 BB B4 CE B8 D0 B5 BD C8 E7 B4 CB B5 C4 BF EC B8 D0 A3 AC CE D2 CD E4 D7 C5 D1 FC B5 B9 D4 DA C1 CB C9 E7 B3 A4 B5 C4 D0 D8 BF DA D6 D0 A1 AD A1 AD BC B4 CA B9 C8 E7 B4 CB A3 AC C9 E0 CD B7 B5 C4 CF B4 C0 F1 BB B9 CA C7 D4 DA BC CC D0 F8 A3 AC CE D2 B5 C4 C1 B3 C2 F1 D4 DA C1 CB C9 E7 B3 A4 B7 E1 C2 FA B5 C4 D0 D8 B2 BF D6 D0 A1 AD A1 AD A1 A3
ayane03.bin,25,118,122,119,中文更长,是,0,0,0,0,否,否,答えながら、作戦室で見た大量死の光景を思い起こす……あんな事をする連中の仲間になる気持ちが俺にはまったく理解できない。,我回答着，想起了作战室里看到的大量死亡的景色……他们做出了那种事情，彰竟然成为了那些家伙们的同伴，这种心情我完全无法理解。,93 9A 82 A6 82 C8 82 AA 82 E7 81 41 8D EC 90 ED 8E BA 82 C5 8C A9 82 BD 91 E5 97 CA 8E 80 82 CC 8C F5 8C 69 82 F0 8E 76 82 A2 8B 4E 82 B1 82 B7 81 63 81 63 82 A0 82 F1 82 C8 8E 96 82 F0 82 B7 82 E9 98 41 92 86 82 CC 92 87 8A D4 82 C9 82 C8 82 E9 8B 43 8E 9D 82 BF 82 AA 89 B4 82 C9 82 CD 82 DC 82 C1 82 BD 82 AD 97 9D 89 F0 82 C5 82 AB 82 C8 82 A2 81 42,CE D2 BB D8 B4 F0 D7 C5 A3 AC CF EB C6 F0 C1 CB D7 F7 D5 BD CA D2 C0 EF BF B4 B5 BD B5 C4 B4 F3 C1 BF CB C0 CD F6 B5 C4 BE B0 C9 AB A1 AD A1 AD CB FB C3 C7 D7 F6 B3 F6 C1 CB C4 C7 D6 D6 CA C2 C7 E9 A3 AC D5 C3 BE B9 C8 BB B3 C9 CE AA C1 CB C4 C7 D0 A9 BC D2 BB EF C3 C7 B5 C4 CD AC B0 E9 A3 AC D5 E2 D6 D6 D0 C4 C7 E9 CE D2 CD EA C8 AB CE DE B7 A8 C0 ED BD E2 A1 A3
ayane03.bin,54,34,38,35,中文更长,是,1,1,1,1,否,否,@f1A0215「……彩音、本気か……？」,@f1A0215「……彩音，你是认真的……？」,40 66 31 41 30 32 31 35 81 75 81 63 81 63 8D CA 89 B9 81 41 96 7B 8B 43 82 A9 81 63 81 63 81 48 81 76,40 66 31 41 30 32 31 35 A1 B8 A1 AD A1 AD B2 CA D2 F4 A3 AC C4 E3 CA C7 C8 CF D5 E6 B5 C4 A1 AD A1 AD A3 BF A1 B9
ayane03.bin,106,100,102,101,中文更长,是,1,1,1,1,否,否,@v101889@f1B0104「……この女はシュミクラム破壊時の神経ショックで半分麻痺状態……しかも離脱不能……」,@v101889@f1B0104「……这个女人在机体被破坏的时候，因为神经冲击进入了半麻痹状态……而且还无法脱离……」,40 76 31 30 31 38 38 39 40 66 31 42 30 31 30 34 81 75 81 63 81 63 82 B1 82 CC 8F 97 82 CD 83 56 83 85 83 7E 83 4E 83 89 83 80 94 6A 89 F3 8E 9E 82 CC 90 5F 8C 6F 83 56 83 87 83 62 83 4E 82 C5 94 BC 95 AA 96 83 E1 83 8F F3 91 D4 81 63 81 63 82 B5 82 A9 82 E0 97 A3 92 45 95 73 94 5C 81 63 81 63 81 76,40 76 31 30 31 38 38 39 40 66 31 42 30 31 30 34 A1 B8 A1 AD A1 AD D5 E2 B8 F6 C5 AE C8 CB D4 DA BB FA CC E5 B1 BB C6 C6 BB B5 B5 C4 CA B1 BA F2 A3 AC D2 F2 CE AA C9 F1 BE AD B3 E5 BB F7 BD F8 C8 EB C1 CB B0 EB C2 E9 B1 D4 D7 B4 CC AC A1 AD A1 AD B6 F8 C7 D2 BB B9 CE DE B7 A8 CD D1 C0 EB A1 AD A1 AD A1 B9
ayane03.bin,117,26,32,27,中文更长,是,1,1,1,1,否,否,@f1A0312「卑怯者めっ！！」,@f1A0312「你这个卑鄙的家伙！！」,40 66 31 41 30 33 31 32 81 75 94 DA 8B AF 8E D2 82 DF 82 C1 81 49 81 49 81 76,40 66 31 41 30 33 31 32 A1 B8 C4 E3 D5 E2 B8 F6 B1 B0 B1 C9 B5 C4 BC D2 BB EF A3 A1 A3 A1 A1 B9
ayane03.bin,182,106,112,107,中文更长,是,1,1,1,1,否,否,@v101040@f2A0102「交戦して君が命を失うのは勝手だ……だが、その時はこの同僚の女性も巻き添いになるのだぞ？」,@v101040@f2A0102「你想要交战然后失去性命的话，那是你的自由……但是，到那时，会把这作为同事的女性也卷入其中啊？」,40 76 31 30 31 30 34 30 40 66 32 41 30 31 30 32 81 75 8C F0 90 ED 82 B5 82 C4 8C 4E 82 AA 96 BD 82 F0 8E B8 82 A4 82 CC 82 CD 8F 9F 8E E8 82 BE 81 63 81 63 82 BE 82 AA 81 41 82 BB 82 CC 8E 9E 82 CD 82 B1 82 CC 93 AF 97 BB 82 CC 8F 97 90 AB 82 E0 8A AA 82 AB 93 59 82 A2 82 C9 82 C8 82 E9 82 CC 82 BE 82 BC 81 48 81 76,40 76 31 30 31 30 34 30 40 66 32 41 30 31 30 32 A1 B8 C4 E3 CF EB D2 AA BD BB D5 BD C8 BB BA F3 CA A7 C8 A5 D0 D4 C3 FC B5 C4 BB B0 A3 AC C4 C7 CA C7 C4 E3 B5 C4 D7 D4 D3 C9 A1 AD A1 AD B5 AB CA C7 A3 AC B5 BD C4 C7 CA B1 A3 AC BB E1 B0 D1 D5 E2 D7 F7 CE AA CD AC CA C2 B5 C4 C5 AE D0 D4 D2 B2 BE ED C8 EB C6 E4 D6 D0 B0 A1 A3 BF A1 B9
ayane03.bin,234,74,76,75,中文更长,是,1,1,1,1,否,否,@v101949@f1A0204「……相馬、お前も自室で休養……それから紫藤と出頭だ……」,@v101949@f1A0204「……相马，你也去自己的房间休息……之后和紫藤一起报到……」,40 76 31 30 31 39 34 39 40 66 31 41 30 32 30 34 81 75 81 63 81 63 91 8A 94 6E 81 41 82 A8 91 4F 82 E0 8E A9 8E BA 82 C5 8B 78 97 7B 81 63 81 63 82 BB 82 EA 82 A9 82 E7 8E 87 93 A1 82 C6 8F 6F 93 AA 82 BE 81 63 81 63 81 76,40 76 31 30 31 39 34 39 40 66 31 41 30 32 30 34 A1 B8 A1 AD A1 AD CF E0 C2 ED A3 AC C4 E3 D2 B2 C8 A5 D7 D4 BC BA B5 C4 B7 BF BC E4 D0 DD CF A2 A1 AD A1 AD D6 AE BA F3 BA CD D7 CF CC D9 D2 BB C6 F0 B1 A8 B5 BD A1 AD A1 AD A1 B9
ayane04.bin,21,20,22,21,中文更长,是,1,1,1,1,否,否,@f1A0301「……はぁ」,@f1A0301「……哈啊。」,40 66 31 41 30 33 30 31 81 75 81 63 81 63 82 CD 82 9F 81 76,40 66 31 41 30 33 30 31 A1 B8 A1 AD A1 AD B9 FE B0 A1 A1 A3 A1 B9
ayane04.bin,31,20,22,21,中文更长,是,1,1,1,1,否,否,@f1A0324「……はぁ」,@f1A0324「……哈啊。」,40 66 31 41 30 33 32 34 81 75 81 63 81 63 82 CD 82 9F 81 76,40 66 31 41 30 33 32 34 A1 B8 A1 AD A1 AD B9 FE B0 A1 A1 A3 A1 B9
ayane04.bin,42,12,14,13,中文更长,是,1,1,1,1,否,否,「………あ」,「……啊……」,81 75 81 63 81 63 81 63 82 A0 81 76,A1 B8 A1 AD A1 AD B0 A1 A1 AD A1 AD A1 B9
ayane04.bin,63,78,82,79,中文更长,是,0,0,0,0,否,否,……言葉とは裏腹に、妙な寂しさが心に残る……なんだろう、この妙な脱力感は……？,……与嘴上说的相反，我感到心中有着奇妙的寂寞感……这种奇妙的无力感是怎么回事……？,81 63 81 63 8C BE 97 74 82 C6 82 CD 97 A0 95 A0 82 C9 81 41 96 AD 82 C8 8E E2 82 B5 82 B3 82 AA 90 53 82 C9 8E 63 82 E9 81 63 81 63 82 C8 82 F1 82 BE 82 EB 82 A4 81 41 82 B1 82 CC 96 AD 82 C8 92 45 97 CD 8A B4 82 CD 81 63 81 63 81 48,A1 AD A1 AD D3 EB D7 EC C9 CF CB B5 B5 C4 CF E0 B7 B4 A3 AC CE D2 B8 D0 B5 BD D0 C4 D6 D0 D3 D0 D7 C5 C6 E6 C3 EE B5 C4 BC C5 C4 AF B8 D0 A1 AD A1 AD D5 E2 D6 D6 C6 E6 C3 EE B5 C4 CE DE C1 A6 B8 D0 CA C7 D4 F5 C3 B4 BB D8 CA C2 A1 AD A1 AD A3 BF
ayane04.bin,74,29,31,30,中文更长,是,1,1,1,1,否,否,@v101980@m0「……………はい」,@v101980@m0「……………是……」,40 76 31 30 31 39 38 30 40 6D 30 81 75 81 63 81 63 81 63 81 63 81 63 82 CD 82 A2 81 76,40 76 31 30 31 39 38 30 40 6D 30 A1 B8 A1 AD A1 AD A1 AD A1 AD A1 AD CA C7 A1 AD A1 AD A1 B9
ayane04.bin,107,44,46,45,中文更长,是,0,0,0,0,否,否,……彩音はハッとしたような顔で俺を見上げる。,……彩音露出了突然清醒过来般的表情，仰视着我。,81 63 81 63 8D CA 89 B9 82 CD 83 6E 83 62 82 C6 82 B5 82 BD 82 E6 82 A4 82 C8 8A E7 82 C5 89 B4 82 F0 8C A9 8F E3 82 B0 82 E9 81 42,A1 AD A1 AD B2 CA D2 F4 C2 B6 B3 F6 C1 CB CD BB C8 BB C7 E5 D0 D1 B9 FD C0 B4 B0 E3 B5 C4 B1 ED C7 E9 A3 AC D1 F6 CA D3 D7 C5 CE D2 A1 A3
ayane04.bin,110,30,34,31,中文更长,是,1,1,1,1,否,否,@v101993@f1A0202「……嫌です」,@v101993@f1A0202「……我不愿意。」,40 76 31 30 31 39 39 33 40 66 31 41 30 32 30 32 81 75 81 63 81 63 8C 99 82 C5 82 B7 81 76,40 76 31 30 31 39 39 33 40 66 31 41 30 32 30 32 A1 B8 A1 AD A1 AD CE D2 B2 BB D4 B8 D2 E2 A1 A3 A1 B9
ayane04.bin,130,22,24,23,中文更长,是,1,1,1,1,否,否,@f1A0313「………はぁ」,@f1A0313「……哈啊……」,40 66 31 41 30 33 31 33 81 75 81 63 81 63 81 63 82 CD 82 9F 81 76,40 66 31 41 30 33 31 33 A1 B8 A1 AD A1 AD B9 FE B0 A1 A1 AD A1 AD A1 B9
ayane05.bin,38,44,46,45,中文更长,是,1,1,1,1,否,否,@v101098@f1A0107「住民への避難勧告は……？」,@v101098@f1A0107「对于居民的避难劝告呢……？」,40 76 31 30 31 30 39 38 40 66 31 41 30 31 30 37 81 75 8F 5A 96 AF 82 D6 82 CC 94 F0 93 EF 8A A9 8D 90 82 CD 81 63 81 63 81 48 81 76,40 76 31 30 31 30 39 38 40 66 31 41 30 31 30 37 A1 B8 B6 D4 D3 DA BE D3 C3 F1 B5 C4 B1 DC C4 D1 C8 B0 B8 E6 C4 D8 A1 AD A1 AD A3 BF A1 B9
ayane05.bin,42,126,130,127,中文更长,是,1,1,1,1,否,否,@v101101@f2A0110「……百人たらずのテロリスト相手に軍@r一個師団@一万人@か……@w4327@f2A0112今回は俺達の出番は無さそうだな……」,@v101101@f2A0110「……对于不到百人的恐怖分子，动用@r一个师团@一万人@的军队吗……@w4327@f2A0112这次似乎没有我们上场的机会了呢……」,40 76 31 30 31 31 30 31 40 66 32 41 30 31 31 30 81 75 81 63 81 63 95 53 90 6C 82 BD 82 E7 82 B8 82 CC 83 65 83 8D 83 8A 83 58 83 67 91 8A 8E E8 82 C9 8C 52 40 72 88 EA 8C C2 8E 74 92 63 40 88 EA 96 9C 90 6C 40 82 A9 81 63 81 63 40 77 34 33 32 37 40 66 32 41 30 31 31 32 8D A1 89 F1 82 CD 89 B4 92 42 82 CC 8F 6F 94 D4 82 CD 96 B3 82 B3 82 BB 82 A4 82 BE 82 C8 81 63 81 63 81 76,40 76 31 30 31 31 30 31 40 66 32 41 30 31 31 30 A1 B8 A1 AD A1 AD B6 D4 D3 DA B2 BB B5 BD B0 D9 C8 CB B5 C4 BF D6 B2 C0 B7 D6 D7 D3 A3 AC B6 AF D3 C3 40 72 D2 BB B8 F6 CA A6 CD C5 40 D2 BB CD F2 C8 CB 40 B5 C4 BE FC B6 D3 C2 F0 A1 AD A1 AD 40 77 34 33 32 37 40 66 32 41 30 31 31 32 D5 E2 B4 CE CB C6 BA F5 C3 BB D3 D0 CE D2 C3 C7 C9 CF B3 A1 B5 C4 BB FA BB E1 C1 CB C4 D8 A1 AD A1 AD A1 B9
ayane06.bin,26,38,42,39,中文更长,是,1,1,1,1,否,否,@v101132@f1A0102「みのり……弱点は男」,@v101132@f1A0102「美野里……弱点是男人。」,40 76 31 30 31 31 33 32 40 66 31 41 30 31 30 32 81 75 82 DD 82 CC 82 E8 81 63 81 63 8E E3 93 5F 82 CD 92 6A 81 76,40 76 31 30 31 31 33 32 40 66 31 41 30 31 30 32 A1 B8 C3 C0 D2 B0 C0 EF A1 AD A1 AD C8 F5 B5 E3 CA C7 C4 D0 C8 CB A1 A3 A1 B9
ayane08.bin,34,74,78,75,中文更长,是,1,1,1,1,否,否,@f1A0318「まぁ、彩音は疑われても当然かな……九割信じられるみのりは偉いよ」,@f1A0318「不过，彩音会被怀疑也是当然的吧……美野里能相信九成，已经很厉害了。」,40 66 31 41 30 33 31 38 81 75 82 DC 82 9F 81 41 8D CA 89 B9 82 CD 8B 5E 82 ED 82 EA 82 C4 82 E0 93 96 91 52 82 A9 82 C8 81 63 81 63 8B E3 8A 84 90 4D 82 B6 82 E7 82 EA 82 E9 82 DD 82 CC 82 E8 82 CD 88 CC 82 A2 82 E6 81 76,40 66 31 41 30 33 31 38 A1 B8 B2 BB B9 FD A3 AC B2 CA D2 F4 BB E1 B1 BB BB B3 D2 C9 D2 B2 CA C7 B5 B1 C8 BB B5 C4 B0 C9 A1 AD A1 AD C3 C0 D2 B0 C0 EF C4 DC CF E0 D0 C5 BE C5 B3 C9 A3 AC D2 D1 BE AD BA DC C0 F7 BA A6 C1 CB A1 A3 A1 B9
ayane08.bin,43,74,78,75,中文更长,是,1,1,1,1,否,否,@f1A0318「まぁ、彩音は疑われても当然かな……九割信じられるみのりは偉いよ」,@f1A0318「不过，彩音会被怀疑也是当然的吧……美野里能相信九成，已经很厉害了。」,40 66 31 41 30 33 31 38 81 75 82 DC 82 9F 81 41 8D CA 89 B9 82 CD 8B 5E 82 ED 82 EA 82 C4 82 E0 93 96 91 52 82 A9 82 C8 81 63 81 63 8B E3 8A 84 90 4D 82 B6 82 E7 82 EA 82 E9 82 DD 82 CC 82 E8 82 CD 88 CC 82 A2 82 E6 81 76,40 66 31 41 30 33 31 38 A1 B8 B2 BB B9 FD A3 AC B2 CA D2 F4 BB E1 B1 BB BB B3 D2 C9 D2 B2 CA C7 B5 B1 C8 BB B5 C4 B0 C9 A1 AD A1 AD C3 C0 D2 B0 C0 EF C4 DC CF E0 D0 C5 BE C5 B3 C9 A3 AC D2 D1 BE AD BA DC C0 F7 BA A6 C1 CB A1 A3 A1 B9
ayane10.bin,0,54,70,55,中文更长,是,0,0,0,0,否,否,……そんな俺とは無関係にテロリストとの戦いは続く……。,……我们与恐怖分子的战斗还在继续，没有因为我们这个样子而有所改变……。,81 63 81 63 82 BB 82 F1 82 C8 89 B4 82 C6 82 CD 96 B3 8A D6 8C 57 82 C9 83 65 83 8D 83 8A 83 58 83 67 82 C6 82 CC 90 ED 82 A2 82 CD 91 B1 82 AD 81 63 81 63 81 42,A1 AD A1 AD CE D2 C3 C7 D3 EB BF D6 B2 C0 B7 D6 D7 D3 B5 C4 D5 BD B6 B7 BB B9 D4 DA BC CC D0 F8 A3 AC C3 BB D3 D0 D2 F2 CE AA CE D2 C3 C7 D5 E2 B8 F6 D1 F9 D7 D3 B6 F8 D3 D0 CB F9 B8 C4 B1 E4 A1 AD A1 AD A1 A3
ayane10.bin,48,28,30,29,中文更长,是,1,1,1,1,否,否,@v101275@f1A0205「……解散」,@v101275@f1A0205「……解散。」,40 76 31 30 31 32 37 35 40 66 31 41 30 32 30 35 81 75 81 63 81 63 89 F0 8E 55 81 76,40 76 31 30 31 32 37 35 40 66 31 41 30 32 30 35 A1 B8 A1 AD A1 AD BD E2 C9 A2 A1 A3 A1 B9
ayane11.bin,13,108,111,109,中文更长,否,0,0,0,0,否,否,@r狂戦士@バ－サーカー@……腕利きの彩音や洋介をあしらう超絶テク、俺の一撃を電子体でかわしたあの反射神経……。,@r狂战士@Berserker@……能够对付彩音和洋介这种高手的，那种超高的技术，还有能够以电子体避开我攻击的反射神经……。,40 72 8B B6 90 ED 8E 6D 40 83 6F 81 7C 83 54 81 5B 83 4A 81 5B 40 81 63 81 63 98 72 97 98 82 AB 82 CC 8D CA 89 B9 82 E2 97 6D 89 EE 82 F0 82 A0 82 B5 82 E7 82 A4 92 B4 90 E2 83 65 83 4E 81 41 89 B4 82 CC 88 EA 8C 82 82 F0 93 64 8E 71 91 CC 82 C5 82 A9 82 ED 82 B5 82 BD 82 A0 82 CC 94 BD 8E CB 90 5F 8C 6F 81 63 81 63 81 42,40 72 BF F1 D5 BD CA BF 40 42 65 72 73 65 72 6B 65 72 40 A1 AD A1 AD C4 DC B9 BB B6 D4 B8 B6 B2 CA D2 F4 BA CD D1 F3 BD E9 D5 E2 D6 D6 B8 DF CA D6 B5 C4 A3 AC C4 C7 D6 D6 B3 AC B8 DF B5 C4 BC BC CA F5 A3 AC BB B9 D3 D0 C4 DC B9 BB D2 D4 B5 E7 D7 D3 CC E5 B1 DC BF AA CE D2 B9 A5 BB F7 B5 C4 B7 B4 C9 E4 C9 F1 BE AD A1 AD A1 AD A1 A3
ayane11.bin,79,32,34,33,中文更长,是,1,1,1,1,否,否,@v102201@f3A0202「…………はい」,@v102201@f3A0202「…………是……」,40 76 31 30 32 32 30 31 40 66 33 41 30 32 30 32 81 75 81 63 81 63 81 63 81 63 82 CD 82 A2 81 76,40 76 31 30 32 32 30 31 40 66 33 41 30 32 30 32 A1 B8 A1 AD A1 AD A1 AD A1 AD CA C7 A1 AD A1 AD A1 B9
ayane12.bin,14,40,42,41,中文更长,是,1,1,1,1,否,否,「……少し散歩でもして頭を冷やすか……」,「……稍微散步一下，让脑袋冷静下来吧……」,81 75 81 63 81 63 8F AD 82 B5 8E 55 95 E0 82 C5 82 E0 82 B5 82 C4 93 AA 82 F0 97 E2 82 E2 82 B7 82 A9 81 63 81 63 81 76,A1 B8 A1 AD A1 AD C9 D4 CE A2 C9 A2 B2 BD D2 BB CF C2 A3 AC C8 C3 C4 D4 B4 FC C0 E4 BE B2 CF C2 C0 B4 B0 C9 A1 AD A1 AD A1 B9
ayane12.bin,24,26,28,27,中文更长,是,1,1,1,1,否,否,@f1A0302「……誰だ……？」,@f1A0302「……是谁呢……？」,40 66 31 41 30 33 30 32 81 75 81 63 81 63 92 4E 82 BE 81 63 81 63 81 48 81 76,40 66 31 41 30 33 30 32 A1 B8 A1 AD A1 AD CA C7 CB AD C4 D8 A1 AD A1 AD A3 BF A1 B9
ayane12.bin,70,32,34,33,中文更长,是,0,0,0,0,否,否,……そして、瞳に光る涙の粒……。,……并且，她的眼睛里闪着眼泪……。,81 63 81 63 82 BB 82 B5 82 C4 81 41 93 B5 82 C9 8C F5 82 E9 97 DC 82 CC 97 B1 81 63 81 63 81 42,A1 AD A1 AD B2 A2 C7 D2 A3 AC CB FD B5 C4 D1 DB BE A6 C0 EF C9 C1 D7 C5 D1 DB C0 E1 A1 AD A1 AD A1 A3
ayane12.bin,80,44,50,45,中文更长,是,0,0,0,0,否,否,……意外な反応に俺の怒りが急速に醒めてゆく。,……她的反应让我感到意外，我的愤怒急速冷静下来了。,81 63 81 63 88 D3 8A 4F 82 C8 94 BD 89 9E 82 C9 89 B4 82 CC 93 7B 82 E8 82 AA 8B 7D 91 AC 82 C9 90 C1 82 DF 82 C4 82 E4 82 AD 81 42,A1 AD A1 AD CB FD B5 C4 B7 B4 D3 A6 C8 C3 CE D2 B8 D0 B5 BD D2 E2 CD E2 A3 AC CE D2 B5 C4 B7 DF C5 AD BC B1 CB D9 C0 E4 BE B2 CF C2 C0 B4 C1 CB A1 A3
ayane12.bin,122,22,26,23,中文更长,是,1,1,1,1,否,否,@f1A0322「嘘だな……」,@f1A0322「这是谎话啊……」,40 66 31 41 30 33 32 32 81 75 89 52 82 BE 82 C8 81 63 81 63 81 76,40 66 31 41 30 33 32 32 A1 B8 D5 E2 CA C7 BB D1 BB B0 B0 A1 A1 AD A1 AD A1 B9
ayane12.bin,130,20,22,21,中文更长,是,1,1,1,1,否,否,@f1A0317「……彩音」,@f1A0317「……彩音。」,40 66 31 41 30 33 31 37 81 75 81 63 81 63 8D CA 89 B9 81 76,40 66 31 41 30 33 31 37 A1 B8 A1 AD A1 AD B2 CA D2 F4 A1 A3 A1 B9
ayane12.bin,139,72,80,73,中文更长,是,0,0,0,0,否,否,今まで俺は小隊の仲間たちがイイ奴揃いなのは救いだとばかり思っていた……。,至今为止，我一直认为幸好小队的同伴们都是不错的家伙，所以我才能够像现在这样……。,8D A1 82 DC 82 C5 89 B4 82 CD 8F AC 91 E0 82 CC 92 87 8A D4 82 BD 82 BF 82 AA 83 43 83 43 93 7A 91 B5 82 A2 82 C8 82 CC 82 CD 8B 7E 82 A2 82 BE 82 C6 82 CE 82 A9 82 E8 8E 76 82 C1 82 C4 82 A2 82 BD 81 63 81 63 81 42,D6 C1 BD F1 CE AA D6 B9 A3 AC CE D2 D2 BB D6 B1 C8 CF CE AA D0 D2 BA C3 D0 A1 B6 D3 B5 C4 CD AC B0 E9 C3 C7 B6 BC CA C7 B2 BB B4 ED B5 C4 BC D2 BB EF A3 AC CB F9 D2 D4 CE D2 B2 C5 C4 DC B9 BB CF F1 CF D6 D4 DA D5 E2 D1 F9 A1 AD A1 AD A1 A3
ayane12.bin,150,36,38,37,中文更长,是,1,1,1,1,否,否,@v102268@f2A0225「……止めないのね」,@v102268@f2A0225「……不来制止我吗。」,40 76 31 30 32 32 36 38 40 66 32 41 30 32 32 35 81 75 81 63 81 63 8E 7E 82 DF 82 C8 82 A2 82 CC 82 CB 81 76,40 76 31 30 32 32 36 38 40 66 32 41 30 32 32 35 A1 B8 A1 AD A1 AD B2 BB C0 B4 D6 C6 D6 B9 CE D2 C2 F0 A1 A3 A1 B9
ayane12.bin,152,40,42,41,中文更长,是,1,1,1,1,否,否,@f1A0302「……彩音、一つ聞いていいか？」,@f1A0302「……彩音，我可以问你一件事吗？」,40 66 31 41 30 33 30 32 81 75 81 63 81 63 8D CA 89 B9 81 41 88 EA 82 C2 95 B7 82 A2 82 C4 82 A2 82 A2 82 A9 81 48 81 76,40 66 31 41 30 33 30 32 A1 B8 A1 AD A1 AD B2 CA D2 F4 A3 AC CE D2 BF C9 D2 D4 CE CA C4 E3 D2 BB BC FE CA C2 C2 F0 A3 BF A1 B9
ayane12.bin,174,26,30,27,中文更长,是,1,1,1,1,否,否,@v102276@f2B0226「……透」,@v102276@f2B0226「……透……」,40 76 31 30 32 32 37 36 40 66 32 42 30 32 32 36 81 75 81 63 81 63 93 A7 81 76,40 76 31 30 32 32 37 36 40 66 32 42 30 32 32 36 A1 B8 A1 AD A1 AD CD B8 A1 AD A1 AD A1 B9
ayane12.bin,196,26,30,27,中文更长,是,1,1,1,1,否,否,@v102283@f2B0201「……透」,@v102283@f2B0201「……透……」,40 76 31 30 32 32 38 33 40 66 32 42 30 32 30 31 81 75 81 63 81 63 93 A7 81 76,40 76 31 30 32 32 38 33 40 66 32 42 30 32 30 31 A1 B8 A1 AD A1 AD CD B8 A1 AD A1 AD A1 B9
ayane13.bin,29,24,26,25,中文更长,是,1,1,1,1,否,否,@f1A0302「……わかった」,@f1A0302「……我知道了。」,40 66 31 41 30 33 30 32 81 75 81 63 81 63 82 ED 82 A9 82 C1 82 BD 81 76,40 66 31 41 30 33 30 32 A1 B8 A1 AD A1 AD CE D2 D6 AA B5 C0 C1 CB A1 A3 A1 B9
ayane13.bin,80,12,14,13,中文更长,是,1,1,1,1,否,否,「……彩音」,「……彩音。」,81 75 81 63 81 63 8D CA 89 B9 81 76,A1 B8 A1 AD A1 AD B2 CA D2 F4 A1 A3 A1 B9
ayane13.bin,84,18,22,19,中文更长,是,1,1,1,1,否,否,@v102315「……透」,@v102315「……透……」,40 76 31 30 32 33 31 35 81 75 81 63 81 63 93 A7 81 76,40 76 31 30 32 33 31 35 A1 B8 A1 AD A1 AD CD B8 A1 AD A1 AD A1 B9
ayane13.bin,198,38,40,39,中文更长,是,1,1,1,1,否,否,@v102358@f1A0212「……こ、こいつっ！」,@v102358@f1A0212「……你，你这个家伙！」,40 76 31 30 32 33 35 38 40 66 31 41 30 32 31 32 81 75 81 63 81 63 82 B1 81 41 82 B1 82 A2 82 C2 82 C1 81 49 81 76,40 76 31 30 32 33 35 38 40 66 31 41 30 32 31 32 A1 B8 A1 AD A1 AD C4 E3 A3 AC C4 E3 D5 E2 B8 F6 BC D2 BB EF A3 A1 A1 B9
ayane13.bin,245,22,24,23,中文更长,是,1,1,1,1,否,否,@f1A0326「……そんな」,@f1A0326「……怎么……」,40 66 31 41 30 33 32 36 81 75 81 63 81 63 82 BB 82 F1 82 C8 81 76,40 66 31 41 30 33 32 36 A1 B8 A1 AD A1 AD D4 F5 C3 B4 A1 AD A1 AD A1 B9
ayane14.bin,71,20,24,21,中文更长,是,1,1,1,1,否,否,@f1A0113「……彩音」,@f1A0113「……彩音……」,40 66 31 41 30 31 31 33 81 75 81 63 81 63 8D CA 89 B9 81 76,40 66 31 41 30 31 31 33 A1 B8 A1 AD A1 AD B2 CA D2 F4 A1 AD A1 AD A1 B9
ayane15.bin,31,34,36,35,中文更长,是,1,1,1,1,否,否,@v102438@f1A0202「……調べてみる」,@v102438@f1A0202「……我调查看看。」,40 76 31 30 32 34 33 38 40 66 31 41 30 32 30 32 81 75 81 63 81 63 92 B2 82 D7 82 C4 82 DD 82 E9 81 76,40 76 31 30 32 34 33 38 40 66 31 41 30 32 30 32 A1 B8 A1 AD A1 AD CE D2 B5 F7 B2 E9 BF B4 BF B4 A1 A3 A1 B9
ayane16.bin,30,20,22,21,中文更长,是,1,1,1,1,否,否,@f1A0313「……彩音」,@f1A0313「……彩音。」,40 66 31 41 30 33 31 33 81 75 81 63 81 63 8D CA 89 B9 81 76,40 66 31 41 30 33 31 33 A1 B8 A1 AD A1 AD B2 CA D2 F4 A1 A3 A1 B9
ayane16.bin,54,24,26,25,中文更长,是,1,1,1,1,否,否,@v102471「………お願い」,@v102471「……求求你……」,40 76 31 30 32 34 37 31 81 75 81 63 81 63 81 63 82 A8 8A E8 82 A2 81 76,40 76 31 30 32 34 37 31 A1 B8 A1 AD A1 AD C7 F3 C7 F3 C4 E3 A1 AD A1 AD A1 B9
ayane16.bin,56,58,62,59,中文更长,是,0,0,0,0,否,否,……照れ臭さを感じつつ、俺は思い切って想いを口にする……。,……我感到有些难为情，我下定了决心，将自己的心情说了出来……。,81 63 81 63 8F C6 82 EA 8F 4C 82 B3 82 F0 8A B4 82 B6 82 C2 82 C2 81 41 89 B4 82 CD 8E 76 82 A2 90 D8 82 C1 82 C4 91 7A 82 A2 82 F0 8C FB 82 C9 82 B7 82 E9 81 63 81 63 81 42,A1 AD A1 AD CE D2 B8 D0 B5 BD D3 D0 D0 A9 C4 D1 CE AA C7 E9 A3 AC CE D2 CF C2 B6 A8 C1 CB BE F6 D0 C4 A3 AC BD AB D7 D4 BC BA B5 C4 D0 C4 C7 E9 CB B5 C1 CB B3 F6 C0 B4 A1 AD A1 AD A1 A3
ayane16.bin,76,26,30,27,中文更长,是,1,1,1,1,否,否,@v102478@f1A0217「……透」,@v102478@f1A0217「……透……」,40 76 31 30 32 34 37 38 40 66 31 41 30 32 31 37 81 75 81 63 81 63 93 A7 81 76,40 76 31 30 32 34 37 38 40 66 31 41 30 32 31 37 A1 B8 A1 AD A1 AD CD B8 A1 AD A1 AD A1 B9
ayane17.bin,30,90,98,91,中文更长,是,0,0,0,0,否,否,舌先に感じる柔らかな突起……汗の味のする乳首は、舐めるほどに固く、汗の味を増してゆく……。,我的舌尖感受着她柔软的突起……乳头带有汗水的味道，随着我的舔舐变得坚硬，汗水的味道也逐渐增加……。,90 E3 90 E6 82 C9 8A B4 82 B6 82 E9 8F 5F 82 E7 82 A9 82 C8 93 CB 8B 4E 81 63 81 63 8A BE 82 CC 96 A1 82 CC 82 B7 82 E9 93 FB 8E F1 82 CD 81 41 E4 72 82 DF 82 E9 82 D9 82 C7 82 C9 8C C5 82 AD 81 41 8A BE 82 CC 96 A1 82 F0 91 9D 82 B5 82 C4 82 E4 82 AD 81 63 81 63 81 42,CE D2 B5 C4 C9 E0 BC E2 B8 D0 CA DC D7 C5 CB FD C8 E1 C8 ED B5 C4 CD BB C6 F0 A1 AD A1 AD C8 E9 CD B7 B4 F8 D3 D0 BA B9 CB AE B5 C4 CE B6 B5 C0 A3 AC CB E6 D7 C5 CE D2 B5 C4 CC F2 F3 C2 B1 E4 B5 C3 BC E1 D3 B2 A3 AC BA B9 CB AE B5 C4 CE B6 B5 C0 D2 B2 D6 F0 BD A5 D4 F6 BC D3 A1 AD A1 AD A1 A3
ayane17.bin,186,53,59,54,中文更长,是,1,1,1,1,否,否,@v102546@m1「……大丈夫、透になら殺されてもいい……」,@v102546@m1「……没事的，如果对方是透，我被杀掉都可以……」,40 76 31 30 32 35 34 36 40 6D 31 81 75 81 63 81 63 91 E5 8F E4 95 76 81 41 93 A7 82 C9 82 C8 82 E7 8E 45 82 B3 82 EA 82 C4 82 E0 82 A2 82 A2 81 63 81 63 81 76,40 76 31 30 32 35 34 36 40 6D 31 A1 B8 A1 AD A1 AD C3 BB CA C2 B5 C4 A3 AC C8 E7 B9 FB B6 D4 B7 BD CA C7 CD B8 A3 AC CE D2 B1 BB C9 B1 B5 F4 B6 BC BF C9 D2 D4 A1 AD A1 AD A1 B9
ayane18.bin,0,18,22,19,中文更长,是,1,1,1,1,否,否,@v102547「……透」,@v102547「……透……」,40 76 31 30 32 35 34 37 81 75 81 63 81 63 93 A7 81 76,40 76 31 30 32 35 34 37 A1 B8 A1 AD A1 AD CD B8 A1 AD A1 AD A1 B9
ayane18.bin,33,26,30,27,中文更长,是,1,1,1,1,否,否,「……ごめん……つい……」,「……对不起……我不小心……」,81 75 81 63 81 63 82 B2 82 DF 82 F1 81 63 81 63 82 C2 82 A2 81 63 81 63 81 76,A1 B8 A1 AD A1 AD B6 D4 B2 BB C6 F0 A1 AD A1 AD CE D2 B2 BB D0 A1 D0 C4 A1 AD A1 AD A1 B9
ayane18.bin,60,66,70,67,中文更长,是,1,1,1,1,否,否,「すました顔をして……凄いんだな、彩音って……信じられないよ……」,「脸上好像没什么事情一样……湿成这样好厉害啊，彩音……难以置信啊……」,81 75 82 B7 82 DC 82 B5 82 BD 8A E7 82 F0 82 B5 82 C4 81 63 81 63 90 A6 82 A2 82 F1 82 BE 82 C8 81 41 8D CA 89 B9 82 C1 82 C4 81 63 81 63 90 4D 82 B6 82 E7 82 EA 82 C8 82 A2 82 E6 81 63 81 63 81 76,A1 B8 C1 B3 C9 CF BA C3 CF F1 C3 BB CA B2 C3 B4 CA C2 C7 E9 D2 BB D1 F9 A1 AD A1 AD CA AA B3 C9 D5 E2 D1 F9 BA C3 C0 F7 BA A6 B0 A1 A3 AC B2 CA D2 F4 A1 AD A1 AD C4 D1 D2 D4 D6 C3 D0 C5 B0 A1 A1 AD A1 AD A1 B9
ayane19.bin,16,40,42,41,中文更长,是,1,1,1,1,否,否,@v102627@f2B0201「……なに？……ここ？」,@v102627@f2B0201「……什么？……这里是？」,40 76 31 30 32 36 32 37 40 66 32 42 30 32 30 31 81 75 81 63 81 63 82 C8 82 C9 81 48 81 63 81 63 82 B1 82 B1 81 48 81 76,40 76 31 30 32 36 32 37 40 66 32 42 30 32 30 31 A1 B8 A1 AD A1 AD CA B2 C3 B4 A3 BF A1 AD A1 AD D5 E2 C0 EF CA C7 A3 BF A1 B9
ayane19.bin,107,26,28,27,中文更长,是,1,1,1,1,否,否,@v102665「…………ううっ」,@v102665「…………呜呜……」,40 76 31 30 32 36 36 35 81 75 81 63 81 63 81 63 81 63 82 A4 82 A4 82 C1 81 76,40 76 31 30 32 36 36 35 A1 B8 A1 AD A1 AD A1 AD A1 AD CE D8 CE D8 A1 AD A1 AD A1 B9
ayane20.bin,1,28,30,29,中文更长,是,1,1,1,1,否,否,@v102693@f1A0217「………透」,@v102693@f1A0217「……透……」,40 76 31 30 32 36 39 33 40 66 31 41 30 32 31 37 81 75 81 63 81 63 81 63 93 A7 81 76,40 76 31 30 32 36 39 33 40 66 31 41 30 32 31 37 A1 B8 A1 AD A1 AD CD B8 A1 AD A1 AD A1 B9
ayane21.bin,40,10,12,11,中文更长,是,0,0,0,0,否,否,当然、殺す,当然要杀掉。,93 96 91 52 81 41 8E 45 82 B7,B5 B1 C8 BB D2 AA C9 B1 B5 F4 A1 A3
ayane22.bin,31,28,30,29,中文更长,是,1,1,1,1,否,否,@v102774@f1B0101「………透」,@v102774@f1B0101「……透……」,40 76 31 30 32 37 37 34 40 66 31 42 30 31 30 31 81 75 81 63 81 63 81 63 93 A7 81 76,40 76 31 30 32 37 37 34 40 66 31 42 30 31 30 31 A1 B8 A1 AD A1 AD CD B8 A1 AD A1 AD A1 B9
ayane22.bin,33,80,82,81,中文更长,是,1,1,1,1,否,否,@v102775@f2A0114「主賓の片割れが登場だ……さあ、彩音、駆けつけ三杯は基本だぜ？」,@v102775@f2A0114「另一个主宾登场啦……来，彩音，晚到的要喝三杯，这是基本规则哦？」,40 76 31 30 32 37 37 35 40 66 32 41 30 31 31 34 81 75 8E E5 95 6F 82 CC 95 D0 8A 84 82 EA 82 AA 93 6F 8F EA 82 BE 81 63 81 63 82 B3 82 A0 81 41 8D CA 89 B9 81 41 8B EC 82 AF 82 C2 82 AF 8E 4F 94 74 82 CD 8A EE 96 7B 82 BE 82 BA 81 48 81 76,40 76 31 30 32 37 37 35 40 66 32 41 30 31 31 34 A1 B8 C1 ED D2 BB B8 F6 D6 F7 B1 F6 B5 C7 B3 A1 C0 B2 A1 AD A1 AD C0 B4 A3 AC B2 CA D2 F4 A3 AC CD ED B5 BD B5 C4 D2 AA BA C8 C8 FD B1 AD A3 AC D5 E2 CA C7 BB F9 B1 BE B9 E6 D4 F2 C5 B6 A3 BF A1 B9
ayane22.bin,51,28,30,29,中文更长,是,1,1,1,1,否,否,@v102785@f1A0104「………透」,@v102785@f1A0104「……透……」,40 76 31 30 32 37 38 35 40 66 31 41 30 31 30 34 81 75 81 63 81 63 81 63 93 A7 81 76,40 76 31 30 32 37 38 35 40 66 31 41 30 31 30 34 A1 B8 A1 AD A1 AD CD B8 A1 AD A1 AD A1 B9
ayane23.bin,25,28,30,29,中文更长,是,1,1,1,1,否,否,@v102797「……出して……透」,@v102797「……射吧……透……」,40 76 31 30 32 37 39 37 81 75 81 63 81 63 8F 6F 82 B5 82 C4 81 63 81 63 93 A7 81 76,40 76 31 30 32 37 39 37 A1 B8 A1 AD A1 AD C9 E4 B0 C9 A1 AD A1 AD CD B8 A1 AD A1 AD A1 B9
ayane23.bin,35,30,32,31,中文更长,是,1,1,1,1,否,否,@v102801@f1A0101「……なに？」,@v102801@f1A0101「……什么事？」,40 76 31 30 32 38 30 31 40 66 31 41 30 31 30 31 81 75 81 63 81 63 82 C8 82 C9 81 48 81 76,40 76 31 30 32 38 30 31 40 66 31 41 30 31 30 31 A1 B8 A1 AD A1 AD CA B2 C3 B4 CA C2 A3 BF A1 B9
ayane24.bin,9,26,30,27,中文更长,是,1,1,1,1,否,否,@v102816@f1A0228「……透」,@v102816@f1A0228「……透……」,40 76 31 30 32 38 31 36 40 66 31 41 30 32 32 38 81 75 81 63 81 63 93 A7 81 76,40 76 31 30 32 38 31 36 40 66 31 41 30 32 32 38 A1 B8 A1 AD A1 AD CD B8 A1 AD A1 AD A1 B9
ayane24.bin,35,28,30,29,中文更长,是,1,1,1,1,否,否,@v102823@f1C0217「………透」,@v102823@f1C0217「……透……」,40 76 31 30 32 38 32 33 40 66 31 43 30 32 31 37 81 75 81 63 81 63 81 63 93 A7 81 76,40 76 31 30 32 38 32 33 40 66 31 43 30 32 31 37 A1 B8 A1 AD A1 AD CD B8 A1 AD A1 AD A1 B9
ayane27.bin,2,28,30,29,中文更长,是,1,1,1,1,否,否,@v102833@f1A0205「………透」,@v102833@f1A0205「……透……」,40 76 31 30 32 38 33 33 40 66 31 41 30 32 30 35 81 75 81 63 81 63 81 63 93 A7 81 76,40 76 31 30 32 38 33 33 40 66 31 41 30 32 30 35 A1 B8 A1 AD A1 AD CD B8 A1 AD A1 AD A1 B9
ayane29.bin,2,20,22,21,中文更长,是,1,1,1,1,否,否,@v102839「………透」,@v102839「……透……」,40 76 31 30 32 38 33 39 81 75 81 63 81 63 81 63 93 A7 81 76,40 76 31 30 32 38 33 39 A1 B8 A1 AD A1 AD CD B8 A1 AD A1 AD A1 B9
ayane31.bin,21,23,25,24,中文更长,是,1,1,1,1,否,否,@v102962@m1「………透」,@v102962@m1「……透……」,40 76 31 30 32 39 36 32 40 6D 31 81 75 81 63 81 63 81 63 93 A7 81 76,40 76 31 30 32 39 36 32 40 6D 31 A1 B8 A1 AD A1 AD CD B8 A1 AD A1 AD A1 B9
ayane31.bin,32,16,20,17,中文更长,是,1,1,1,1,否,否,「…………彩音」,「…………彩音……」,81 75 81 63 81 63 81 63 81 63 8D CA 89 B9 81 76,A1 B8 A1 AD A1 AD A1 AD A1 AD B2 CA D2 F4 A1 AD A1 AD A1 B9
ayane31.bin,53,37,41,38,中文更长,是,1,1,1,1,否,否,@v102973@m0「……召されたよ、永遠に」,@v102973@m0「……被主神召唤了，永远地。」,40 76 31 30 32 39 37 33 40 6D 30 81 75 81 63 81 63 8F A2 82 B3 82 EA 82 BD 82 E6 81 41 89 69 89 93 82 C9 81 76,40 76 31 30 32 39 37 33 40 6D 30 A1 B8 A1 AD A1 AD B1 BB D6 F7 C9 F1 D5 D9 BB BD C1 CB A3 AC D3 C0 D4 B6 B5 D8 A1 A3 A1 B9
ayane32.bin,27,23,25,24,中文更长,是,1,1,1,1,否,否,@v102995@m0「………透」,@v102995@m0「……透……」,40 76 31 30 32 39 39 35 40 6D 30 81 75 81 63 81 63 81 63 93 A7 81 76,40 76 31 30 32 39 39 35 40 6D 30 A1 B8 A1 AD A1 AD CD B8 A1 AD A1 AD A1 B9
ayane32.bin,38,16,20,17,中文更长,是,1,1,1,1,否,否,「…………彩音」,「…………彩音……」,81 75 81 63 81 63 81 63 81 63 8D CA 89 B9 81 76,A1 B8 A1 AD A1 AD A1 AD A1 AD B2 CA D2 F4 A1 AD A1 AD A1 B9
ayane32.bin,73,24,26,25,中文更长,是,1,1,1,1,否,否,@v103010「……大丈夫？」,@v103010「……你还好吧？」,40 76 31 30 33 30 31 30 81 75 81 63 81 63 91 E5 8F E4 95 76 81 48 81 76,40 76 31 30 33 30 31 30 A1 B8 A1 AD A1 AD C4 E3 BB B9 BA C3 B0 C9 A3 BF A1 B9
ayane32.bin,79,20,24,21,中文更长,是,1,1,1,1,否,否,@f1A0317「……彩音」,@f1A0317「……彩音……」,40 66 31 41 30 33 31 37 81 75 81 63 81 63 8D CA 89 B9 81 76,40 66 31 41 30 33 31 37 A1 B8 A1 AD A1 AD B2 CA D2 F4 A1 AD A1 AD A1 B9
ayane32.bin,95,28,30,29,中文更长,是,1,1,1,1,否,否,@v103019@f2B0201「………透」,@v103019@f2B0201「……透……」,40 76 31 30 33 30 31 39 40 66 32 42 30 32 30 31 81 75 81 63 81 63 81 63 93 A7 81 76,40 76 31 30 33 30 31 39 40 66 32 42 30 32 30 31 A1 B8 A1 AD A1 AD CD B8 A1 AD A1 AD A1 B9
bachelor01.bin,48,40,42,41,中文更长,是,1,1,1,1,否,否,@v106282「無理言わないでよ……バイバイ」,@v106282「别说这种做不到的事啊……拜拜～」,40 76 31 30 36 32 38 32 81 75 96 B3 97 9D 8C BE 82 ED 82 C8 82 A2 82 C5 82 E6 81 63 81 63 83 6F 83 43 83 6F 83 43 81 76,40 76 31 30 36 32 38 32 A1 B8 B1 F0 CB B5 D5 E2 D6 D6 D7 F6 B2 BB B5 BD B5 C4 CA C2 B0 A1 A1 AD A1 AD B0 DD B0 DD A1 AB A1 B9
bachelor01.bin,89,112,113,113,中文更长,否,1,1,1,1,否,否,@v106299@f2A0109「いや、アイツは悪どい@r商売@ビズ@で成金引退してる……@w4989@f2A0106『ヒッピー・ジョフス』は？」,@v106299@f2A0109「呃，那家伙做了恶德@r生意@Busy@之后，已经作为暴发户引退了……@w4989@f2A0106『嬉皮 乔布斯』呢？」,40 76 31 30 36 32 39 39 40 66 32 41 30 31 30 39 81 75 82 A2 82 E2 81 41 83 41 83 43 83 63 82 CD 88 AB 82 C7 82 A2 40 72 8F A4 94 84 40 83 72 83 59 40 82 C5 90 AC 8B E0 88 F8 91 DE 82 B5 82 C4 82 E9 81 63 81 63 40 77 34 39 38 39 40 66 32 41 30 31 30 36 81 77 83 71 83 62 83 73 81 5B 81 45 83 57 83 87 83 74 83 58 81 78 82 CD 81 48 81 76,40 76 31 30 36 32 39 39 40 66 32 41 30 31 30 39 A1 B8 DF C0 A3 AC C4 C7 BC D2 BB EF D7 F6 C1 CB B6 F1 B5 C2 40 72 C9 FA D2 E2 40 42 75 73 79 40 D6 AE BA F3 A3 AC D2 D1 BE AD D7 F7 CE AA B1 A9 B7 A2 BB A7 D2 FD CD CB C1 CB A1 AD A1 AD 40 77 34 39 38 39 40 66 32 41 30 31 30 36 A1 BA E6 D2 C6 A4 20 C7 C7 B2 BC CB B9 A1 BB C4 D8 A3 BF A1 B9
bachelor03.bin,24,34,38,35,中文更长,是,1,1,1,1,否,否,@f1A0302「……必要ならやるだけさ」,@f1A0302「……有必要的话，我会做的。」,40 66 31 41 30 33 30 32 81 75 81 63 81 63 95 4B 97 76 82 C8 82 E7 82 E2 82 E9 82 BE 82 AF 82 B3 81 76,40 66 31 41 30 33 30 32 A1 B8 A1 AD A1 AD D3 D0 B1 D8 D2 AA B5 C4 BB B0 A3 AC CE D2 BB E1 D7 F6 B5 C4 A1 A3 A1 B9
bachelor03.bin,48,32,34,33,中文更长,是,1,1,1,1,否,否,@f1A0302「わかった。今行く……」,@f1A0302「我知道了。现在就去……」,40 66 31 41 30 33 30 32 81 75 82 ED 82 A9 82 C1 82 BD 81 42 8D A1 8D 73 82 AD 81 63 81 63 81 76,40 66 31 41 30 33 30 32 A1 B8 CE D2 D6 AA B5 C0 C1 CB A1 A3 CF D6 D4 DA BE CD C8 A5 A1 AD A1 AD A1 B9
bachelor03.bin,50,48,50,49,中文更长,是,1,1,1,1,否,否,@v106337@f1B0121「……私も招集がかかっちゃった」,@v106337@f1B0121「……我也收到紧急集合的通知了。」,40 76 31 30 36 33 33 37 40 66 31 42 30 31 32 31 81 75 81 63 81 63 8E 84 82 E0 8F B5 8F 57 82 AA 82 A9 82 A9 82 C1 82 BF 82 E1 82 C1 82 BD 81 76,40 76 31 30 36 33 33 37 40 66 31 42 30 31 32 31 A1 B8 A1 AD A1 AD CE D2 D2 B2 CA D5 B5 BD BD F4 BC B1 BC AF BA CF B5 C4 CD A8 D6 AA C1 CB A1 A3 A1 B9
bachelor04.bin,10,8,10,9,中文更长,是,0,0,0,0,否,否,保安担当,保安负责人,95 DB 88 C0 92 53 93 96,B1 A3 B0 B2 B8 BA D4 F0 C8 CB
bachelor05.bin,50,34,36,35,中文更长,是,1,1,1,1,否,否,@v100953@f1A0200「……早かったな」,@v100953@f1A0200「……你们很快啊。」,40 76 31 30 30 39 35 33 40 66 31 41 30 32 30 30 81 75 81 63 81 63 91 81 82 A9 82 C1 82 BD 82 C8 81 76,40 76 31 30 30 39 35 33 40 66 31 41 30 32 30 30 A1 B8 A1 AD A1 AD C4 E3 C3 C7 BA DC BF EC B0 A1 A1 A3 A1 B9
bachelor06.bin,45,74,77,75,中文更长,否,0,0,0,0,否,否,……そして、@r高解像度視力@ハイレゾ@は頬を流れる悔し涙を映してしまう……。,……并且，@r高分辨率视力@High Resolution@中映出了她的脸颊上不甘心的眼泪……。,81 63 81 63 82 BB 82 B5 82 C4 81 41 40 72 8D 82 89 F0 91 9C 93 78 8E 8B 97 CD 40 83 6E 83 43 83 8C 83 5D 40 82 CD 96 6A 82 F0 97 AC 82 EA 82 E9 89 F7 82 B5 97 DC 82 F0 89 66 82 B5 82 C4 82 B5 82 DC 82 A4 81 63 81 63 81 42,A1 AD A1 AD B2 A2 C7 D2 A3 AC 40 72 B8 DF B7 D6 B1 E6 C2 CA CA D3 C1 A6 40 48 69 67 68 20 52 65 73 6F 6C 75 74 69 6F 6E 40 D6 D0 D3 B3 B3 F6 C1 CB CB FD B5 C4 C1 B3 BC D5 C9 CF B2 BB B8 CA D0 C4 B5 C4 D1 DB C0 E1 A1 AD A1 AD A1 A3
bachelor06.bin,158,24,26,25,中文更长,是,1,1,1,1,否,否,@f1A0302「…………はい」,@f1A0302「…………是……」,40 66 31 41 30 33 30 32 81 75 81 63 81 63 81 63 81 63 82 CD 82 A2 81 76,40 66 31 41 30 33 30 32 A1 B8 A1 AD A1 AD A1 AD A1 AD CA C7 A1 AD A1 AD A1 B9
bachelor09.bin,58,32,34,33,中文更长,是,1,1,1,1,否,否,@v106506@f3D0102「……よかった」,@v106506@f3D0102「……太好了……」,40 76 31 30 36 35 30 36 40 66 33 44 30 31 30 32 81 75 81 63 81 63 82 E6 82 A9 82 C1 82 BD 81 76,40 76 31 30 36 35 30 36 40 66 33 44 30 31 30 32 A1 B8 A1 AD A1 AD CC AB BA C3 C1 CB A1 AD A1 AD A1 B9
bachelor09.bin,74,24,26,25,中文更长,是,1,1,1,1,否,否,@f1A0113「………みのり」,@f1A0113「……美野里……」,40 66 31 41 30 31 31 33 81 75 81 63 81 63 81 63 82 DD 82 CC 82 E8 81 76,40 66 31 41 30 31 31 33 A1 B8 A1 AD A1 AD C3 C0 D2 B0 C0 EF A1 AD A1 AD A1 B9
bachelor10.bin,68,26,28,27,中文更长,是,1,1,1,1,否,否,@f1A0311「彩音……交替だ」,@f1A0311「彩音……我换你。」,40 66 31 41 30 33 31 31 81 75 8D CA 89 B9 81 63 81 63 8C F0 91 D6 82 BE 81 76,40 66 31 41 30 33 31 31 A1 B8 B2 CA D2 F4 A1 AD A1 AD CE D2 BB BB C4 E3 A1 A3 A1 B9
bachelor11.bin,66,30,34,31,中文更长,是,1,1,1,1,否,否,@v106601「……相馬、耳をかせ」,@v106601「……相马，耳朵靠过来。」,40 76 31 30 36 36 30 31 81 75 81 63 81 63 91 8A 94 6E 81 41 8E A8 82 F0 82 A9 82 B9 81 76,40 76 31 30 36 36 30 31 A1 B8 A1 AD A1 AD CF E0 C2 ED A3 AC B6 FA B6 E4 BF BF B9 FD C0 B4 A1 A3 A1 B9
bachelor11.bin,79,70,72,71,中文更长,是,1,1,1,1,否,否,@f1A0324「しかし、@r現実@リアル@での犯人逮捕は我々の管轄外では……？」,@f1A0324「可是，在@r现实@Real@中逮捕犯人，不属于我们的管辖范围啊……？」,40 66 31 41 30 33 32 34 81 75 82 B5 82 A9 82 B5 81 41 40 72 8C BB 8E C0 40 83 8A 83 41 83 8B 40 82 C5 82 CC 94 C6 90 6C 91 DF 95 DF 82 CD 89 E4 81 58 82 CC 8A C7 8A 8D 8A 4F 82 C5 82 CD 81 63 81 63 81 48 81 76,40 66 31 41 30 33 32 34 A1 B8 BF C9 CA C7 A3 AC D4 DA 40 72 CF D6 CA B5 40 52 65 61 6C 40 D6 D0 B4 FE B2 B6 B7 B8 C8 CB A3 AC B2 BB CA F4 D3 DA CE D2 C3 C7 B5 C4 B9 DC CF BD B7 B6 CE A7 B0 A1 A1 AD A1 AD A3 BF A1 B9
bachelor13.bin,29,58,88,59,中文更长,是,1,1,1,1,否,否,@v106665@f3A0107「正にマーフィーの法則そのまんまだね……」,@v106665@f3A0107「这完全就是墨菲法则啊……（译者按：认为凡有可能出差错的事终将出错。）」,40 76 31 30 36 36 36 35 40 66 33 41 30 31 30 37 81 75 90 B3 82 C9 83 7D 81 5B 83 74 83 42 81 5B 82 CC 96 40 91 A5 82 BB 82 CC 82 DC 82 F1 82 DC 82 BE 82 CB 81 63 81 63 81 76,40 76 31 30 36 36 36 35 40 66 33 41 30 31 30 37 A1 B8 D5 E2 CD EA C8 AB BE CD CA C7 C4 AB B7 C6 B7 A8 D4 F2 B0 A1 A1 AD A1 AD A3 A8 D2 EB D5 DF B0 B4 A3 BA C8 CF CE AA B7 B2 D3 D0 BF C9 C4 DC B3 F6 B2 EE B4 ED B5 C4 CA C2 D6 D5 BD AB B3 F6 B4 ED A1 A3 A3 A9 A1 B9
bachelor13.bin,63,42,44,43,中文更长,是,1,1,1,1,否,否,@v106682@f1A0203「敵、第一波接近中……！」,@v106682@f1A0203「敌人，第一波接近中……！」,40 76 31 30 36 36 38 32 40 66 31 41 30 32 30 33 81 75 93 47 81 41 91 E6 88 EA 94 67 90 DA 8B DF 92 86 81 63 81 63 81 49 81 76,40 76 31 30 36 36 38 32 40 66 31 41 30 32 30 33 A1 B8 B5 D0 C8 CB A3 AC B5 DA D2 BB B2 A8 BD D3 BD FC D6 D0 A1 AD A1 AD A3 A1 A1 B9
bachelor13.bin,67,52,54,53,中文更长,是,1,1,1,1,否,否,@v106684@f1A0202「悔しいけど、そろそろ限界ね……！」,@v106684@f1A0202「虽然很不甘心，但也快到极限了……！」,40 76 31 30 36 36 38 34 40 66 31 41 30 32 30 32 81 75 89 F7 82 B5 82 A2 82 AF 82 C7 81 41 82 BB 82 EB 82 BB 82 EB 8C C0 8A 45 82 CB 81 63 81 63 81 49 81 76,40 76 31 30 36 36 38 34 40 66 31 41 30 32 30 32 A1 B8 CB E4 C8 BB BA DC B2 BB B8 CA D0 C4 A3 AC B5 AB D2 B2 BF EC B5 BD BC AB CF DE C1 CB A1 AD A1 AD A3 A1 A1 B9
bachelor13.bin,72,28,30,29,中文更长,是,0,0,0,0,否,否,……が、何も起こらない……。,……但是，什么也没有发生……。,81 63 81 63 82 AA 81 41 89 BD 82 E0 8B 4E 82 B1 82 E7 82 C8 82 A2 81 63 81 63 81 42,A1 AD A1 AD B5 AB CA C7 A3 AC CA B2 C3 B4 D2 B2 C3 BB D3 D0 B7 A2 C9 FA A1 AD A1 AD A1 A3
bachelor13.bin,144,48,52,49,中文更长,是,1,1,1,1,否,否,@v106725@f1A0203「みのり……外の敵の数は……？」,@v106725@f1A0203「美野里……外面敌人的数量呢……？」,40 76 31 30 36 37 32 35 40 66 31 41 30 32 30 33 81 75 82 DD 82 CC 82 E8 81 63 81 63 8A 4F 82 CC 93 47 82 CC 90 94 82 CD 81 63 81 63 81 48 81 76,40 76 31 30 36 37 32 35 40 66 31 41 30 32 30 33 A1 B8 C3 C0 D2 B0 C0 EF A1 AD A1 AD CD E2 C3 E6 B5 D0 C8 CB B5 C4 CA FD C1 BF C4 D8 A1 AD A1 AD A3 BF A1 B9
bachelor13.bin,149,44,46,45,中文更长,是,1,1,1,1,否,否,@f1A0311「……なんだよ、神妙な顔をして……」,@f1A0311「……怎么了，露出这么认真的表情……」,40 66 31 41 30 33 31 31 81 75 81 63 81 63 82 C8 82 F1 82 BE 82 E6 81 41 90 5F 96 AD 82 C8 8A E7 82 F0 82 B5 82 C4 81 63 81 63 81 76,40 66 31 41 30 33 31 31 A1 B8 A1 AD A1 AD D4 F5 C3 B4 C1 CB A3 AC C2 B6 B3 F6 D5 E2 C3 B4 C8 CF D5 E6 B5 C4 B1 ED C7 E9 A1 AD A1 AD A1 B9
bachelor13.bin,164,38,40,39,中文更长,是,1,1,1,1,否,否,@v106734@f1A0202「……親友の仇……？」,@v106734@f1A0202「……好友的仇人……？」,40 76 31 30 36 37 33 34 40 66 31 41 30 32 30 32 81 75 81 63 81 63 90 65 97 46 82 CC 8B 77 81 63 81 63 81 48 81 76,40 76 31 30 36 37 33 34 40 66 31 41 30 32 30 32 A1 B8 A1 AD A1 AD BA C3 D3 D1 B5 C4 B3 F0 C8 CB A1 AD A1 AD A3 BF A1 B9
bachelor13.bin,166,28,30,29,中文更长,是,1,1,1,1,否,否,@v106735@f1A0213「………透」,@v106735@f1A0213「……透……」,40 76 31 30 36 37 33 35 40 66 31 41 30 32 31 33 81 75 81 63 81 63 81 63 93 A7 81 76,40 76 31 30 36 37 33 35 40 66 31 41 30 32 31 33 A1 B8 A1 AD A1 AD CD B8 A1 AD A1 AD A1 B9
bachelor14.bin,2,32,34,33,中文更长,是,1,1,1,1,否,否,@f1A0102「この街も２回めか……」,@f1A0102「来这里也第二次了啊……」,40 66 31 41 30 31 30 32 81 75 82 B1 82 CC 8A 58 82 E0 82 51 89 F1 82 DF 82 A9 81 63 81 63 81 76,40 66 31 41 30 31 30 32 A1 B8 C0 B4 D5 E2 C0 EF D2 B2 B5 DA B6 FE B4 CE C1 CB B0 A1 A1 AD A1 AD A1 B9
bachelor14.bin,12,96,98,97,中文更长,是,1,1,1,1,否,否,@f1A0111「俺の事だけなら怒りはしないさ……隊長や彩音……他人を巻き添えにしたから怒ったんだ……」,@f1A0111「如果只是和我有关，我不会生气的……但队长和彩音……因为你把别人卷了进来，我才生气的……」,40 66 31 41 30 31 31 31 81 75 89 B4 82 CC 8E 96 82 BE 82 AF 82 C8 82 E7 93 7B 82 E8 82 CD 82 B5 82 C8 82 A2 82 B3 81 63 81 63 91 E0 92 B7 82 E2 8D CA 89 B9 81 63 81 63 91 BC 90 6C 82 F0 8A AA 82 AB 93 59 82 A6 82 C9 82 B5 82 BD 82 A9 82 E7 93 7B 82 C1 82 BD 82 F1 82 BE 81 63 81 63 81 76,40 66 31 41 30 31 31 31 A1 B8 C8 E7 B9 FB D6 BB CA C7 BA CD CE D2 D3 D0 B9 D8 A3 AC CE D2 B2 BB BB E1 C9 FA C6 F8 B5 C4 A1 AD A1 AD B5 AB B6 D3 B3 A4 BA CD B2 CA D2 F4 A1 AD A1 AD D2 F2 CE AA C4 E3 B0 D1 B1 F0 C8 CB BE ED C1 CB BD F8 C0 B4 A3 AC CE D2 B2 C5 C9 FA C6 F8 B5 C4 A1 AD A1 AD A1 B9
bachelor14.bin,47,54,56,55,中文更长,是,1,1,1,1,否,否,@v106779@f1A0115「そんな！……殺すつもりなんか……！」,@v106779@f1A0115「怎么会！……根本没有想过要杀掉……！」,40 76 31 30 36 37 37 39 40 66 31 41 30 31 31 35 81 75 82 BB 82 F1 82 C8 81 49 81 63 81 63 8E 45 82 B7 82 C2 82 E0 82 E8 82 C8 82 F1 82 A9 81 63 81 63 81 49 81 76,40 76 31 30 36 37 37 39 40 66 31 41 30 31 31 35 A1 B8 D4 F5 C3 B4 BB E1 A3 A1 A1 AD A1 AD B8 F9 B1 BE C3 BB D3 D0 CF EB B9 FD D2 AA C9 B1 B5 F4 A1 AD A1 AD A3 A1 A1 B9
bachelor16.bin,28,30,32,31,中文更长,是,1,1,1,1,否,否,@v106822@f1A0200「……ご苦労」,@v106822@f1A0200「……辛苦了。」,40 76 31 30 36 38 32 32 40 66 31 41 30 32 30 30 81 75 81 63 81 63 82 B2 8B EA 98 4A 81 76,40 76 31 30 36 38 32 32 40 66 31 41 30 32 30 30 A1 B8 A1 AD A1 AD D0 C1 BF E0 C1 CB A1 A3 A1 B9
bachelor18.bin,75,82,86,83,中文更长,是,0,0,0,0,否,否,こんどは沈黙に加えて険悪な空気が漂い始める……そして、今日何度目かの大きな溜め息。,这次在沉默之上，又飘出了险恶的氛围……于是，我用力叹气，这不知道是今天第多少次叹气了。,82 B1 82 F1 82 C7 82 CD 92 BE 96 D9 82 C9 89 C1 82 A6 82 C4 8C AF 88 AB 82 C8 8B F3 8B 43 82 AA 95 59 82 A2 8E 6E 82 DF 82 E9 81 63 81 63 82 BB 82 B5 82 C4 81 41 8D A1 93 FA 89 BD 93 78 96 DA 82 A9 82 CC 91 E5 82 AB 82 C8 97 AD 82 DF 91 A7 81 42,D5 E2 B4 CE D4 DA B3 C1 C4 AC D6 AE C9 CF A3 AC D3 D6 C6 AE B3 F6 C1 CB CF D5 B6 F1 B5 C4 B7 D5 CE A7 A1 AD A1 AD D3 DA CA C7 A3 AC CE D2 D3 C3 C1 A6 CC BE C6 F8 A3 AC D5 E2 B2 BB D6 AA B5 C0 CA C7 BD F1 CC EC B5 DA B6 E0 C9 D9 B4 CE CC BE C6 F8 C1 CB A1 A3
bachelor18.bin,94,106,110,107,中文更长,是,0,0,0,0,否,否,みのりは優しい目で戦いに熱中する２人を見ている……流石、元教師志望……問題児は放置しておけない性格らしい。,美野里用温柔的目光看着热衷于战斗的两个人……不愧是原来志愿当教师的人……似乎是那种无法放置问题儿童不管的性格。,82 DD 82 CC 82 E8 82 CD 97 44 82 B5 82 A2 96 DA 82 C5 90 ED 82 A2 82 C9 94 4D 92 86 82 B7 82 E9 82 51 90 6C 82 F0 8C A9 82 C4 82 A2 82 E9 81 63 81 63 97 AC 90 CE 81 41 8C B3 8B B3 8E 74 8E 75 96 5D 81 63 81 63 96 E2 91 E8 8E 99 82 CD 95 FA 92 75 82 B5 82 C4 82 A8 82 AF 82 C8 82 A2 90 AB 8A 69 82 E7 82 B5 82 A2 81 42,C3 C0 D2 B0 C0 EF D3 C3 CE C2 C8 E1 B5 C4 C4 BF B9 E2 BF B4 D7 C5 C8 C8 D6 D4 D3 DA D5 BD B6 B7 B5 C4 C1 BD B8 F6 C8 CB A1 AD A1 AD B2 BB C0 A2 CA C7 D4 AD C0 B4 D6 BE D4 B8 B5 B1 BD CC CA A6 B5 C4 C8 CB A1 AD A1 AD CB C6 BA F5 CA C7 C4 C7 D6 D6 CE DE B7 A8 B7 C5 D6 C3 CE CA CC E2 B6 F9 CD AF B2 BB B9 DC B5 C4 D0 D4 B8 F1 A1 A3
bachelor18.bin,122,72,76,73,中文更长,是,0,0,0,0,否,否,以前交わした会話……答えの判っている質問をされ、俺は一瞬答えに悩む……。,以前谈过的对话……对于她已经知道了答案的问题，我一瞬间不知道该如何回答……。,88 C8 91 4F 8C F0 82 ED 82 B5 82 BD 89 EF 98 62 81 63 81 63 93 9A 82 A6 82 CC 94 BB 82 C1 82 C4 82 A2 82 E9 8E BF 96 E2 82 F0 82 B3 82 EA 81 41 89 B4 82 CD 88 EA 8F 75 93 9A 82 A6 82 C9 94 59 82 DE 81 63 81 63 81 42,D2 D4 C7 B0 CC B8 B9 FD B5 C4 B6 D4 BB B0 A1 AD A1 AD B6 D4 D3 DA CB FD D2 D1 BE AD D6 AA B5 C0 C1 CB B4 F0 B0 B8 B5 C4 CE CA CC E2 A3 AC CE D2 D2 BB CB B2 BC E4 B2 BB D6 AA B5 C0 B8 C3 C8 E7 BA CE BB D8 B4 F0 A1 AD A1 AD A1 A3
bachelor19.bin,22,66,68,67,中文更长,是,1,1,1,1,否,否,@v106916@f1A0105「ごめんね……調整終わらせたら合流すっから……！」,@v106916@f1A0105「对不起哦……调整结束之后，我会去找你合流的……！」,40 76 31 30 36 39 31 36 40 66 31 41 30 31 30 35 81 75 82 B2 82 DF 82 F1 82 CB 81 63 81 63 92 B2 90 AE 8F 49 82 ED 82 E7 82 B9 82 BD 82 E7 8D 87 97 AC 82 B7 82 C1 82 A9 82 E7 81 63 81 63 81 49 81 76,40 76 31 30 36 39 31 36 40 66 31 41 30 31 30 35 A1 B8 B6 D4 B2 BB C6 F0 C5 B6 A1 AD A1 AD B5 F7 D5 FB BD E1 CA F8 D6 AE BA F3 A3 AC CE D2 BB E1 C8 A5 D5 D2 C4 E3 BA CF C1 F7 B5 C4 A1 AD A1 AD A3 A1 A1 B9
bachelor20.bin,39,34,38,35,中文更长,是,1,1,1,1,否,否,@v106959@f1H0113「な、なに……？」,@v106959@f1H0113「什，什么问题……？」,40 76 31 30 36 39 35 39 40 66 31 48 30 31 31 33 81 75 82 C8 81 41 82 C8 82 C9 81 63 81 63 81 48 81 76,40 76 31 30 36 39 35 39 40 66 31 48 30 31 31 33 A1 B8 CA B2 A3 AC CA B2 C3 B4 CE CA CC E2 A1 AD A1 AD A3 BF A1 B9
bachelor20.bin,46,48,50,49,中文更长,是,1,1,1,1,否,否,@v106962@f1G0113「言っても信じてくれないよ……」,@v106962@f1G0113「即使我说了，你也不会相信啊……」,40 76 31 30 36 39 36 32 40 66 31 47 30 31 31 33 81 75 8C BE 82 C1 82 C4 82 E0 90 4D 82 B6 82 C4 82 AD 82 EA 82 C8 82 A2 82 E6 81 63 81 63 81 76,40 76 31 30 36 39 36 32 40 66 31 47 30 31 31 33 A1 B8 BC B4 CA B9 CE D2 CB B5 C1 CB A3 AC C4 E3 D2 B2 B2 BB BB E1 CF E0 D0 C5 B0 A1 A1 AD A1 AD A1 B9
bachelor20.bin,184,52,54,53,中文更长,是,1,1,1,1,否,否,@v107011@f1C0122「あはは……もう大目玉確定だよ……」,@v107011@f1C0122「啊哈哈……已经肯定是会被训斥了……」,40 76 31 30 37 30 31 31 40 66 31 43 30 31 32 32 81 75 82 A0 82 CD 82 CD 81 63 81 63 82 E0 82 A4 91 E5 96 DA 8B CA 8A 6D 92 E8 82 BE 82 E6 81 63 81 63 81 76,40 76 31 30 37 30 31 31 40 66 31 43 30 31 32 32 A1 B8 B0 A1 B9 FE B9 FE A1 AD A1 AD D2 D1 BE AD BF CF B6 A8 CA C7 BB E1 B1 BB D1 B5 B3 E2 C1 CB A1 AD A1 AD A1 B9
bachelor20.bin,213,8,10,9,中文更长,是,0,0,0,0,否,否,幼い少女,年幼的少女,97 63 82 A2 8F AD 8F 97,C4 EA D3 D7 B5 C4 C9 D9 C5 AE
bachelor20.bin,218,65,69,66,中文更长,是,0,0,0,0,否,否,@m1……慰めるつもりが逆に泣かれ、俺は戸惑い、ただ立ちすくむ……。,@m1……我想要安慰她的，但反而让她哭了出来。我困惑地一直站在原地……。,40 6D 31 81 63 81 63 88 D4 82 DF 82 E9 82 C2 82 E0 82 E8 82 AA 8B 74 82 C9 8B 83 82 A9 82 EA 81 41 89 B4 82 CD 8C CB 98 66 82 A2 81 41 82 BD 82 BE 97 A7 82 BF 82 B7 82 AD 82 DE 81 63 81 63 81 42,40 6D 31 A1 AD A1 AD CE D2 CF EB D2 AA B0 B2 CE BF CB FD B5 C4 A3 AC B5 AB B7 B4 B6 F8 C8 C3 CB FD BF DE C1 CB B3 F6 C0 B4 A1 A3 CE D2 C0 A7 BB F3 B5 D8 D2 BB D6 B1 D5 BE D4 DA D4 AD B5 D8 A1 AD A1 AD A1 A3
bachelor21.bin,10,48,50,49,中文更长,是,1,1,1,1,否,否,@v107029@f1A0200「今は昔馴染と一緒なのか……？」,@v107029@f1A0200「现在正在和老朋友在一起吗……？」,40 76 31 30 37 30 32 39 40 66 31 41 30 32 30 30 81 75 8D A1 82 CD 90 CC 93 E9 90 F5 82 C6 88 EA 8F 8F 82 C8 82 CC 82 A9 81 63 81 63 81 48 81 76,40 76 31 30 37 30 32 39 40 66 31 41 30 32 30 30 A1 B8 CF D6 D4 DA D5 FD D4 DA BA CD C0 CF C5 F3 D3 D1 D4 DA D2 BB C6 F0 C2 F0 A1 AD A1 AD A3 BF A1 B9
bachelor21.bin,37,86,94,87,中文更长,是,1,1,1,1,否,否,@v107036@f1A0126「へぇ……君たち、没入ロジックにメスカリン・ロジック使ってるんだ……」,@v107036@f1A0126「哎……你们，没入逻辑使用了墨斯卡灵逻辑啊……（译者按：南美的致幻觉物质。）」,40 76 31 30 37 30 33 36 40 66 31 41 30 31 32 36 81 75 82 D6 82 A5 81 63 81 63 8C 4E 82 BD 82 BF 81 41 96 76 93 FC 83 8D 83 57 83 62 83 4E 82 C9 83 81 83 58 83 4A 83 8A 83 93 81 45 83 8D 83 57 83 62 83 4E 8E 67 82 C1 82 C4 82 E9 82 F1 82 BE 81 63 81 63 81 76,40 76 31 30 37 30 33 36 40 66 31 41 30 31 32 36 A1 B8 B0 A5 A1 AD A1 AD C4 E3 C3 C7 A3 AC C3 BB C8 EB C2 DF BC AD CA B9 D3 C3 C1 CB C4 AB CB B9 BF A8 C1 E9 C2 DF BC AD B0 A1 A1 AD A1 AD A3 A8 D2 EB D5 DF B0 B4 A3 BA C4 CF C3 C0 B5 C4 D6 C2 BB C3 BE F5 CE EF D6 CA A1 A3 A3 A9 A1 B9
bachelor21.bin,38,122,140,123,中文更长,是,1,1,1,1,否,否,@v207036@f1A0122「随分マニアックだよね、おまけにトラウマキャンセレーションの設定値がエディプス・レベルで止まってるし……」,@v207036@f1A0122「真是很专业啊，而且@r心理障碍屏蔽@Trauma Cancelation@系统的设定值仅仅在奥狄帕斯级别……（译者按：希腊神话中的恋母情结。）」,40 76 32 30 37 30 33 36 40 66 31 41 30 31 32 32 81 75 90 8F 95 AA 83 7D 83 6A 83 41 83 62 83 4E 82 BE 82 E6 82 CB 81 41 82 A8 82 DC 82 AF 82 C9 83 67 83 89 83 45 83 7D 83 4C 83 83 83 93 83 5A 83 8C 81 5B 83 56 83 87 83 93 82 CC 90 DD 92 E8 92 6C 82 AA 83 47 83 66 83 42 83 76 83 58 81 45 83 8C 83 78 83 8B 82 C5 8E 7E 82 DC 82 C1 82 C4 82 E9 82 B5 81 63 81 63 81 76,40 76 32 30 37 30 33 36 40 66 31 41 30 31 32 32 A1 B8 D5 E6 CA C7 BA DC D7 A8 D2 B5 B0 A1 A3 AC B6 F8 C7 D2 40 72 D0 C4 C0 ED D5 CF B0 AD C6 C1 B1 CE 40 54 72 61 75 6D 61 20 43 61 6E 63 65 6C 61 74 69 6F 6E 40 CF B5 CD B3 B5 C4 C9 E8 B6 A8 D6 B5 BD F6 BD F6 D4 DA B0 C2 B5 D2 C5 C1 CB B9 BC B6 B1 F0 A1 AD A1 AD A3 A8 D2 EB D5 DF B0 B4 A3 BA CF A3 C0 B0 C9 F1 BB B0 D6 D0 B5 C4 C1 B5 C4 B8 C7 E9 BD E1 A1 A3 A3 A9 A1 B9
bachelor21.bin,137,128,130,129,中文更长,是,0,0,0,0,否,否,……愛しい？……俺は自分の心境に少し驚く……可愛くても所詮は@r子供@ガキ@……そう思うからこそ、平気でキスができたはずなのに……。,……怜爱？……我对自己的心情感到有些惊讶……即使可爱，她也仅仅是@r孩子@小鬼@……因为是这样想的，我才能那样若无其事地和她接吻……。,81 63 81 63 88 A4 82 B5 82 A2 81 48 81 63 81 63 89 B4 82 CD 8E A9 95 AA 82 CC 90 53 8B AB 82 C9 8F AD 82 B5 8B C1 82 AD 81 63 81 63 89 C2 88 A4 82 AD 82 C4 82 E0 8F 8A 91 46 82 CD 40 72 8E 71 8B 9F 40 83 4B 83 4C 40 81 63 81 63 82 BB 82 A4 8E 76 82 A4 82 A9 82 E7 82 B1 82 BB 81 41 95 BD 8B 43 82 C5 83 4C 83 58 82 AA 82 C5 82 AB 82 BD 82 CD 82 B8 82 C8 82 CC 82 C9 81 63 81 63 81 42,A1 AD A1 AD C1 AF B0 AE A3 BF A1 AD A1 AD CE D2 B6 D4 D7 D4 BC BA B5 C4 D0 C4 C7 E9 B8 D0 B5 BD D3 D0 D0 A9 BE AA D1 C8 A1 AD A1 AD BC B4 CA B9 BF C9 B0 AE A3 AC CB FD D2 B2 BD F6 BD F6 CA C7 40 72 BA A2 D7 D3 40 D0 A1 B9 ED 40 A1 AD A1 AD D2 F2 CE AA CA C7 D5 E2 D1 F9 CF EB B5 C4 A3 AC CE D2 B2 C5 C4 DC C4 C7 D1 F9 C8 F4 CE DE C6 E4 CA C2 B5 D8 BA CD CB FD BD D3 CE C7 A1 AD A1 AD A1 A3
bachelor22.bin,65,26,28,27,中文更长,是,1,1,1,1,否,否,@v107148「…………んんっ」,@v107148「…………嗯嗯……」,40 76 31 30 37 31 34 38 81 75 81 63 81 63 81 63 81 63 82 F1 82 F1 82 C1 81 76,40 76 31 30 37 31 34 38 A1 B8 A1 AD A1 AD A1 AD A1 AD E0 C5 E0 C5 A1 AD A1 AD A1 B9
bachelor23.bin,127,32,40,33,中文更长,是,1,1,1,1,否,否,@f1A0116「……この耳年増め……」,@f1A0116「……你这个知识丰富的家伙……」,40 66 31 41 30 31 31 36 81 75 81 63 81 63 82 B1 82 CC 8E A8 94 4E 91 9D 82 DF 81 63 81 63 81 76,40 66 31 41 30 31 31 36 A1 B8 A1 AD A1 AD C4 E3 D5 E2 B8 F6 D6 AA CA B6 B7 E1 B8 BB B5 C4 BC D2 BB EF A1 AD A1 AD A1 B9
bachelor25.bin,30,90,114,91,中文更长,是,1,1,1,1,否,否,@v107220@f1C0117「ごめん……ボク……じゃなくて、私、透さんに朝ご飯を作ってあげたくて……」,@v107220@f1C0117「对不起……我……啊不，我是想要给透做早饭……（译者按：这里她想用女性化的第一人称代词，下同。）」,40 76 31 30 37 32 32 30 40 66 31 43 30 31 31 37 81 75 82 B2 82 DF 82 F1 81 63 81 63 83 7B 83 4E 81 63 81 63 82 B6 82 E1 82 C8 82 AD 82 C4 81 41 8E 84 81 41 93 A7 82 B3 82 F1 82 C9 92 A9 82 B2 94 D1 82 F0 8D EC 82 C1 82 C4 82 A0 82 B0 82 BD 82 AD 82 C4 81 63 81 63 81 76,40 76 31 30 37 32 32 30 40 66 31 43 30 31 31 37 A1 B8 B6 D4 B2 BB C6 F0 A1 AD A1 AD CE D2 A1 AD A1 AD B0 A1 B2 BB A3 AC CE D2 CA C7 CF EB D2 AA B8 F8 CD B8 D7 F6 D4 E7 B7 B9 A1 AD A1 AD A3 A8 D2 EB D5 DF B0 B4 A3 BA D5 E2 C0 EF CB FD CF EB D3 C3 C5 AE D0 D4 BB AF B5 C4 B5 DA D2 BB C8 CB B3 C6 B4 FA B4 CA A3 AC CF C2 CD AC A1 A3 A3 A9 A1 B9
bachelor25.bin,60,40,42,41,中文更长,是,1,1,1,1,否,否,@v107229@f1C0119「でも、それじゃ私……」,@v107229@f1C0119「可是，那样的话，我……」,40 76 31 30 37 32 32 39 40 66 31 43 30 31 31 39 81 75 82 C5 82 E0 81 41 82 BB 82 EA 82 B6 82 E1 8E 84 81 63 81 63 81 76,40 76 31 30 37 32 32 39 40 66 31 43 30 31 31 39 A1 B8 BF C9 CA C7 A3 AC C4 C7 D1 F9 B5 C4 BB B0 A3 AC CE D2 A1 AD A1 AD A1 B9
bachelor26.bin,21,44,46,45,中文更长,是,1,1,1,1,否,否,@v101098@f1A0107「住民への避難勧告は……？」,@v101098@f1A0107「对于居民的避难劝告呢……？」,40 76 31 30 31 30 39 38 40 66 31 41 30 31 30 37 81 75 8F 5A 96 AF 82 D6 82 CC 94 F0 93 EF 8A A9 8D 90 82 CD 81 63 81 63 81 48 81 76,40 76 31 30 31 30 39 38 40 66 31 41 30 31 30 37 A1 B8 B6 D4 D3 DA BE D3 C3 F1 B5 C4 B1 DC C4 D1 C8 B0 B8 E6 C4 D8 A1 AD A1 AD A3 BF A1 B9
bachelor26.bin,25,126,130,127,中文更长,是,1,1,1,1,否,否,@v101101@f2A0111「……百人たらずのテロリスト相手に軍@r一個師団@一万人@か……@w4400@f2A0112今回は俺達の出番は無さそうだな……」,@v101101@f2A0111「……对于不到百人的恐怖分子，动用@r一个师团@一万人@的军队吗……@w4400@f2A0112这次似乎没有我们上场的机会了呢……」,40 76 31 30 31 31 30 31 40 66 32 41 30 31 31 31 81 75 81 63 81 63 95 53 90 6C 82 BD 82 E7 82 B8 82 CC 83 65 83 8D 83 8A 83 58 83 67 91 8A 8E E8 82 C9 8C 52 40 72 88 EA 8C C2 8E 74 92 63 40 88 EA 96 9C 90 6C 40 82 A9 81 63 81 63 40 77 34 34 30 30 40 66 32 41 30 31 31 32 8D A1 89 F1 82 CD 89 B4 92 42 82 CC 8F 6F 94 D4 82 CD 96 B3 82 B3 82 BB 82 A4 82 BE 82 C8 81 63 81 63 81 76,40 76 31 30 31 31 30 31 40 66 32 41 30 31 31 31 A1 B8 A1 AD A1 AD B6 D4 D3 DA B2 BB B5 BD B0 D9 C8 CB B5 C4 BF D6 B2 C0 B7 D6 D7 D3 A3 AC B6 AF D3 C3 40 72 D2 BB B8 F6 CA A6 CD C5 40 D2 BB CD F2 C8 CB 40 B5 C4 BE FC B6 D3 C2 F0 A1 AD A1 AD 40 77 34 34 30 30 40 66 32 41 30 31 31 32 D5 E2 B4 CE CB C6 BA F5 C3 BB D3 D0 CE D2 C3 C7 C9 CF B3 A1 B5 C4 BB FA BB E1 C1 CB C4 D8 A1 AD A1 AD A1 B9
bachelor26.bin,53,112,116,113,中文更长,是,0,0,0,0,否,否,……重大な秘密も任務も@r第一小隊@こいつら@にかかれば冗談のタネだ……その事がどこか俺には頼もしく感じられる……。,……无论是重大秘密还是任务，放在@r第一小队@这些家伙@身上，就会成为玩笑的来源……这种事让我产生了可以信赖的感觉……。,81 63 81 63 8F 64 91 E5 82 C8 94 E9 96 A7 82 E0 94 43 96 B1 82 E0 40 72 91 E6 88 EA 8F AC 91 E0 40 82 B1 82 A2 82 C2 82 E7 40 82 C9 82 A9 82 A9 82 EA 82 CE 8F E7 92 6B 82 CC 83 5E 83 6C 82 BE 81 63 81 63 82 BB 82 CC 8E 96 82 AA 82 C7 82 B1 82 A9 89 B4 82 C9 82 CD 97 8A 82 E0 82 B5 82 AD 8A B4 82 B6 82 E7 82 EA 82 E9 81 63 81 63 81 42,A1 AD A1 AD CE DE C2 DB CA C7 D6 D8 B4 F3 C3 D8 C3 DC BB B9 CA C7 C8 CE CE F1 A3 AC B7 C5 D4 DA 40 72 B5 DA D2 BB D0 A1 B6 D3 40 D5 E2 D0 A9 BC D2 BB EF 40 C9 ED C9 CF A3 AC BE CD BB E1 B3 C9 CE AA CD E6 D0 A6 B5 C4 C0 B4 D4 B4 A1 AD A1 AD D5 E2 D6 D6 CA C2 C8 C3 CE D2 B2 FA C9 FA C1 CB BF C9 D2 D4 D0 C5 C0 B5 B5 C4 B8 D0 BE F5 A1 AD A1 AD A1 A3
bachelor27.bin,37,76,62,77,中文更短,否,1,0,1,1,否,是,@f1A0330「くそっ……間に合わなかったか！？……彩音の@r状態@ステータス@は！？,@f1A0330「可恶……没赶上吗！？……彩音的@r状态@Status@呢！？」,40 66 31 41 30 33 33 30 81 75 82 AD 82 BB 82 C1 81 63 81 63 8A D4 82 C9 8D 87 82 ED 82 C8 82 A9 82 C1 82 BD 82 A9 81 49 81 48 81 63 81 63 8D CA 89 B9 82 CC 40 72 8F F3 91 D4 40 83 58 83 65 81 5B 83 5E 83 58 40 82 CD 81 49 81 48,40 66 31 41 30 33 33 30 A1 B8 BF C9 B6 F1 A1 AD A1 AD C3 BB B8 CF C9 CF C2 F0 A3 A1 A3 BF A1 AD A1 AD B2 CA D2 F4 B5 C4 40 72 D7 B4 CC AC 40 53 74 61 74 75 73 40 C4 D8 A3 A1 A3 BF A1 B9
bachelor27.bin,95,40,44,41,中文更长,是,1,1,1,1,否,否,@v107330@f1A0203「破壊完了確認……！！」,@v107330@f1A0203「破坏结束，已确认……！！」,40 76 31 30 37 33 33 30 40 66 31 41 30 32 30 33 81 75 94 6A 89 F3 8A AE 97 B9 8A 6D 94 46 81 63 81 63 81 49 81 49 81 76,40 76 31 30 37 33 33 30 40 66 31 41 30 32 30 33 A1 B8 C6 C6 BB B5 BD E1 CA F8 A3 AC D2 D1 C8 B7 C8 CF A1 AD A1 AD A3 A1 A3 A1 A1 B9
bachelor27.bin,160,38,40,39,中文更长,是,1,1,1,1,否,否,@v107356@f1A0225「こ、これを……！！」,@v107356@f1A0225「看，看看这个……！！」,40 76 31 30 37 33 35 36 40 66 31 41 30 32 32 35 81 75 82 B1 81 41 82 B1 82 EA 82 F0 81 63 81 63 81 49 81 49 81 76,40 76 31 30 37 33 35 36 40 66 31 41 30 32 32 35 A1 B8 BF B4 A3 AC BF B4 BF B4 D5 E2 B8 F6 A1 AD A1 AD A3 A1 A3 A1 A1 B9
bachelor28.bin,35,28,30,29,中文更长,是,1,1,1,1,否,否,@v107378「……私よ、透……」,@v107378「……是我啊，透……」,40 76 31 30 37 33 37 38 81 75 81 63 81 63 8E 84 82 E6 81 41 93 A7 81 63 81 63 81 76,40 76 31 30 37 33 37 38 A1 B8 A1 AD A1 AD CA C7 CE D2 B0 A1 A3 AC CD B8 A1 AD A1 AD A1 B9
bachelor28.bin,102,64,68,65,中文更长,是,0,0,0,0,否,否,そして銃声、野次馬の悲鳴……怒号と喧騒が夜の下町を震わせる……。,然后就是枪声和看热闹人群的尖叫……怒号和喧嚣震荡着夜晚的旧城区……。,82 BB 82 B5 82 C4 8F 65 90 BA 81 41 96 EC 8E 9F 94 6E 82 CC 94 DF 96 C2 81 63 81 63 93 7B 8D 86 82 C6 8C 96 91 9B 82 AA 96 E9 82 CC 89 BA 92 AC 82 F0 90 6B 82 ED 82 B9 82 E9 81 63 81 63 81 42,C8 BB BA F3 BE CD CA C7 C7 B9 C9 F9 BA CD BF B4 C8 C8 C4 D6 C8 CB C8 BA B5 C4 BC E2 BD D0 A1 AD A1 AD C5 AD BA C5 BA CD D0 FA CF F9 D5 F0 B5 B4 D7 C5 D2 B9 CD ED B5 C4 BE C9 B3 C7 C7 F8 A1 AD A1 AD A1 A3
bachelor29.bin,56,128,138,129,中文更长,是,1,1,1,1,否,否,@f1A0303「なんて言えばいいんだ？……@p@f1A0312殺人犯として裁いてやるから捕まれか！？それとも、モルモットにするから捕まれか！？」,@f1A0303「我说什么好啊？……@p@f1A0312我们要把你作为杀人犯来制裁，所以让我们抓住吧！？还是说，我们要把你当做小白鼠，所以让我们抓住吧！？」,40 66 31 41 30 33 30 33 81 75 82 C8 82 F1 82 C4 8C BE 82 A6 82 CE 82 A2 82 A2 82 F1 82 BE 81 48 81 63 81 63 40 70 40 66 31 41 30 33 31 32 8E 45 90 6C 94 C6 82 C6 82 B5 82 C4 8D D9 82 A2 82 C4 82 E2 82 E9 82 A9 82 E7 95 DF 82 DC 82 EA 82 A9 81 49 81 48 82 BB 82 EA 82 C6 82 E0 81 41 83 82 83 8B 83 82 83 62 83 67 82 C9 82 B7 82 E9 82 A9 82 E7 95 DF 82 DC 82 EA 82 A9 81 49 81 48 81 76,40 66 31 41 30 33 30 33 A1 B8 CE D2 CB B5 CA B2 C3 B4 BA C3 B0 A1 A3 BF A1 AD A1 AD 40 70 40 66 31 41 30 33 31 32 CE D2 C3 C7 D2 AA B0 D1 C4 E3 D7 F7 CE AA C9 B1 C8 CB B7 B8 C0 B4 D6 C6 B2 C3 A3 AC CB F9 D2 D4 C8 C3 CE D2 C3 C7 D7 A5 D7 A1 B0 C9 A3 A1 A3 BF BB B9 CA C7 CB B5 A3 AC CE D2 C3 C7 D2 AA B0 D1 C4 E3 B5 B1 D7 F6 D0 A1 B0 D7 CA F3 A3 AC CB F9 D2 D4 C8 C3 CE D2 C3 C7 D7 A5 D7 A1 B0 C9 A3 A1 A3 BF A1 B9
bachelor29.bin,74,26,32,27,中文更长,是,1,1,1,1,否,否,@f1A0320「何の話だ……？」,@f1A0320「你这是在说什么……？」,40 66 31 41 30 33 32 30 81 75 89 BD 82 CC 98 62 82 BE 81 63 81 63 81 48 81 76,40 66 31 41 30 33 32 30 A1 B8 C4 E3 D5 E2 CA C7 D4 DA CB B5 CA B2 C3 B4 A1 AD A1 AD A3 BF A1 B9
bachelor29.bin,140,122,128,123,中文更长,是,1,1,1,1,否,否,@v107464@f2A0101「長年の決着を付けようと、決死の覚悟で潜入した所にこの騒ぎだ……最終的に神は私に味方したようだな、橘玲佳」,@v107464@f2A0101「我想要对长年的对抗做个了结，带着必死的觉悟潜入之后，发生了这种骚动……看来最终，神还是站在了我这边，橘玲佳。」,40 76 31 30 37 34 36 34 40 66 32 41 30 31 30 31 81 75 92 B7 94 4E 82 CC 8C 88 92 85 82 F0 95 74 82 AF 82 E6 82 A4 82 C6 81 41 8C 88 8E 80 82 CC 8A 6F 8C E5 82 C5 90 F6 93 FC 82 B5 82 BD 8F 8A 82 C9 82 B1 82 CC 91 9B 82 AC 82 BE 81 63 81 63 8D C5 8F 49 93 49 82 C9 90 5F 82 CD 8E 84 82 C9 96 A1 95 FB 82 B5 82 BD 82 E6 82 A4 82 BE 82 C8 81 41 8B 6B 97 E6 89 C0 81 76,40 76 31 30 37 34 36 34 40 66 32 41 30 31 30 31 A1 B8 CE D2 CF EB D2 AA B6 D4 B3 A4 C4 EA B5 C4 B6 D4 BF B9 D7 F6 B8 F6 C1 CB BD E1 A3 AC B4 F8 D7 C5 B1 D8 CB C0 B5 C4 BE F5 CE F2 C7 B1 C8 EB D6 AE BA F3 A3 AC B7 A2 C9 FA C1 CB D5 E2 D6 D6 C9 A7 B6 AF A1 AD A1 AD BF B4 C0 B4 D7 EE D6 D5 A3 AC C9 F1 BB B9 CA C7 D5 BE D4 DA C1 CB CE D2 D5 E2 B1 DF A3 AC E9 D9 C1 E1 BC D1 A1 A3 A1 B9
bachelor29.bin,179,86,94,87,中文更长,是,0,0,0,0,否,否,狼狽える俺の肩を誰かが叩く、振り向くとテロリストの少女が同情の視線で俺を見ていた……。,我不知如何是好，这时有人拍了我的肩膀。我回过头，看到一个恐怖分子的少女用同情的目光看着我……。,98 54 94 82 82 A6 82 E9 89 B4 82 CC 8C A8 82 F0 92 4E 82 A9 82 AA 92 40 82 AD 81 41 90 55 82 E8 8C FC 82 AD 82 C6 83 65 83 8D 83 8A 83 58 83 67 82 CC 8F AD 8F 97 82 AA 93 AF 8F EE 82 CC 8E 8B 90 FC 82 C5 89 B4 82 F0 8C A9 82 C4 82 A2 82 BD 81 63 81 63 81 42,CE D2 B2 BB D6 AA C8 E7 BA CE CA C7 BA C3 A3 AC D5 E2 CA B1 D3 D0 C8 CB C5 C4 C1 CB CE D2 B5 C4 BC E7 B0 F2 A1 A3 CE D2 BB D8 B9 FD CD B7 A3 AC BF B4 B5 BD D2 BB B8 F6 BF D6 B2 C0 B7 D6 D7 D3 B5 C4 C9 D9 C5 AE D3 C3 CD AC C7 E9 B5 C4 C4 BF B9 E2 BF B4 D7 C5 CE D2 A1 AD A1 AD A1 A3
bachelor29.bin,192,12,16,13,中文更长,是,1,1,1,1,否,否,「……月菜」,「……月菜……」,81 75 81 63 81 63 8C 8E 8D D8 81 76,A1 B8 A1 AD A1 AD D4 C2 B2 CB A1 AD A1 AD A1 B9
bachelor29.bin,206,28,30,29,中文更长,是,1,1,1,1,否,否,@v107495@f2A0110「……多分」,@v107495@f2A0110「……大概。」,40 76 31 30 37 34 39 35 40 66 32 41 30 31 31 30 81 75 81 63 81 63 91 BD 95 AA 81 76,40 76 31 30 37 34 39 35 40 66 32 41 30 31 31 30 A1 B8 A1 AD A1 AD B4 F3 B8 C5 A1 A3 A1 B9
bachelor31.bin,28,14,16,15,中文更长,是,0,0,0,0,否,否,中国風の女の子,中国装扮的女孩子,92 86 8D 91 95 97 82 CC 8F 97 82 CC 8E 71,D6 D0 B9 FA D7 B0 B0 E7 B5 C4 C5 AE BA A2 D7 D3
bachelor31.bin,108,38,40,39,中文更长,是,1,1,1,1,否,否,@v107565@f1A0103「……本気なの……？」,@v107565@f1A0103「……你是认真的……？」,40 76 31 30 37 35 36 35 40 66 31 41 30 31 30 33 81 75 81 63 81 63 96 7B 8B 43 82 C8 82 CC 81 63 81 63 81 48 81 76,40 76 31 30 37 35 36 35 40 66 31 41 30 31 30 33 A1 B8 A1 AD A1 AD C4 E3 CA C7 C8 CF D5 E6 B5 C4 A1 AD A1 AD A3 BF A1 B9
bachelor32.bin,3,90,96,91,中文更长,是,0,0,0,0,否,否,……やはり勝てなかったか……しかし、不思議と恐怖も感じず、俺は死を覚悟して眼を閉じる……。,……果然还是打不过啊……可是，不可思议的是我没有感觉到恐怖，我作出了死亡的觉悟，闭上了眼睛……。,81 63 81 63 82 E2 82 CD 82 E8 8F 9F 82 C4 82 C8 82 A9 82 C1 82 BD 82 A9 81 63 81 63 82 B5 82 A9 82 B5 81 41 95 73 8E 76 8B 63 82 C6 8B B0 95 7C 82 E0 8A B4 82 B6 82 B8 81 41 89 B4 82 CD 8E 80 82 F0 8A 6F 8C E5 82 B5 82 C4 8A E1 82 F0 95 C2 82 B6 82 E9 81 63 81 63 81 42,A1 AD A1 AD B9 FB C8 BB BB B9 CA C7 B4 F2 B2 BB B9 FD B0 A1 A1 AD A1 AD BF C9 CA C7 A3 AC B2 BB BF C9 CB BC D2 E9 B5 C4 CA C7 CE D2 C3 BB D3 D0 B8 D0 BE F5 B5 BD BF D6 B2 C0 A3 AC CE D2 D7 F7 B3 F6 C1 CB CB C0 CD F6 B5 C4 BE F5 CE F2 A3 AC B1 D5 C9 CF C1 CB D1 DB BE A6 A1 AD A1 AD A1 A3
bachelor33.bin,12,24,28,25,中文更长,是,1,1,1,1,否,否,@f1A0312「……正気か？」,@f1A0312「……你还正常吧？」,40 66 31 41 30 33 31 32 81 75 81 63 81 63 90 B3 8B 43 82 A9 81 48 81 76,40 66 31 41 30 33 31 32 A1 B8 A1 AD A1 AD C4 E3 BB B9 D5 FD B3 A3 B0 C9 A3 BF A1 B9
bachelor34.bin,0,66,68,67,中文更长,是,1,1,1,1,否,否,@v107606「よーし、大人と言い張るキミに素敵なプレゼントだ……！！」,@v107606「好～，既然你非说自己是大人，那我就给你美妙的礼物……！！」,40 76 31 30 37 36 30 36 81 75 82 E6 81 5B 82 B5 81 41 91 E5 90 6C 82 C6 8C BE 82 A2 92 A3 82 E9 83 4C 83 7E 82 C9 91 66 93 47 82 C8 83 76 83 8C 83 5B 83 93 83 67 82 BE 81 63 81 63 81 49 81 49 81 76,40 76 31 30 37 36 30 36 A1 B8 BA C3 A1 AB A3 AC BC C8 C8 BB C4 E3 B7 C7 CB B5 D7 D4 BC BA CA C7 B4 F3 C8 CB A3 AC C4 C7 CE D2 BE CD B8 F8 C4 E3 C3 C0 C3 EE B5 C4 C0 F1 CE EF A1 AD A1 AD A3 A1 A3 A1 A1 B9
bachelor34.bin,49,36,38,37,中文更长,是,1,1,1,1,否,否,「いいよ……ひかるのなら平気さ……」,「不要紧的……因为是光的，没关系……」,81 75 82 A2 82 A2 82 E6 81 63 81 63 82 D0 82 A9 82 E9 82 CC 82 C8 82 E7 95 BD 8B 43 82 B3 81 63 81 63 81 76,A1 B8 B2 BB D2 AA BD F4 B5 C4 A1 AD A1 AD D2 F2 CE AA CA C7 B9 E2 B5 C4 A3 AC C3 BB B9 D8 CF B5 A1 AD A1 AD A1 B9
bachelor34.bin,199,14,16,15,中文更长,是,0,0,0,0,否,否,中国風の女の子,中国装扮的女孩子,92 86 8D 91 95 97 82 CC 8F 97 82 CC 8E 71,D6 D0 B9 FA D7 B0 B0 E7 B5 C4 C5 AE BA A2 D7 D3
bachelor35.bin,32,84,50,85,中文更短,否,0,1,0,0,否,是,洗脳チップの件が公になった今、スキャンダルの嵐が巻き起こりはじめているのだろう……」,洗脑芯片的事情公布之后，开始卷起了丑闻的风暴……。,90 F4 94 5D 83 60 83 62 83 76 82 CC 8C 8F 82 AA 8C F6 82 C9 82 C8 82 C1 82 BD 8D A1 81 41 83 58 83 4C 83 83 83 93 83 5F 83 8B 82 CC 97 92 82 AA 8A AA 82 AB 8B 4E 82 B1 82 E8 82 CD 82 B6 82 DF 82 C4 82 A2 82 E9 82 CC 82 BE 82 EB 82 A4 81 63 81 63 81 76,CF B4 C4 D4 D0 BE C6 AC B5 C4 CA C2 C7 E9 B9 AB B2 BC D6 AE BA F3 A3 AC BF AA CA BC BE ED C6 F0 C1 CB B3 F3 CE C5 B5 C4 B7 E7 B1 A9 A1 AD A1 AD A1 A3
bachelor35a.bin,11,14,16,15,中文更长,是,0,0,0,0,否,否,中国風の女の子,中国装扮的女孩子,92 86 8D 91 95 97 82 CC 8F 97 82 CC 8E 71,D6 D0 B9 FA D7 B0 B0 E7 B5 C4 C5 AE BA A2 D7 D3
bachelor36a.bin,66,42,44,43,中文更长,是,1,1,1,1,否,否,@v108051「ご、ごめん……怖くて、つい……」,@v108051「对，对不起……有些害怕，结果……」,40 76 31 30 38 30 35 31 81 75 82 B2 81 41 82 B2 82 DF 82 F1 81 63 81 63 95 7C 82 AD 82 C4 81 41 82 C2 82 A2 81 63 81 63 81 76,40 76 31 30 38 30 35 31 A1 B8 B6 D4 A3 AC B6 D4 B2 BB C6 F0 A1 AD A1 AD D3 D0 D0 A9 BA A6 C5 C2 A3 AC BD E1 B9 FB A1 AD A1 AD A1 B9
bachelor36a.bin,72,44,46,45,中文更长,是,1,1,1,1,否,否,@v108053「……わかった……優しくしてね、透」,@v108053「……我知道了……温柔一些哦，透……」,40 76 31 30 38 30 35 33 81 75 81 63 81 63 82 ED 82 A9 82 C1 82 BD 81 63 81 63 97 44 82 B5 82 AD 82 B5 82 C4 82 CB 81 41 93 A7 81 76,40 76 31 30 38 30 35 33 A1 B8 A1 AD A1 AD CE D2 D6 AA B5 C0 C1 CB A1 AD A1 AD CE C2 C8 E1 D2 BB D0 A9 C5 B6 A3 AC CD B8 A1 AD A1 AD A1 B9
bachelor37.bin,54,58,60,59,中文更长,是,1,1,1,1,否,否,「もう痛くないか……ごめんな、初めてなのに乱暴にして……」,「已经不疼了吧……对不起，明明是第一次，却做的这么粗暴……」,81 75 82 E0 82 A4 92 C9 82 AD 82 C8 82 A2 82 A9 81 63 81 63 82 B2 82 DF 82 F1 82 C8 81 41 8F 89 82 DF 82 C4 82 C8 82 CC 82 C9 97 90 96 5C 82 C9 82 B5 82 C4 81 63 81 63 81 76,A1 B8 D2 D1 BE AD B2 BB CC DB C1 CB B0 C9 A1 AD A1 AD B6 D4 B2 BB C6 F0 A3 AC C3 F7 C3 F7 CA C7 B5 DA D2 BB B4 CE A3 AC C8 B4 D7 F6 B5 C4 D5 E2 C3 B4 B4 D6 B1 A9 A1 AD A1 AD A1 B9
bachelor39.bin,11,28,30,29,中文更长,是,1,1,1,1,否,否,「……今はもう、嫌なのか？」,「……现在，已经不愿意了吗？」,81 75 81 63 81 63 8D A1 82 CD 82 E0 82 A4 81 41 8C 99 82 C8 82 CC 82 A9 81 48 81 76,A1 B8 A1 AD A1 AD CF D6 D4 DA A3 AC D2 D1 BE AD B2 BB D4 B8 D2 E2 C1 CB C2 F0 A3 BF A1 B9
bachelor40.bin,2,32,34,33,中文更长,是,1,1,1,1,否,否,@f1A0311「その話は後だ……！！」,@f1A0311「这件事之后再说……！！」,40 66 31 41 30 33 31 31 81 75 82 BB 82 CC 98 62 82 CD 8C E3 82 BE 81 63 81 63 81 49 81 49 81 76,40 66 31 41 30 33 31 31 A1 B8 D5 E2 BC FE CA C2 D6 AE BA F3 D4 D9 CB B5 A1 AD A1 AD A3 A1 A3 A1 A1 B9
bachelor43.bin,3,90,96,91,中文更长,是,0,0,0,0,否,否,……やはり勝てなかったか……しかし、不思議と恐怖も感じず、俺は死を覚悟して眼を閉じる……。,……果然还是打不过啊……可是，不可思议的是我没有感觉到恐怖，我作出了死亡的觉悟，闭上了眼睛……。,81 63 81 63 82 E2 82 CD 82 E8 8F 9F 82 C4 82 C8 82 A9 82 C1 82 BD 82 A9 81 63 81 63 82 B5 82 A9 82 B5 81 41 95 73 8E 76 8B 63 82 C6 8B B0 95 7C 82 E0 8A B4 82 B6 82 B8 81 41 89 B4 82 CD 8E 80 82 F0 8A 6F 8C E5 82 B5 82 C4 8A E1 82 F0 95 C2 82 B6 82 E9 81 63 81 63 81 42,A1 AD A1 AD B9 FB C8 BB BB B9 CA C7 B4 F2 B2 BB B9 FD B0 A1 A1 AD A1 AD BF C9 CA C7 A3 AC B2 BB BF C9 CB BC D2 E9 B5 C4 CA C7 CE D2 C3 BB D3 D0 B8 D0 BE F5 B5 BD BF D6 B2 C0 A3 AC CE D2 D7 F7 B3 F6 C1 CB CB C0 CD F6 B5 C4 BE F5 CE F2 A3 AC B1 D5 C9 CF C1 CB D1 DB BE A6 A1 AD A1 AD A1 A3
bachelor43.bin,93,118,88,119,中文更短,否,0,1,0,0,否,是,すすり泣くみのり、泣き叫ぶバチェラ、狂笑するゲンハ……不意にバチェラが顔を引きつらせ、両手で下腹部を押さえつける……」,美野里啜泣着，巴杰拉哭喊着，元霸狂笑着……突然巴杰拉表情变得僵硬，她双手按住了下腹部……,82 B7 82 B7 82 E8 8B 83 82 AD 82 DD 82 CC 82 E8 81 41 8B 83 82 AB 8B A9 82 D4 83 6F 83 60 83 46 83 89 81 41 8B B6 8F CE 82 B7 82 E9 83 51 83 93 83 6E 81 63 81 63 95 73 88 D3 82 C9 83 6F 83 60 83 46 83 89 82 AA 8A E7 82 F0 88 F8 82 AB 82 C2 82 E7 82 B9 81 41 97 BC 8E E8 82 C5 89 BA 95 A0 95 94 82 F0 89 9F 82 B3 82 A6 82 C2 82 AF 82 E9 81 63 81 63 81 76,C3 C0 D2 B0 C0 EF E0 A8 C6 FC D7 C5 A3 AC B0 CD BD DC C0 AD BF DE BA B0 D7 C5 A3 AC D4 AA B0 D4 BF F1 D0 A6 D7 C5 A1 AD A1 AD CD BB C8 BB B0 CD BD DC C0 AD B1 ED C7 E9 B1 E4 B5 C3 BD A9 D3 B2 A3 AC CB FD CB AB CA D6 B0 B4 D7 A1 C1 CB CF C2 B8 B9 B2 BF A1 AD A1 AD
bachelor46.bin,79,32,34,33,中文更长,是,1,1,1,1,否,否,@v107906@f2A0102「すまん……透」,@v107906@f2A0102「抱歉……透……」,40 76 31 30 37 39 30 36 40 66 32 41 30 31 30 32 81 75 82 B7 82 DC 82 F1 81 63 81 63 93 A7 81 76,40 76 31 30 37 39 30 36 40 66 32 41 30 31 30 32 A1 B8 B1 A7 C7 B8 A1 AD A1 AD CD B8 A1 AD A1 AD A1 B9
bachelor46.bin,86,36,38,37,中文更长,是,1,1,1,1,否,否,「いいよ……ひかるのなら平気さ……」,「不要紧的……因为是光的，没关系……」,81 75 82 A2 82 A2 82 E6 81 63 81 63 82 D0 82 A9 82 E9 82 CC 82 C8 82 E7 95 BD 8B 43 82 B3 81 63 81 63 81 76,A1 B8 B2 BB D2 AA BD F4 B5 C4 A1 AD A1 AD D2 F2 CE AA CA C7 B9 E2 B5 C4 A3 AC C3 BB B9 D8 CF B5 A1 AD A1 AD A1 B9
jyosyo01.bin,21,92,98,93,中文更长,是,0,0,0,0,否,否,@m4@a1……そのたびに、俺は自らの肉体に手を触れさせ、@nその感触に肉体の存在を確認し安堵する。,@m4@a1……有那种感觉的时候，我便会用手触摸自己的肉体，@n那触感让我确认到肉体的存在，我便放心下来。,40 6D 34 40 61 31 81 63 81 63 82 BB 82 CC 82 BD 82 D1 82 C9 81 41 89 B4 82 CD 8E A9 82 E7 82 CC 93 F7 91 CC 82 C9 8E E8 82 F0 90 47 82 EA 82 B3 82 B9 81 41 40 6E 82 BB 82 CC 8A B4 90 47 82 C9 93 F7 91 CC 82 CC 91 B6 8D DD 82 F0 8A 6D 94 46 82 B5 88 C0 93 67 82 B7 82 E9 81 42,40 6D 34 40 61 31 A1 AD A1 AD D3 D0 C4 C7 D6 D6 B8 D0 BE F5 B5 C4 CA B1 BA F2 A3 AC CE D2 B1 E3 BB E1 D3 C3 CA D6 B4 A5 C3 FE D7 D4 BC BA B5 C4 C8 E2 CC E5 A3 AC 40 6E C4 C7 B4 A5 B8 D0 C8 C3 CE D2 C8 B7 C8 CF B5 BD C8 E2 CC E5 B5 C4 B4 E6 D4 DA A3 AC CE D2 B1 E3 B7 C5 D0 C4 CF C2 C0 B4 A1 A3
jyosyo01.bin,29,118,121,119,中文更长,否,0,0,0,0,否,否,@r構造体@ストラクチャ@の摩天楼が、仮想の大地から天空を貫くように乱立し、その狭間を無数の光点が夜の蛍のように駆け巡る。,@r构造体@Structure@的摩天大楼，在虚拟的大地上贯彻天空般地胡乱耸立着，大楼之间的缝隙中有无数的光点像夜间的萤火虫那样流动。,40 72 8D 5C 91 A2 91 CC 40 83 58 83 67 83 89 83 4E 83 60 83 83 40 82 CC 96 80 93 56 98 4F 82 AA 81 41 89 BC 91 7A 82 CC 91 E5 92 6E 82 A9 82 E7 93 56 8B F3 82 F0 8A D1 82 AD 82 E6 82 A4 82 C9 97 90 97 A7 82 B5 81 41 82 BB 82 CC 8B B7 8A D4 82 F0 96 B3 90 94 82 CC 8C F5 93 5F 82 AA 96 E9 82 CC 8C 75 82 CC 82 E6 82 A4 82 C9 8B EC 82 AF 8F 84 82 E9 81 42,40 72 B9 B9 D4 EC CC E5 40 53 74 72 75 63 74 75 72 65 40 B5 C4 C4 A6 CC EC B4 F3 C2 A5 A3 AC D4 DA D0 E9 C4 E2 B5 C4 B4 F3 B5 D8 C9 CF B9 E1 B3 B9 CC EC BF D5 B0 E3 B5 D8 BA FA C2 D2 CB CA C1 A2 D7 C5 A3 AC B4 F3 C2 A5 D6 AE BC E4 B5 C4 B7 EC CF B6 D6 D0 D3 D0 CE DE CA FD B5 C4 B9 E2 B5 E3 CF F1 D2 B9 BC E4 B5 C4 D3 A9 BB F0 B3 E6 C4 C7 D1 F9 C1 F7 B6 AF A1 A3
jyosyo01.bin,127,38,42,39,中文更长,是,1,1,1,1,否,否,@v100032@f1A0103「ＯＫ、後は任せたぞ」,@v100032@f1A0103「ＯＫ，之后就交给你了。」,40 76 31 30 30 30 33 32 40 66 31 41 30 31 30 33 81 75 82 6E 82 6A 81 41 8C E3 82 CD 94 43 82 B9 82 BD 82 BC 81 76,40 76 31 30 30 30 33 32 40 66 31 41 30 31 30 33 A1 B8 A3 CF A3 CB A3 AC D6 AE BA F3 BE CD BD BB B8 F8 C4 E3 C1 CB A1 A3 A1 B9
jyosyo02.bin,11,92,102,93,中文更长,是,1,1,1,1,否,否,@v100070@f1A0110「ははは、大企業といっても、金融屋や@r最先端@エッジ@関連以外はあんなものさ」,@v100070@f1A0110「哈哈哈，即使是大企业，只要不是金融企业或者@r最尖端@Edge@相关的，就只有这种程度了。」,40 76 31 30 30 30 37 30 40 66 31 41 30 31 31 30 81 75 82 CD 82 CD 82 CD 81 41 91 E5 8A E9 8B C6 82 C6 82 A2 82 C1 82 C4 82 E0 81 41 8B E0 97 5A 89 AE 82 E2 40 72 8D C5 90 E6 92 5B 40 83 47 83 62 83 57 40 8A D6 98 41 88 C8 8A 4F 82 CD 82 A0 82 F1 82 C8 82 E0 82 CC 82 B3 81 76,40 76 31 30 30 30 37 30 40 66 31 41 30 31 31 30 A1 B8 B9 FE B9 FE B9 FE A3 AC BC B4 CA B9 CA C7 B4 F3 C6 F3 D2 B5 A3 AC D6 BB D2 AA B2 BB CA C7 BD F0 C8 DA C6 F3 D2 B5 BB F2 D5 DF 40 72 D7 EE BC E2 B6 CB 40 45 64 67 65 40 CF E0 B9 D8 B5 C4 A3 AC BE CD D6 BB D3 D0 D5 E2 D6 D6 B3 CC B6 C8 C1 CB A1 A3 A1 B9
jyosyo02.bin,29,54,59,55,中文更长,否,0,0,0,0,否,否,そう、月菜は俺と同じ@r共同住宅@アパート@のお隣さんだ。,对，月菜和我住在同一个@r共同住宅@Apartment@中，我们是邻居。,82 BB 82 A4 81 41 8C 8E 8D D8 82 CD 89 B4 82 C6 93 AF 82 B6 40 72 8B A4 93 AF 8F 5A 91 EE 40 83 41 83 70 81 5B 83 67 40 82 CC 82 A8 97 D7 82 B3 82 F1 82 BE 81 42,B6 D4 A3 AC D4 C2 B2 CB BA CD CE D2 D7 A1 D4 DA CD AC D2 BB B8 F6 40 72 B9 B2 CD AC D7 A1 D5 AC 40 41 70 61 72 74 6D 65 6E 74 40 D6 D0 A3 AC CE D2 C3 C7 CA C7 C1 DA BE D3 A1 A3
jyosyo03.bin,55,88,92,89,中文更长,是,1,1,1,1,否,否,@v100114@f1A0100「……わははは、優哉、今の冗談はウケた。……少しキツすぎて笑えねえけど」,@v100114@f1A0100「……哇哈哈哈，优哉，刚才那个笑话不错。……虽然有些太冷了，让我笑不出来。」,40 76 31 30 30 31 31 34 40 66 31 41 30 31 30 30 81 75 81 63 81 63 82 ED 82 CD 82 CD 82 CD 81 41 97 44 8D C6 81 41 8D A1 82 CC 8F E7 92 6B 82 CD 83 45 83 50 82 BD 81 42 81 63 81 63 8F AD 82 B5 83 4C 83 63 82 B7 82 AC 82 C4 8F CE 82 A6 82 CB 82 A6 82 AF 82 C7 81 76,40 76 31 30 30 31 31 34 40 66 31 41 30 31 30 30 A1 B8 A1 AD A1 AD CD DB B9 FE B9 FE B9 FE A3 AC D3 C5 D4 D5 A3 AC B8 D5 B2 C5 C4 C7 B8 F6 D0 A6 BB B0 B2 BB B4 ED A1 A3 A1 AD A1 AD CB E4 C8 BB D3 D0 D0 A9 CC AB C0 E4 C1 CB A3 AC C8 C3 CE D2 D0 A6 B2 BB B3 F6 C0 B4 A1 A3 A1 B9
jyosyo03.bin,92,24,26,25,中文更长,是,1,1,1,1,否,否,@f1A0127「将来、ね……」,@f1A0127「将来，是吗……」,40 66 31 41 30 31 32 37 81 75 8F AB 97 88 81 41 82 CB 81 63 81 63 81 76,40 66 31 41 30 31 32 37 A1 B8 BD AB C0 B4 A3 AC CA C7 C2 F0 A1 AD A1 AD A1 B9
jyosyo03.bin,103,30,34,31,中文更长,是,1,1,1,1,否,否,@f1A0102「……本気みたいだな」,@f1A0102「……你好像是认真的呢。」,40 66 31 41 30 31 30 32 81 75 81 63 81 63 96 7B 8B 43 82 DD 82 BD 82 A2 82 BE 82 C8 81 76,40 66 31 41 30 31 30 32 A1 B8 A1 AD A1 AD C4 E3 BA C3 CF F1 CA C7 C8 CF D5 E6 B5 C4 C4 D8 A1 A3 A1 B9
jyosyo04.bin,17,54,76,55,中文更长,是,1,1,1,1,否,否,@f1A0118「……まぁ、最悪、捕まっても愉快犯で終わるか」,@f1A0118「……嗯，即使是最坏的情况下，被抓住也只算是以快乐为目的的犯罪吧。」,40 66 31 41 30 31 31 38 81 75 81 63 81 63 82 DC 82 9F 81 41 8D C5 88 AB 81 41 95 DF 82 DC 82 C1 82 C4 82 E0 96 F9 89 F5 94 C6 82 C5 8F 49 82 ED 82 E9 82 A9 81 76,40 66 31 41 30 31 31 38 A1 B8 A1 AD A1 AD E0 C5 A3 AC BC B4 CA B9 CA C7 D7 EE BB B5 B5 C4 C7 E9 BF F6 CF C2 A3 AC B1 BB D7 A5 D7 A1 D2 B2 D6 BB CB E3 CA C7 D2 D4 BF EC C0 D6 CE AA C4 BF B5 C4 B5 C4 B7 B8 D7 EF B0 C9 A1 A3 A1 B9
jyosyo04.bin,44,24,26,25,中文更长,是,1,1,1,1,否,否,@v100171@f1A0102「了解」,@v100171@f1A0102「了解。」,40 76 31 30 30 31 37 31 40 66 31 41 30 31 30 32 81 75 97 B9 89 F0 81 76,40 76 31 30 30 31 37 31 40 66 31 41 30 31 30 32 A1 B8 C1 CB BD E2 A1 A3 A1 B9
jyosyo04.bin,55,42,44,43,中文更长,是,1,1,1,1,否,否,@v100178@f1A0108「あいつ……どうしたんだ」,@v100178@f1A0108「那家伙……到底怎么了……」,40 76 31 30 30 31 37 38 40 66 31 41 30 31 30 38 81 75 82 A0 82 A2 82 C2 81 63 81 63 82 C7 82 A4 82 B5 82 BD 82 F1 82 BE 81 76,40 76 31 30 30 31 37 38 40 66 31 41 30 31 30 38 A1 B8 C4 C7 BC D2 BB EF A1 AD A1 AD B5 BD B5 D7 D4 F5 C3 B4 C1 CB A1 AD A1 AD A1 B9
jyosyo04.bin,99,40,42,41,中文更长,是,1,1,1,1,否,否,@v100202@f1A0103「よし、月菜……次は？」,@v100202@f1A0103「好，月菜……接下来呢？」,40 76 31 30 30 32 30 32 40 66 31 41 30 31 30 33 81 75 82 E6 82 B5 81 41 8C 8E 8D D8 81 63 81 63 8E 9F 82 CD 81 48 81 76,40 76 31 30 30 32 30 32 40 66 31 41 30 31 30 33 A1 B8 BA C3 A3 AC D4 C2 B2 CB A1 AD A1 AD BD D3 CF C2 C0 B4 C4 D8 A3 BF A1 B9
jyosyo04.bin,105,34,36,35,中文更长,是,1,1,1,1,否,否,@f1A0102「……よし、月菜、次は？」,@f1A0102「……好，月菜，接下来呢？」,40 66 31 41 30 31 30 32 81 75 81 63 81 63 82 E6 82 B5 81 41 8C 8E 8D D8 81 41 8E 9F 82 CD 81 48 81 76,40 66 31 41 30 31 30 32 A1 B8 A1 AD A1 AD BA C3 A3 AC D4 C2 B2 CB A3 AC BD D3 CF C2 C0 B4 C4 D8 A3 BF A1 B9
jyosyo04.bin,122,54,60,55,中文更长,是,1,1,1,1,否,否,@f1A0102「……あれがそのホールか、月菜、敵の反応は？」,@f1A0102「……那个就是你说的大厅吗，月菜，有敌人的反应吗？」,40 66 31 41 30 31 30 32 81 75 81 63 81 63 82 A0 82 EA 82 AA 82 BB 82 CC 83 7A 81 5B 83 8B 82 A9 81 41 8C 8E 8D D8 81 41 93 47 82 CC 94 BD 89 9E 82 CD 81 48 81 76,40 66 31 41 30 31 30 32 A1 B8 A1 AD A1 AD C4 C7 B8 F6 BE CD CA C7 C4 E3 CB B5 B5 C4 B4 F3 CC FC C2 F0 A3 AC D4 C2 B2 CB A3 AC D3 D0 B5 D0 C8 CB B5 C4 B7 B4 D3 A6 C2 F0 A3 BF A1 B9
jyosyo04.bin,141,36,38,37,中文更长,是,1,1,1,1,否,否,@f1A0128「……あ、ああ……大丈夫だ」,@f1A0128「……啊，嗯……不要紧的……」,40 66 31 41 30 31 32 38 81 75 81 63 81 63 82 A0 81 41 82 A0 82 A0 81 63 81 63 91 E5 8F E4 95 76 82 BE 81 76,40 66 31 41 30 31 32 38 A1 B8 A1 AD A1 AD B0 A1 A3 AC E0 C5 A1 AD A1 AD B2 BB D2 AA BD F4 B5 C4 A1 AD A1 AD A1 B9
jyosyo04.bin,169,46,50,47,中文更长,是,1,1,1,1,否,否,@f1A0102「……だとしたらテロリストの勝ちだな」,@f1A0102「……如果是的话，那就是恐怖分子赢了呢。」,40 66 31 41 30 31 30 32 81 75 81 63 81 63 82 BE 82 C6 82 B5 82 BD 82 E7 83 65 83 8D 83 8A 83 58 83 67 82 CC 8F 9F 82 BF 82 BE 82 C8 81 76,40 66 31 41 30 31 30 32 A1 B8 A1 AD A1 AD C8 E7 B9 FB CA C7 B5 C4 BB B0 A3 AC C4 C7 BE CD CA C7 BF D6 B2 C0 B7 D6 D7 D3 D3 AE C1 CB C4 D8 A1 A3 A1 B9
jyosyo04.bin,224,20,24,21,中文更长,是,1,1,1,1,否,否,@f1A0113「……優哉」,@f1A0113「……优哉……」,40 66 31 41 30 31 31 33 81 75 81 63 81 63 97 44 8D C6 81 76,40 66 31 41 30 31 31 33 A1 B8 A1 AD A1 AD D3 C5 D4 D5 A1 AD A1 AD A1 B9
jyosyo04.bin,225,32,38,33,中文更长,是,0,0,0,0,否,否,……握った優哉の手は冷たかった。,……我握住了优哉的手，他的手已经凉了。,81 63 81 63 88 AC 82 C1 82 BD 97 44 8D C6 82 CC 8E E8 82 CD 97 E2 82 BD 82 A9 82 C1 82 BD 81 42,A1 AD A1 AD CE D2 CE D5 D7 A1 C1 CB D3 C5 D4 D5 B5 C4 CA D6 A3 AC CB FB B5 C4 CA D6 D2 D1 BE AD C1 B9 C1 CB A1 A3
jyosyo05.bin,13,24,26,25,中文更长,是,1,1,1,1,否,否,@v100253「何だ……！？」,@v100253「怎么了……！？」,40 76 31 30 30 32 35 33 81 75 89 BD 82 BE 81 63 81 63 81 49 81 48 81 76,40 76 31 30 30 32 35 33 A1 B8 D4 F5 C3 B4 C1 CB A1 AD A1 AD A3 A1 A3 BF A1 B9
jyosyo05.bin,62,92,72,93,中文更短,否,1,1,1,2,是,是,@v100277「あなたも軍に入隊して、私と一緒に治安を守りませんか？」……これは軍の入隊チラシだ。,@v100277「你也来参军，和我一起守护治安吧？」……这是军队的征兵传单啊。」,40 76 31 30 30 32 37 37 81 75 82 A0 82 C8 82 BD 82 E0 8C 52 82 C9 93 FC 91 E0 82 B5 82 C4 81 41 8E 84 82 C6 88 EA 8F 8F 82 C9 8E A1 88 C0 82 F0 8E E7 82 E8 82 DC 82 B9 82 F1 82 A9 81 48 81 76 81 63 81 63 82 B1 82 EA 82 CD 8C 52 82 CC 93 FC 91 E0 83 60 83 89 83 56 82 BE 81 42,40 76 31 30 30 32 37 37 A1 B8 C4 E3 D2 B2 C0 B4 B2 CE BE FC A3 AC BA CD CE D2 D2 BB C6 F0 CA D8 BB A4 D6 CE B0 B2 B0 C9 A3 BF A1 B9 A1 AD A1 AD D5 E2 CA C7 BE FC B6 D3 B5 C4 D5 F7 B1 F8 B4 AB B5 A5 B0 A1 A1 A3 A1 B9
jyosyo05.bin,64,20,26,21,中文更长,是,1,1,1,1,否,否,@f1A0121「………な」,@f1A0121「………什么……」,40 66 31 41 30 31 32 31 81 75 81 63 81 63 81 63 82 C8 81 76,40 66 31 41 30 31 32 31 A1 B8 A1 AD A1 AD A1 AD CA B2 C3 B4 A1 AD A1 AD A1 B9
jyosyo05.bin,79,26,28,27,中文更长,是,1,1,1,1,否,否,@v100283@f3A0106「結構だ」,@v100283@f3A0106「可以的。」,40 76 31 30 30 32 38 33 40 66 33 41 30 31 30 36 81 75 8C 8B 8D 5C 82 BE 81 76,40 76 31 30 30 32 38 33 40 66 33 41 30 31 30 36 A1 B8 BF C9 D2 D4 B5 C4 A1 A3 A1 B9
jyosyo07.bin,1,48,54,49,中文更长,是,0,0,0,0,否,否,窓の明かりを反射して、優哉の操作席で何かが輝く。,窗外的光线照射进来，优哉的操作席上有什么东西闪着光辉。,91 8B 82 CC 96 BE 82 A9 82 E8 82 F0 94 BD 8E CB 82 B5 82 C4 81 41 97 44 8D C6 82 CC 91 80 8D EC 90 C8 82 C5 89 BD 82 A9 82 AA 8B 50 82 AD 81 42,B4 B0 CD E2 B5 C4 B9 E2 CF DF D5 D5 C9 E4 BD F8 C0 B4 A3 AC D3 C5 D4 D5 B5 C4 B2 D9 D7 F7 CF AF C9 CF D3 D0 CA B2 C3 B4 B6 AB CE F7 C9 C1 D7 C5 B9 E2 BB D4 A1 A3
jyosyo07.bin,3,108,111,109,中文更长,否,0,0,0,0,否,否,電子体用装備を封入した自慢の@r小道具@ペンダント@……優哉は知り合った頃から、これを自慢の種にしてたっけ……。,那是他引以为傲的@r小道具@Pendant@，里面封入了电子体使用的装备……从我认识优哉的时候起，他就一直引以为傲吧……。,93 64 8E 71 91 CC 97 70 91 95 94 F5 82 F0 95 95 93 FC 82 B5 82 BD 8E A9 96 9D 82 CC 40 72 8F AC 93 B9 8B EF 40 83 79 83 93 83 5F 83 93 83 67 40 81 63 81 63 97 44 8D C6 82 CD 92 6D 82 E8 8D 87 82 C1 82 BD 8D A0 82 A9 82 E7 81 41 82 B1 82 EA 82 F0 8E A9 96 9D 82 CC 8E ED 82 C9 82 B5 82 C4 82 BD 82 C1 82 AF 81 63 81 63 81 42,C4 C7 CA C7 CB FB D2 FD D2 D4 CE AA B0 C1 B5 C4 40 72 D0 A1 B5 C0 BE DF 40 50 65 6E 64 61 6E 74 40 A3 AC C0 EF C3 E6 B7 E2 C8 EB C1 CB B5 E7 D7 D3 CC E5 CA B9 D3 C3 B5 C4 D7 B0 B1 B8 A1 AD A1 AD B4 D3 CE D2 C8 CF CA B6 D3 C5 D4 D5 B5 C4 CA B1 BA F2 C6 F0 A3 AC CB FB BE CD D2 BB D6 B1 D2 FD D2 D4 CE AA B0 C1 B0 C9 A1 AD A1 AD A1 A3
jyosyo07.bin,34,122,132,123,中文更长,是,0,0,0,0,否,否,……軽い気持ちで危険を招いた愚かしさへの自責の念。……親友に二度と会えない胸の痛み。……そして、親友を殺したヤツへの怒り。,……轻率的心情招来了危险，对于这种愚蠢，我深深自责。……无法再次见到好友，令我胸口疼痛。……并且，还有对于杀死好友的家伙，那股愤怒。,81 63 81 63 8C 79 82 A2 8B 43 8E 9D 82 BF 82 C5 8A EB 8C AF 82 F0 8F B5 82 A2 82 BD 8B F0 82 A9 82 B5 82 B3 82 D6 82 CC 8E A9 90 D3 82 CC 94 4F 81 42 81 63 81 63 90 65 97 46 82 C9 93 F1 93 78 82 C6 89 EF 82 A6 82 C8 82 A2 8B B9 82 CC 92 C9 82 DD 81 42 81 63 81 63 82 BB 82 B5 82 C4 81 41 90 65 97 46 82 F0 8E 45 82 B5 82 BD 83 84 83 63 82 D6 82 CC 93 7B 82 E8 81 42,A1 AD A1 AD C7 E1 C2 CA B5 C4 D0 C4 C7 E9 D5 D0 C0 B4 C1 CB CE A3 CF D5 A3 AC B6 D4 D3 DA D5 E2 D6 D6 D3 DE B4 C0 A3 AC CE D2 C9 EE C9 EE D7 D4 D4 F0 A1 A3 A1 AD A1 AD CE DE B7 A8 D4 D9 B4 CE BC FB B5 BD BA C3 D3 D1 A3 AC C1 EE CE D2 D0 D8 BF DA CC DB CD B4 A1 A3 A1 AD A1 AD B2 A2 C7 D2 A3 AC BB B9 D3 D0 B6 D4 D3 DA C9 B1 CB C0 BA C3 D3 D1 B5 C4 BC D2 BB EF A3 AC C4 C7 B9 C9 B7 DF C5 AD A1 A3
jyosyo08.bin,2,26,28,27,中文更长,是,1,1,1,1,否,否,@v100292@f1B0133「……透」,@v100292@f1B0133「……透。」,40 76 31 30 30 32 39 32 40 66 31 42 30 31 33 33 81 75 81 63 81 63 93 A7 81 76,40 76 31 30 30 32 39 32 40 66 31 42 30 31 33 33 A1 B8 A1 AD A1 AD CD B8 A1 A3 A1 B9
jyosyo08.bin,3,28,34,29,中文更长,是,1,1,1,1,否,否,@f1A0117「……なんだ月菜か」,@f1A0117「……什么啊，是月菜吗。」,40 66 31 41 30 31 31 37 81 75 81 63 81 63 82 C8 82 F1 82 BE 8C 8E 8D D8 82 A9 81 76,40 66 31 41 30 31 31 37 A1 B8 A1 AD A1 AD CA B2 C3 B4 B0 A1 A3 AC CA C7 D4 C2 B2 CB C2 F0 A1 A3 A1 B9
jyosyo08.bin,6,34,40,35,中文更长,是,1,1,1,1,否,否,@v100293@f1B0133「うん……私はね」,@v100293@f1B0133「嗯……我的结束了……」,40 76 31 30 30 32 39 33 40 66 31 42 30 31 33 33 81 75 82 A4 82 F1 81 63 81 63 8E 84 82 CD 82 CB 81 76,40 76 31 30 30 32 39 33 40 66 31 42 30 31 33 33 A1 B8 E0 C5 A1 AD A1 AD CE D2 B5 C4 BD E1 CA F8 C1 CB A1 AD A1 AD A1 B9
jyosyo08.bin,13,34,36,35,中文更长,是,1,1,1,1,否,否,@v100296@f1B0128「………ごめんね」,@v100296@f1B0128「………对不起……」,40 76 31 30 30 32 39 36 40 66 31 42 30 31 32 38 81 75 81 63 81 63 81 63 82 B2 82 DF 82 F1 82 CB 81 76,40 76 31 30 30 32 39 36 40 66 31 42 30 31 32 38 A1 B8 A1 AD A1 AD A1 AD B6 D4 B2 BB C6 F0 A1 AD A1 AD A1 B9
jyosyo08.bin,35,48,50,49,中文更长,是,1,1,1,1,否,否,@f1A0130「そうさ……優哉を殺したヤツのいる所さ」,@f1A0130「是呀……就是杀死优哉的家伙所在的地方。」,40 66 31 41 30 31 33 30 81 75 82 BB 82 A4 82 B3 81 63 81 63 97 44 8D C6 82 F0 8E 45 82 B5 82 BD 83 84 83 63 82 CC 82 A2 82 E9 8F 8A 82 B3 81 76,40 66 31 41 30 31 33 30 A1 B8 CA C7 D1 BD A1 AD A1 AD BE CD CA C7 C9 B1 CB C0 D3 C5 D4 D5 B5 C4 BC D2 BB EF CB F9 D4 DA B5 C4 B5 D8 B7 BD A1 A3 A1 B9
jyosyo08.bin,53,26,28,27,中文更长,是,1,1,1,1,否,否,@v100309@f1B0113「……透」,@v100309@f1B0113「……透。」,40 76 31 30 30 33 30 39 40 66 31 42 30 31 31 33 81 75 81 63 81 63 93 A7 81 76,40 76 31 30 30 33 30 39 40 66 31 42 30 31 31 33 A1 B8 A1 AD A1 AD CD B8 A1 A3 A1 B9
mino_aya01.bin,22,10,12,11,中文更长,是,0,0,0,0,否,否,眼鏡の女性,戴眼镜的女性,8A E1 8B BE 82 CC 8F 97 90 AB,B4 F7 D1 DB BE B5 B5 C4 C5 AE D0 D4
mino_aya01.bin,36,28,30,29,中文更长,是,1,1,1,1,否,否,@f1A0317「……あ、俺の顔だ」,@f1A0317「……啊，是我的脸。」,40 66 31 41 30 33 31 37 81 75 81 63 81 63 82 A0 81 41 89 B4 82 CC 8A E7 82 BE 81 76,40 66 31 41 30 33 31 37 A1 B8 A1 AD A1 AD B0 A1 A3 AC CA C7 CE D2 B5 C4 C1 B3 A1 A3 A1 B9
mino_aya01.bin,71,30,32,31,中文更长,是,1,1,1,1,否,否,@f1A0324「……あの、なにか？」,@f1A0324「……那个，有什么事？」,40 66 31 41 30 33 32 34 81 75 81 63 81 63 82 A0 82 CC 81 41 82 C8 82 C9 82 A9 81 48 81 76,40 66 31 41 30 33 32 34 A1 B8 A1 AD A1 AD C4 C7 B8 F6 A3 AC D3 D0 CA B2 C3 B4 CA C2 A3 BF A1 B9
mino_aya01.bin,85,26,28,27,中文更长,是,1,1,1,1,否,否,@v100335@f1A0200「……ん」,@v100335@f1A0200「……嗯。」,40 76 31 30 30 33 33 35 40 66 31 41 30 32 30 30 81 75 81 63 81 63 82 F1 81 76,40 76 31 30 30 33 33 35 40 66 31 41 30 32 30 30 A1 B8 A1 AD A1 AD E0 C5 A1 A3 A1 B9
mino_aya01.bin,101,38,40,39,中文更长,是,1,1,1,1,否,否,@v100343@f1A0104「……お前、名前は？」,@v100343@f1A0104「……你，叫什么名字？」,40 76 31 30 30 33 34 33 40 66 31 41 30 31 30 34 81 75 81 63 81 63 82 A8 91 4F 81 41 96 BC 91 4F 82 CD 81 48 81 76,40 76 31 30 30 33 34 33 40 66 31 41 30 31 30 34 A1 B8 A1 AD A1 AD C4 E3 A3 AC BD D0 CA B2 C3 B4 C3 FB D7 D6 A3 BF A1 B9
mino_aya01.bin,109,30,32,31,中文更长,是,1,1,1,1,否,否,@v100346@f1A0104「……八木澤」,@v100346@f1A0104「……八木泽。」,40 76 31 30 30 33 34 36 40 66 31 41 30 31 30 34 81 75 81 63 81 63 94 AA 96 D8 E0 56 81 76,40 76 31 30 30 33 34 36 40 66 31 41 30 31 30 34 A1 B8 A1 AD A1 AD B0 CB C4 BE D4 F3 A1 A3 A1 B9
mino_aya01.bin,147,12,16,13,中文更长,是,0,0,0,0,否,否,軽そうな優男,似乎很轻浮的帅哥,8C 79 82 BB 82 A4 82 C8 97 44 92 6A,CB C6 BA F5 BA DC C7 E1 B8 A1 B5 C4 CB A7 B8 E7
mino_aya01.bin,213,58,60,59,中文更长,是,1,1,1,1,否,否,@f1A0311「……畜生、兵隊なら、兵隊らしくしてろよな……！」,@f1A0311「……畜生，既然是士兵，就要像个士兵的样子啊……！」,40 66 31 41 30 33 31 31 81 75 81 63 81 63 92 7B 90 B6 81 41 95 BA 91 E0 82 C8 82 E7 81 41 95 BA 91 E0 82 E7 82 B5 82 AD 82 B5 82 C4 82 EB 82 E6 82 C8 81 63 81 63 81 49 81 76,40 66 31 41 30 33 31 31 A1 B8 A1 AD A1 AD D0 F3 C9 FA A3 AC BC C8 C8 BB CA C7 CA BF B1 F8 A3 AC BE CD D2 AA CF F1 B8 F6 CA BF B1 F8 B5 C4 D1 F9 D7 D3 B0 A1 A1 AD A1 AD A3 A1 A1 B9
mino_aya01.bin,224,64,68,65,中文更长,是,1,1,1,1,否,否,@v100393@f1A0219「……あれでも根はいい人達なんです……ただ……」,@v100393@f1A0219「……虽然大家那个样子，但其实都是好人……只是……」,40 76 31 30 30 33 39 33 40 66 31 41 30 32 31 39 81 75 81 63 81 63 82 A0 82 EA 82 C5 82 E0 8D AA 82 CD 82 A2 82 A2 90 6C 92 42 82 C8 82 F1 82 C5 82 B7 81 63 81 63 82 BD 82 BE 81 63 81 63 81 76,40 76 31 30 30 33 39 33 40 66 31 41 30 32 31 39 A1 B8 A1 AD A1 AD CB E4 C8 BB B4 F3 BC D2 C4 C7 B8 F6 D1 F9 D7 D3 A3 AC B5 AB C6 E4 CA B5 B6 BC CA C7 BA C3 C8 CB A1 AD A1 AD D6 BB CA C7 A1 AD A1 AD A1 B9
mino_aya01.bin,325,42,44,43,中文更长,是,1,1,1,1,否,否,@v100441@f1A0202「……２機撃破、１機捕獲」,@v100441@f1A0202「……击破２机，捕获１机。」,40 76 31 30 30 34 34 31 40 66 31 41 30 32 30 32 81 75 81 63 81 63 82 51 8B 40 8C 82 94 6A 81 41 82 50 8B 40 95 DF 8A 6C 81 76,40 76 31 30 30 34 34 31 40 66 31 41 30 32 30 32 A1 B8 A1 AD A1 AD BB F7 C6 C6 A3 B2 BB FA A3 AC B2 B6 BB F1 A3 B1 BB FA A1 A3 A1 B9
mino_aya01.bin,357,22,24,23,中文更长,是,1,1,1,1,否,否,@f1A0317「……子達？」,@f1A0317「……孩子们？」,40 66 31 41 30 33 31 37 81 75 81 63 81 63 8E 71 92 42 81 48 81 76,40 66 31 41 30 33 31 37 A1 B8 A1 AD A1 AD BA A2 D7 D3 C3 C7 A3 BF A1 B9
mino_aya02.bin,5,28,30,29,中文更长,是,1,1,1,1,否,否,@f1A0326「……原因はこれか」,@f1A0326「……原因是这个吗。」,40 66 31 41 30 33 32 36 81 75 81 63 81 63 8C B4 88 F6 82 CD 82 B1 82 EA 82 A9 81 76,40 66 31 41 30 33 32 36 A1 B8 A1 AD A1 AD D4 AD D2 F2 CA C7 D5 E2 B8 F6 C2 F0 A1 A3 A1 B9
mino_aya02.bin,33,32,36,33,中文更长,是,1,1,1,1,否,否,@v100483@f3A0211「…………はぁ」,@v100483@f3A0211「…………哈啊……」,40 76 31 30 30 34 38 33 40 66 33 41 30 32 31 31 81 75 81 63 81 63 81 63 81 63 82 CD 82 9F 81 76,40 76 31 30 30 34 38 33 40 66 33 41 30 32 31 31 A1 B8 A1 AD A1 AD A1 AD A1 AD B9 FE B0 A1 A1 AD A1 AD A1 B9
mino_aya02.bin,217,52,54,53,中文更长,是,1,1,1,1,否,否,@f1A0308「ああ……また来るよ。今度はＳＥＸ抜きでね」,@f1A0308「嗯……我还会来的。下次做ＳＥＸ以外的事吧。」,40 66 31 41 30 33 30 38 81 75 82 A0 82 A0 81 63 81 63 82 DC 82 BD 97 88 82 E9 82 E6 81 42 8D A1 93 78 82 CD 82 72 82 64 82 77 94 B2 82 AB 82 C5 82 CB 81 76,40 66 31 41 30 33 30 38 A1 B8 E0 C5 A1 AD A1 AD CE D2 BB B9 BB E1 C0 B4 B5 C4 A1 A3 CF C2 B4 CE D7 F6 A3 D3 A3 C5 A3 D8 D2 D4 CD E2 B5 C4 CA C2 B0 C9 A1 A3 A1 B9
mino_aya03.bin,7,18,20,19,中文更长,是,1,1,1,1,否,否,@f1A0117「……あ」,@f1A0117「……啊。」,40 66 31 41 30 31 31 37 81 75 81 63 81 63 82 A0 81 76,40 66 31 41 30 31 31 37 A1 B8 A1 AD A1 AD B0 A1 A1 A3 A1 B9
mino_aya03.bin,17,28,30,29,中文更长,是,1,1,1,1,否,否,@v100558@f2B0104「……そう」,@v100558@f2B0104「……是吗。」,40 76 31 30 30 35 35 38 40 66 32 42 30 31 30 34 81 75 81 63 81 63 82 BB 82 A4 81 76,40 76 31 30 30 35 35 38 40 66 32 42 30 31 30 34 A1 B8 A1 AD A1 AD CA C7 C2 F0 A1 A3 A1 B9
mino_aya03.bin,51,24,26,25,中文更长,是,1,1,1,1,否,否,@f1A0122「………あのな」,@f1A0122「………我说啊。」,40 66 31 41 30 31 32 32 81 75 81 63 81 63 81 63 82 A0 82 CC 82 C8 81 76,40 66 31 41 30 31 32 32 A1 B8 A1 AD A1 AD A1 AD CE D2 CB B5 B0 A1 A1 A3 A1 B9
mino_aya03.bin,62,56,58,57,中文更长,是,1,1,1,1,否,否,@f1A0113「……どう、味は？口に合わなければ別の店に……」,@f1A0113「……味道怎样？如果不合你口味，可以换别的店……」,40 66 31 41 30 31 31 33 81 75 81 63 81 63 82 C7 82 A4 81 41 96 A1 82 CD 81 48 8C FB 82 C9 8D 87 82 ED 82 C8 82 AF 82 EA 82 CE 95 CA 82 CC 93 58 82 C9 81 63 81 63 81 76,40 66 31 41 30 31 31 33 A1 B8 A1 AD A1 AD CE B6 B5 C0 D4 F5 D1 F9 A3 BF C8 E7 B9 FB B2 BB BA CF C4 E3 BF DA CE B6 A3 AC BF C9 D2 D4 BB BB B1 F0 B5 C4 B5 EA A1 AD A1 AD A1 B9
mino_aya03.bin,217,26,28,27,中文更长,是,1,1,1,1,否,否,@f1A0100「…………あのさ」,@f1A0100「…………那个……」,40 66 31 41 30 31 30 30 81 75 81 63 81 63 81 63 81 63 82 A0 82 CC 82 B3 81 76,40 66 31 41 30 31 30 30 A1 B8 A1 AD A1 AD A1 AD A1 AD C4 C7 B8 F6 A1 AD A1 AD A1 B9
mino_aya04.bin,106,36,40,37,中文更长,是,1,1,1,1,否,否,@f1A0302「……みのり、周囲に敵は？」,@f1A0302「……美野里，周围还有敌人吗？」,40 66 31 41 30 33 30 32 81 75 81 63 81 63 82 DD 82 CC 82 E8 81 41 8E FC 88 CD 82 C9 93 47 82 CD 81 48 81 76,40 66 31 41 30 33 30 32 A1 B8 A1 AD A1 AD C3 C0 D2 B0 C0 EF A3 AC D6 DC CE A7 BB B9 D3 D0 B5 D0 C8 CB C2 F0 A3 BF A1 B9
mino_aya04.bin,110,34,36,35,中文更长,是,1,1,1,1,否,否,@v100656@f1A0101「………お蔭様で」,@v100656@f1A0101「………托你的福。」,40 76 31 30 30 36 35 36 40 66 31 41 30 31 30 31 81 75 81 63 81 63 81 63 82 A8 88 FC 97 6C 82 C5 81 76,40 76 31 30 30 36 35 36 40 66 31 41 30 31 30 31 A1 B8 A1 AD A1 AD A1 AD CD D0 C4 E3 B5 C4 B8 A3 A1 A3 A1 B9
mino_aya04.bin,142,58,64,59,中文更长,是,1,1,1,1,否,否,@f1A0311「……で、なにか用なのか！？世間話なら切るぞ！？」,@f1A0311「……那，你有什么事！？如果只是聊天，我要挂断了啊！？」,40 66 31 41 30 33 31 31 81 75 81 63 81 63 82 C5 81 41 82 C8 82 C9 82 A9 97 70 82 C8 82 CC 82 A9 81 49 81 48 90 A2 8A D4 98 62 82 C8 82 E7 90 D8 82 E9 82 BC 81 49 81 48 81 76,40 66 31 41 30 33 31 31 A1 B8 A1 AD A1 AD C4 C7 A3 AC C4 E3 D3 D0 CA B2 C3 B4 CA C2 A3 A1 A3 BF C8 E7 B9 FB D6 BB CA C7 C1 C4 CC EC A3 AC CE D2 D2 AA B9 D2 B6 CF C1 CB B0 A1 A3 A1 A3 BF A1 B9
mino_aya04.bin,190,24,26,25,中文更长,是,1,1,1,1,否,否,@f1A0311「…………くっ」,@f1A0311「…………呜……」,40 66 31 41 30 33 31 31 81 75 81 63 81 63 81 63 81 63 82 AD 82 C1 81 76,40 66 31 41 30 33 31 31 A1 B8 A1 AD A1 AD A1 AD A1 AD CE D8 A1 AD A1 AD A1 B9
mino_aya04.bin,223,16,18,17,中文更长,是,1,1,1,1,否,否,@f1A0317「彩音」,@f1A0317「彩音。」,40 66 31 41 30 33 31 37 81 75 8D CA 89 B9 81 76,40 66 31 41 30 33 31 37 A1 B8 B2 CA D2 F4 A1 A3 A1 B9
mino_aya05.bin,13,108,152,109,中文更长,是,0,0,0,0,否,否,もうすでにみのりは完全にだだっ子状態だ……俺にはどうしていいのかわからない、気分は正に『犬のお巡りさん』だ。,美野里已经完全是闹脾气的小孩子状态了……我不知道该如何是好，完全是『狗警官』的心情。（译者按：日本童谣，描述了迷路的小猫一直哭，狗警官束手无策的情景。）,82 E0 82 A4 82 B7 82 C5 82 C9 82 DD 82 CC 82 E8 82 CD 8A AE 91 53 82 C9 82 BE 82 BE 82 C1 8E 71 8F F3 91 D4 82 BE 81 63 81 63 89 B4 82 C9 82 CD 82 C7 82 A4 82 B5 82 C4 82 A2 82 A2 82 CC 82 A9 82 ED 82 A9 82 E7 82 C8 82 A2 81 41 8B 43 95 AA 82 CD 90 B3 82 C9 81 77 8C A2 82 CC 82 A8 8F 84 82 E8 82 B3 82 F1 81 78 82 BE 81 42,C3 C0 D2 B0 C0 EF D2 D1 BE AD CD EA C8 AB CA C7 C4 D6 C6 A2 C6 F8 B5 C4 D0 A1 BA A2 D7 D3 D7 B4 CC AC C1 CB A1 AD A1 AD CE D2 B2 BB D6 AA B5 C0 B8 C3 C8 E7 BA CE CA C7 BA C3 A3 AC CD EA C8 AB CA C7 A1 BA B9 B7 BE AF B9 D9 A1 BB B5 C4 D0 C4 C7 E9 A1 A3 A3 A8 D2 EB D5 DF B0 B4 A3 BA C8 D5 B1 BE CD AF D2 A5 A3 AC C3 E8 CA F6 C1 CB C3 D4 C2 B7 B5 C4 D0 A1 C3 A8 D2 BB D6 B1 BF DE A3 AC B9 B7 BE AF B9 D9 CA F8 CA D6 CE DE B2 DF B5 C4 C7 E9 BE B0 A1 A3 A3 A9
mino_aya05.bin,17,16,22,17,中文更长,是,0,0,0,0,否,否,詫びに食事に誘う,作为补偿，约她出去吃饭,98 6C 82 D1 82 C9 90 48 8E 96 82 C9 97 55 82 A4,D7 F7 CE AA B2 B9 B3 A5 A3 AC D4 BC CB FD B3 F6 C8 A5 B3 D4 B7 B9
mino_aya05.bin,56,36,40,37,中文更长,是,1,1,1,1,否,否,@f1A0100「……ごめんな、手近な店で」,@f1A0100「……对不起啊，只是近处的店。」,40 66 31 41 30 31 30 30 81 75 81 63 81 63 82 B2 82 DF 82 F1 82 C8 81 41 8E E8 8B DF 82 C8 93 58 82 C5 81 76,40 66 31 41 30 31 30 30 A1 B8 A1 AD A1 AD B6 D4 B2 BB C6 F0 B0 A1 A3 AC D6 BB CA C7 BD FC B4 A6 B5 C4 B5 EA A1 A3 A1 B9
mino_aya05.bin,57,42,44,43,中文更长,是,1,1,1,1,否,否,@v100723@f3F0102「いいえ、十分ですよ……」,@v100723@f3F0102「没事的，这里足够了呢……」,40 76 31 30 30 37 32 33 40 66 33 46 30 31 30 32 81 75 82 A2 82 A2 82 A6 81 41 8F 5C 95 AA 82 C5 82 B7 82 E6 81 63 81 63 81 76,40 76 31 30 30 37 32 33 40 66 33 46 30 31 30 32 A1 B8 C3 BB CA C2 B5 C4 A3 AC D5 E2 C0 EF D7 E3 B9 BB C1 CB C4 D8 A1 AD A1 AD A1 B9
mino_aya05.bin,60,22,24,23,中文更长,是,1,1,1,1,否,否,@f1A0100「……しかし」,@f1A0100「……可是……」,40 66 31 41 30 31 30 30 81 75 81 63 81 63 82 B5 82 A9 82 B5 81 76,40 66 31 41 30 31 30 30 A1 B8 A1 AD A1 AD BF C9 CA C7 A1 AD A1 AD A1 B9
mino_aya05.bin,88,22,24,23,中文更长,是,1,1,1,1,否,否,@f1A0202「……みのり」,@f1A0202「……美野里。」,40 66 31 41 30 32 30 32 81 75 81 63 81 63 82 DD 82 CC 82 E8 81 76,40 66 31 41 30 32 30 32 A1 B8 A1 AD A1 AD C3 C0 D2 B0 C0 EF A1 A3 A1 B9
mino_aya05.bin,104,36,40,37,中文更长,是,1,1,1,1,否,否,@v100736@f3A0209「はぁ……よろしく」,@v100736@f3A0209「哈啊……请多关照……」,40 76 31 30 30 37 33 36 40 66 33 41 30 32 30 39 81 75 82 CD 82 9F 81 63 81 63 82 E6 82 EB 82 B5 82 AD 81 76,40 76 31 30 30 37 33 36 40 66 33 41 30 32 30 39 A1 B8 B9 FE B0 A1 A1 AD A1 AD C7 EB B6 E0 B9 D8 D5 D5 A1 AD A1 AD A1 B9
mino_aya05.bin,118,36,40,37,中文更长,是,1,1,1,1,否,否,@v100736@f3F0109「はぁ……よろしく」,@v100736@f3F0109「哈啊……请多关照……」,40 76 31 30 30 37 33 36 40 66 33 46 30 31 30 39 81 75 82 CD 82 9F 81 63 81 63 82 E6 82 EB 82 B5 82 AD 81 76,40 76 31 30 30 37 33 36 40 66 33 46 30 31 30 39 A1 B8 B9 FE B0 A1 A1 AD A1 AD C7 EB B6 E0 B9 D8 D5 D5 A1 AD A1 AD A1 B9
mino_aya06.bin,60,48,54,49,中文更长,是,0,0,0,0,否,否,彩音の表情を見て、俺は尋ねるべき言葉を失う……。,我看到了彩音的表情，我本想问出的话已经说不出口了……。,8D CA 89 B9 82 CC 95 5C 8F EE 82 F0 8C A9 82 C4 81 41 89 B4 82 CD 90 71 82 CB 82 E9 82 D7 82 AB 8C BE 97 74 82 F0 8E B8 82 A4 81 63 81 63 81 42,CE D2 BF B4 B5 BD C1 CB B2 CA D2 F4 B5 C4 B1 ED C7 E9 A3 AC CE D2 B1 BE CF EB CE CA B3 F6 B5 C4 BB B0 D2 D1 BE AD CB B5 B2 BB B3 F6 BF DA C1 CB A1 AD A1 AD A1 A3
mino_aya07.bin,2,8,10,9,中文更长,是,0,0,0,0,否,否,みのりだ,是美野里。,82 DD 82 CC 82 E8 82 BE,CA C7 C3 C0 D2 B0 C0 EF A1 A3
mino_aya07.bin,3,6,8,7,中文更长,是,0,0,0,0,否,否,彩音だ,是彩音。,8D CA 89 B9 82 BE,CA C7 B2 CA D2 F4 A1 A3
mino_aya07.bin,6,18,20,19,中文更长,是,1,1,1,1,否,否,@v100774「……透」,@v100774「……透。」,40 76 31 30 30 37 37 34 81 75 81 63 81 63 93 A7 81 76,40 76 31 30 30 37 37 34 A1 B8 A1 AD A1 AD CD B8 A1 A3 A1 B9
mino_aya07.bin,8,32,34,33,中文更长,是,1,1,1,1,否,否,@v100775「……透……感じて……」,@v100775「……透……来感觉我……」,40 76 31 30 30 37 37 35 81 75 81 63 81 63 93 A7 81 63 81 63 8A B4 82 B6 82 C4 81 63 81 63 81 76,40 76 31 30 30 37 37 35 A1 B8 A1 AD A1 AD CD B8 A1 AD A1 AD C0 B4 B8 D0 BE F5 CE D2 A1 AD A1 AD A1 B9
mino_aya07.bin,41,32,34,33,中文更长,是,1,1,1,1,否,否,@f1A0322「……なんだ、夢か……」,@f1A0322「……什么啊，是梦吗……」,40 66 31 41 30 33 32 32 81 75 81 63 81 63 82 C8 82 F1 82 BE 81 41 96 B2 82 A9 81 63 81 63 81 76,40 66 31 41 30 33 32 32 A1 B8 A1 AD A1 AD CA B2 C3 B4 B0 A1 A3 AC CA C7 C3 CE C2 F0 A1 AD A1 AD A1 B9
mino_aya07.bin,120,32,34,33,中文更长,是,1,1,1,1,否,否,@v100819@f1A0201「……恐縮です」,@v100819@f1A0201「……感谢关心。」,40 76 31 30 30 38 31 39 40 66 31 41 30 32 30 31 81 75 81 63 81 63 8B B0 8F 6B 82 C5 82 B7 81 76,40 76 31 30 30 38 31 39 40 66 31 41 30 32 30 31 A1 B8 A1 AD A1 AD B8 D0 D0 BB B9 D8 D0 C4 A1 A3 A1 B9
mino_aya07.bin,159,34,38,35,中文更长,是,1,1,1,1,否,否,@f1A0324「……へえ、洋介よりもか」,@f1A0324「……哎～，比洋介还厉害吗。」,40 66 31 41 30 33 32 34 81 75 81 63 81 63 82 D6 82 A6 81 41 97 6D 89 EE 82 E6 82 E8 82 E0 82 A9 81 76,40 66 31 41 30 33 32 34 A1 B8 A1 AD A1 AD B0 A5 A1 AB A3 AC B1 C8 D1 F3 BD E9 BB B9 C0 F7 BA A6 C2 F0 A1 A3 A1 B9
mino_aya07.bin,176,34,38,35,中文更长,是,1,1,1,1,否,否,@f1A0301「……別に、単なる噂だよ」,@f1A0301「……没什么，只是传言而已。」,40 66 31 41 30 33 30 31 81 75 81 63 81 63 95 CA 82 C9 81 41 92 50 82 C8 82 E9 89 5C 82 BE 82 E6 81 76,40 66 31 41 30 33 30 31 A1 B8 A1 AD A1 AD C3 BB CA B2 C3 B4 A3 AC D6 BB CA C7 B4 AB D1 D4 B6 F8 D2 D1 A1 A3 A1 B9
mino_aya07.bin,183,38,40,39,中文更长,是,0,0,0,0,否,否,……そして、演習は日が沈むまで続いた。,……就这样，演习一直持续到太阳落下……。,81 63 81 63 82 BB 82 B5 82 C4 81 41 89 89 8F 4B 82 CD 93 FA 82 AA 92 BE 82 DE 82 DC 82 C5 91 B1 82 A2 82 BD 81 42,A1 AD A1 AD BE CD D5 E2 D1 F9 A3 AC D1 DD CF B0 D2 BB D6 B1 B3 D6 D0 F8 B5 BD CC AB D1 F4 C2 E4 CF C2 A1 AD A1 AD A1 A3
mino_aya07.bin,208,24,28,25,中文更长,是,1,1,1,1,否,否,@f1A0326「……完敗です」,@f1A0326「……是我的完败。」,40 66 31 41 30 33 32 36 81 75 81 63 81 63 8A AE 94 73 82 C5 82 B7 81 76,40 66 31 41 30 33 32 36 A1 B8 A1 AD A1 AD CA C7 CE D2 B5 C4 CD EA B0 DC A1 A3 A1 B9
mino_aya07.bin,229,22,24,23,中文更长,是,1,1,1,1,否,否,@f1A0327「……違うな」,@f1A0327「……不是啊。」,40 66 31 41 30 33 32 37 81 75 81 63 81 63 88 E1 82 A4 82 C8 81 76,40 66 31 41 30 33 32 37 A1 B8 A1 AD A1 AD B2 BB CA C7 B0 A1 A1 A3 A1 B9
mino_aya08.bin,39,32,34,33,中文更长,是,1,1,1,1,否,否,@v100883@f1C0213「……今のは？」,@v100883@f1C0213「……刚才是谁？」,40 76 31 30 30 38 38 33 40 66 31 43 30 32 31 33 81 75 81 63 81 63 8D A1 82 CC 82 CD 81 48 81 76,40 76 31 30 30 38 38 33 40 66 31 43 30 32 31 33 A1 B8 A1 AD A1 AD B8 D5 B2 C5 CA C7 CB AD A3 BF A1 B9
mino_aya08.bin,89,58,60,59,中文更长,是,0,0,0,0,否,否,みのりの声に振り向いた途端、頬にみのりの手のひらがあたる。,我听到了美野里的声音。我转过头去，美野里的手打在了我的脸上。,82 DD 82 CC 82 E8 82 CC 90 BA 82 C9 90 55 82 E8 8C FC 82 A2 82 BD 93 72 92 5B 81 41 96 6A 82 C9 82 DD 82 CC 82 E8 82 CC 8E E8 82 CC 82 D0 82 E7 82 AA 82 A0 82 BD 82 E9 81 42,CE D2 CC FD B5 BD C1 CB C3 C0 D2 B0 C0 EF B5 C4 C9 F9 D2 F4 A1 A3 CE D2 D7 AA B9 FD CD B7 C8 A5 A3 AC C3 C0 D2 B0 C0 EF B5 C4 CA D6 B4 F2 D4 DA C1 CB CE D2 B5 C4 C1 B3 C9 CF A1 A3
mino_aya08.bin,90,22,26,23,中文更长,是,1,1,1,1,否,否,@f1A0315「……みのり」,@f1A0315「……美野里……」,40 66 31 41 30 33 31 35 81 75 81 63 81 63 82 DD 82 CC 82 E8 81 76,40 66 31 41 30 33 31 35 A1 B8 A1 AD A1 AD C3 C0 D2 B0 C0 EF A1 AD A1 AD A1 B9
mino_aya09.bin,11,34,40,35,中文更长,是,1,1,1,1,否,否,@f1A0102「……必要ならやるだけさ」,@f1A0102「……有必要的话，我就会做的。」,40 66 31 41 30 31 30 32 81 75 81 63 81 63 95 4B 97 76 82 C8 82 E7 82 E2 82 E9 82 BE 82 AF 82 B3 81 76,40 66 31 41 30 31 30 32 A1 B8 A1 AD A1 AD D3 D0 B1 D8 D2 AA B5 C4 BB B0 A3 AC CE D2 BE CD BB E1 D7 F6 B5 C4 A1 A3 A1 B9
minori02.bin,6,34,36,35,中文更长,是,1,1,1,1,否,否,@v100953@f1A0200「……早かったな」,@v100953@f1A0200「……你们很快啊。」,40 76 31 30 30 39 35 33 40 66 31 41 30 32 30 30 81 75 81 63 81 63 91 81 82 A9 82 C1 82 BD 82 C8 81 76,40 76 31 30 30 39 35 33 40 66 31 41 30 32 30 30 A1 B8 A1 AD A1 AD C4 E3 C3 C7 BA DC BF EC B0 A1 A1 A3 A1 B9
minori03.bin,25,118,122,119,中文更长,是,0,0,0,0,否,否,答えながら、作戦室で見た大量死の光景を思い起こす……あんな事をする連中の仲間になる気持ちが俺にはまったく理解できない。,我回答着，想起了作战室里看到的大量死亡的景色……他们能够做出那种事情，彰竟然成为了那些家伙的同伴，这种心情我完全无法理解。,93 9A 82 A6 82 C8 82 AA 82 E7 81 41 8D EC 90 ED 8E BA 82 C5 8C A9 82 BD 91 E5 97 CA 8E 80 82 CC 8C F5 8C 69 82 F0 8E 76 82 A2 8B 4E 82 B1 82 B7 81 63 81 63 82 A0 82 F1 82 C8 8E 96 82 F0 82 B7 82 E9 98 41 92 86 82 CC 92 87 8A D4 82 C9 82 C8 82 E9 8B 43 8E 9D 82 BF 82 AA 89 B4 82 C9 82 CD 82 DC 82 C1 82 BD 82 AD 97 9D 89 F0 82 C5 82 AB 82 C8 82 A2 81 42,CE D2 BB D8 B4 F0 D7 C5 A3 AC CF EB C6 F0 C1 CB D7 F7 D5 BD CA D2 C0 EF BF B4 B5 BD B5 C4 B4 F3 C1 BF CB C0 CD F6 B5 C4 BE B0 C9 AB A1 AD A1 AD CB FB C3 C7 C4 DC B9 BB D7 F6 B3 F6 C4 C7 D6 D6 CA C2 C7 E9 A3 AC D5 C3 BE B9 C8 BB B3 C9 CE AA C1 CB C4 C7 D0 A9 BC D2 BB EF B5 C4 CD AC B0 E9 A3 AC D5 E2 D6 D6 D0 C4 C7 E9 CE D2 CD EA C8 AB CE DE B7 A8 C0 ED BD E2 A1 A3
minori03.bin,54,34,38,35,中文更长,是,1,1,1,1,否,否,@f1A0219「……彩音、本気か……？」,@f1A0219「……彩音，你是认真的……？」,40 66 31 41 30 32 31 39 81 75 81 63 81 63 8D CA 89 B9 81 41 96 7B 8B 43 82 A9 81 63 81 63 81 48 81 76,40 66 31 41 30 32 31 39 A1 B8 A1 AD A1 AD B2 CA D2 F4 A3 AC C4 E3 CA C7 C8 CF D5 E6 B5 C4 A1 AD A1 AD A3 BF A1 B9
minori04.bin,31,68,72,69,中文更长,是,1,1,1,1,否,否,@v101015@f1A0109「撃ってみろよ……？撃てばこの女も巻き添えだぜぇ？」,@v101015@f1A0109「你开枪试试啊……？开枪的话，这个女人也会被卷进来哦？」,40 76 31 30 31 30 31 35 40 66 31 41 30 31 30 39 81 75 8C 82 82 C1 82 C4 82 DD 82 EB 82 E6 81 63 81 63 81 48 8C 82 82 C4 82 CE 82 B1 82 CC 8F 97 82 E0 8A AA 82 AB 93 59 82 A6 82 BE 82 BA 82 A5 81 48 81 76,40 76 31 30 31 30 31 35 40 66 31 41 30 31 30 39 A1 B8 C4 E3 BF AA C7 B9 CA D4 CA D4 B0 A1 A1 AD A1 AD A3 BF BF AA C7 B9 B5 C4 BB B0 A3 AC D5 E2 B8 F6 C5 AE C8 CB D2 B2 BB E1 B1 BB BE ED BD F8 C0 B4 C5 B6 A3 BF A1 B9
minori04.bin,88,106,110,107,中文更长,是,1,1,1,1,否,否,@v101040@f2A0102「交戦して君が命を失うのは勝手だ……だが、その時はこの同僚の女性も巻き添いになるのだぞ？」,@v101040@f2A0102「你想要交战然后失去性命的话，是你的自由……但是，到那时，会把这作为同事的女性也卷入其中啊？」,40 76 31 30 31 30 34 30 40 66 32 41 30 31 30 32 81 75 8C F0 90 ED 82 B5 82 C4 8C 4E 82 AA 96 BD 82 F0 8E B8 82 A4 82 CC 82 CD 8F 9F 8E E8 82 BE 81 63 81 63 82 BE 82 AA 81 41 82 BB 82 CC 8E 9E 82 CD 82 B1 82 CC 93 AF 97 BB 82 CC 8F 97 90 AB 82 E0 8A AA 82 AB 93 59 82 A2 82 C9 82 C8 82 E9 82 CC 82 BE 82 BC 81 48 81 76,40 76 31 30 31 30 34 30 40 66 32 41 30 31 30 32 A1 B8 C4 E3 CF EB D2 AA BD BB D5 BD C8 BB BA F3 CA A7 C8 A5 D0 D4 C3 FC B5 C4 BB B0 A3 AC CA C7 C4 E3 B5 C4 D7 D4 D3 C9 A1 AD A1 AD B5 AB CA C7 A3 AC B5 BD C4 C7 CA B1 A3 AC BB E1 B0 D1 D5 E2 D7 F7 CE AA CD AC CA C2 B5 C4 C5 AE D0 D4 D2 B2 BE ED C8 EB C6 E4 D6 D0 B0 A1 A3 BF A1 B9
minori07.bin,21,44,46,45,中文更长,是,1,1,1,1,否,否,@v101098@f1A0107「住民への避難勧告は……？」,@v101098@f1A0107「对于居民的避难劝告呢……？」,40 76 31 30 31 30 39 38 40 66 31 41 30 31 30 37 81 75 8F 5A 96 AF 82 D6 82 CC 94 F0 93 EF 8A A9 8D 90 82 CD 81 63 81 63 81 48 81 76,40 76 31 30 31 30 39 38 40 66 31 41 30 31 30 37 A1 B8 B6 D4 D3 DA BE D3 C3 F1 B5 C4 B1 DC C4 D1 C8 B0 B8 E6 C4 D8 A1 AD A1 AD A3 BF A1 B9
minori07.bin,25,126,130,127,中文更长,是,1,1,1,1,否,否,@v101101@f2A0111「……百人たらずのテロリスト相手に軍@r一個師団@一万人@か……@w4400@f2A0112今回は俺達の出番は無さそうだな……」,@v101101@f2A0111「……对于不到百人的恐怖分子，动用@r一个师团@一万人@的军队吗……@w4400@f2A0112这次似乎没有我们上场的机会了呢……」,40 76 31 30 31 31 30 31 40 66 32 41 30 31 31 31 81 75 81 63 81 63 95 53 90 6C 82 BD 82 E7 82 B8 82 CC 83 65 83 8D 83 8A 83 58 83 67 91 8A 8E E8 82 C9 8C 52 40 72 88 EA 8C C2 8E 74 92 63 40 88 EA 96 9C 90 6C 40 82 A9 81 63 81 63 40 77 34 34 30 30 40 66 32 41 30 31 31 32 8D A1 89 F1 82 CD 89 B4 92 42 82 CC 8F 6F 94 D4 82 CD 96 B3 82 B3 82 BB 82 A4 82 BE 82 C8 81 63 81 63 81 76,40 76 31 30 31 31 30 31 40 66 32 41 30 31 31 31 A1 B8 A1 AD A1 AD B6 D4 D3 DA B2 BB B5 BD B0 D9 C8 CB B5 C4 BF D6 B2 C0 B7 D6 D7 D3 A3 AC B6 AF D3 C3 40 72 D2 BB B8 F6 CA A6 CD C5 40 D2 BB CD F2 C8 CB 40 B5 C4 BE FC B6 D3 C2 F0 A1 AD A1 AD 40 77 34 34 30 30 40 66 32 41 30 31 31 32 D5 E2 B4 CE CB C6 BA F5 C3 BB D3 D0 CE D2 C3 C7 C9 CF B3 A1 B5 C4 BB FA BB E1 C1 CB C4 D8 A1 AD A1 AD A1 B9
minori08.bin,8,74,76,75,中文更长,是,0,0,0,0,否,否,……彩音にしては珍しい軽口、しかし、敵愾心に燃えた目はあいかわらずだ……。,……对于彩音来说，这真是少见的玩笑。不过，她那充满敌对心的目光还是一样……。,81 63 81 63 8D CA 89 B9 82 C9 82 B5 82 C4 82 CD 92 BF 82 B5 82 A2 8C 79 8C FB 81 41 82 B5 82 A9 82 B5 81 41 93 47 9C BF 90 53 82 C9 94 52 82 A6 82 BD 96 DA 82 CD 82 A0 82 A2 82 A9 82 ED 82 E7 82 B8 82 BE 81 63 81 63 81 42,A1 AD A1 AD B6 D4 D3 DA B2 CA D2 F4 C0 B4 CB B5 A3 AC D5 E2 D5 E6 CA C7 C9 D9 BC FB B5 C4 CD E6 D0 A6 A1 A3 B2 BB B9 FD A3 AC CB FD C4 C7 B3 E4 C2 FA B5 D0 B6 D4 D0 C4 B5 C4 C4 BF B9 E2 BB B9 CA C7 D2 BB D1 F9 A1 AD A1 AD A1 A3
minori08.bin,40,36,40,37,中文更长,是,1,1,1,1,否,否,@f1A0318「みのりらしい答えだな……」,@f1A0318「这确实像是美野里的回答啊……」,40 66 31 41 30 33 31 38 81 75 82 DD 82 CC 82 E8 82 E7 82 B5 82 A2 93 9A 82 A6 82 BE 82 C8 81 63 81 63 81 76,40 66 31 41 30 33 31 38 A1 B8 D5 E2 C8 B7 CA B5 CF F1 CA C7 C3 C0 D2 B0 C0 EF B5 C4 BB D8 B4 F0 B0 A1 A1 AD A1 AD A1 B9
minori08.bin,50,70,72,71,中文更长,是,1,1,1,1,否,否,@v101127@f1A0214「と、とにかく……復讐で人生投げちゃうなんて不毛です」,@v101127@f1A0214「总，总之……因为复仇而毁掉人生的话，太没有意义了啊。」,40 76 31 30 31 31 32 37 40 66 31 41 30 32 31 34 81 75 82 C6 81 41 82 C6 82 C9 82 A9 82 AD 81 63 81 63 95 9C 8F 51 82 C5 90 6C 90 B6 93 8A 82 B0 82 BF 82 E1 82 A4 82 C8 82 F1 82 C4 95 73 96 D1 82 C5 82 B7 81 76,40 76 31 30 31 31 32 37 40 66 31 41 30 32 31 34 A1 B8 D7 DC A3 AC D7 DC D6 AE A1 AD A1 AD D2 F2 CE AA B8 B4 B3 F0 B6 F8 BB D9 B5 F4 C8 CB C9 FA B5 C4 BB B0 A3 AC CC AB C3 BB D3 D0 D2 E2 D2 E5 C1 CB B0 A1 A1 A3 A1 B9
minori08.bin,61,38,42,39,中文更长,是,1,1,1,1,否,否,@v101132@f1A0102「みのり……弱点は男」,@v101132@f1A0102「美野里……弱点是男人。」,40 76 31 30 31 31 33 32 40 66 31 41 30 31 30 32 81 75 82 DD 82 CC 82 E8 81 63 81 63 8E E3 93 5F 82 CD 92 6A 81 76,40 76 31 30 31 31 33 32 40 66 31 41 30 31 30 32 A1 B8 C3 C0 D2 B0 C0 EF A1 AD A1 AD C8 F5 B5 E3 CA C7 C4 D0 C8 CB A1 A3 A1 B9
minori09.bin,87,24,26,25,中文更长,是,1,1,1,1,否,否,@f1A0302「……帰投する」,@f1A0302「……我归还了。」,40 66 31 41 30 33 30 32 81 75 81 63 81 63 8B 41 93 8A 82 B7 82 E9 81 76,40 66 31 41 30 33 30 32 A1 B8 A1 AD A1 AD CE D2 B9 E9 BB B9 C1 CB A1 A3 A1 B9
ren01a.bin,13,42,44,43,中文更长,是,1,1,1,1,否,否,@f1A0124「……だから、その……そこに……」,@f1A0124「……我是说，那个……就在这里……」,40 66 31 41 30 31 32 34 81 75 81 63 81 63 82 BE 82 A9 82 E7 81 41 82 BB 82 CC 81 63 81 63 82 BB 82 B1 82 C9 81 63 81 63 81 76,40 66 31 41 30 31 32 34 A1 B8 A1 AD A1 AD CE D2 CA C7 CB B5 A3 AC C4 C7 B8 F6 A1 AD A1 AD BE CD D4 DA D5 E2 C0 EF A1 AD A1 AD A1 B9
ren02.bin,4,32,36,33,中文更长,是,1,1,1,1,否,否,@v100483@f1A0218「…………はぁ」,@v100483@f1A0218「…………哈啊……」,40 76 31 30 30 34 38 33 40 66 31 41 30 32 31 38 81 75 81 63 81 63 81 63 81 63 82 CD 82 9F 81 76,40 76 31 30 30 34 38 33 40 66 31 41 30 32 31 38 A1 B8 A1 AD A1 AD A1 AD A1 AD B9 FE B0 A1 A1 AD A1 AD A1 B9
ren03.bin,41,92,95,93,中文更长,否,1,1,1,1,否,否,@f1A0106「あのさ……腕前はわかったから、@r入室記録@ログ@ぐらい残してくれ……神経に悪すぎる」,@f1A0106「那个……我知道你的水平很高了，不过至少留下@r入室记录@Log@吧……这样对我的神经不好。」,40 66 31 41 30 31 30 36 81 75 82 A0 82 CC 82 B3 81 63 81 63 98 72 91 4F 82 CD 82 ED 82 A9 82 C1 82 BD 82 A9 82 E7 81 41 40 72 93 FC 8E BA 8B 4C 98 5E 40 83 8D 83 4F 40 82 AE 82 E7 82 A2 8E 63 82 B5 82 C4 82 AD 82 EA 81 63 81 63 90 5F 8C 6F 82 C9 88 AB 82 B7 82 AC 82 E9 81 76,40 66 31 41 30 31 30 36 A1 B8 C4 C7 B8 F6 A1 AD A1 AD CE D2 D6 AA B5 C0 C4 E3 B5 C4 CB AE C6 BD BA DC B8 DF C1 CB A3 AC B2 BB B9 FD D6 C1 C9 D9 C1 F4 CF C2 40 72 C8 EB CA D2 BC C7 C2 BC 40 4C 6F 67 40 B0 C9 A1 AD A1 AD D5 E2 D1 F9 B6 D4 CE D2 B5 C4 C9 F1 BE AD B2 BB BA C3 A1 A3 A1 B9
ren03.bin,42,46,47,47,中文更长,否,1,1,1,1,否,否,@v108457@f2B0103「……@r入室記録@ログ@って？」,@v108457@f2B0103「……@r入室记录@Log@是什么？」,40 76 31 30 38 34 35 37 40 66 32 42 30 31 30 33 81 75 81 63 81 63 40 72 93 FC 8E BA 8B 4C 98 5E 40 83 8D 83 4F 40 82 C1 82 C4 81 48 81 76,40 76 31 30 38 34 35 37 40 66 32 42 30 31 30 33 A1 B8 A1 AD A1 AD 40 72 C8 EB CA D2 BC C7 C2 BC 40 4C 6F 67 40 CA C7 CA B2 C3 B4 A3 BF A1 B9
ren03.bin,62,28,30,29,中文更长,是,1,1,1,1,否,否,@v108464@f1A0123「……うん」,@v108464@f1A0123「……嗯……」,40 76 31 30 38 34 36 34 40 66 31 41 30 31 32 33 81 75 81 63 81 63 82 A4 82 F1 81 76,40 76 31 30 38 34 36 34 40 66 31 41 30 31 32 33 A1 B8 A1 AD A1 AD E0 C5 A1 AD A1 AD A1 B9
ren03.bin,75,24,26,25,中文更长,是,1,1,1,1,否,否,@f1A0113「……嫌かい？」,@f1A0113「……不愿意吗？」,40 66 31 41 30 31 31 33 81 75 81 63 81 63 8C 99 82 A9 82 A2 81 48 81 76,40 66 31 41 30 31 31 33 A1 B8 A1 AD A1 AD B2 BB D4 B8 D2 E2 C2 F0 A3 BF A1 B9
ren05.bin,46,30,32,31,中文更长,是,1,1,1,1,否,否,@v108497@f1A0122「……ううん」,@v108497@f1A0122「……没事……」,40 76 31 30 38 34 39 37 40 66 31 41 30 31 32 32 81 75 81 63 81 63 82 A4 82 A4 82 F1 81 76,40 76 31 30 38 34 39 37 40 66 31 41 30 31 32 32 A1 B8 A1 AD A1 AD C3 BB CA C2 A1 AD A1 AD A1 B9
ren05.bin,100,16,18,17,中文更长,是,1,1,1,1,否,否,@f「……そうか」,@f「……是吗……」,40 66 81 75 81 63 81 63 82 BB 82 A4 82 A9 81 76,40 66 A1 B8 A1 AD A1 AD CA C7 C2 F0 A1 AD A1 AD A1 B9
ren06.bin,38,22,24,23,中文更长,是,1,1,1,1,否,否,@f1A0127「そうか……」,@f1A0127「是吗……！！」,40 66 31 41 30 31 32 37 81 75 82 BB 82 A4 82 A9 81 63 81 63 81 76,40 66 31 41 30 31 32 37 A1 B8 CA C7 C2 F0 A1 AD A1 AD A3 A1 A3 A1 A1 B9
ren07.bin,46,26,28,27,中文更长,是,1,1,1,1,否,否,@f1A0324「…………あのさ」,@f1A0324「…………那个……」,40 66 31 41 30 33 32 34 81 75 81 63 81 63 81 63 81 63 82 A0 82 CC 82 B3 81 76,40 66 31 41 30 33 32 34 A1 B8 A1 AD A1 AD A1 AD A1 AD C4 C7 B8 F6 A1 AD A1 AD A1 B9
ren08.bin,106,36,40,37,中文更长,是,1,1,1,1,否,否,@f1A0302「……みのり、周囲に敵は？」,@f1A0302「……美野里，周围还有敌人吗？」,40 66 31 41 30 33 30 32 81 75 81 63 81 63 82 DD 82 CC 82 E8 81 41 8E FC 88 CD 82 C9 93 47 82 CD 81 48 81 76,40 66 31 41 30 33 30 32 A1 B8 A1 AD A1 AD C3 C0 D2 B0 C0 EF A3 AC D6 DC CE A7 BB B9 D3 D0 B5 D0 C8 CB C2 F0 A3 BF A1 B9
ren08.bin,110,34,36,35,中文更长,是,1,1,1,1,否,否,@v100656@f1A0101「………お蔭様で」,@v100656@f1A0101「………托你的福。」,40 76 31 30 30 36 35 36 40 66 31 41 30 31 30 31 81 75 81 63 81 63 81 63 82 A8 88 FC 97 6C 82 C5 81 76,40 76 31 30 30 36 35 36 40 66 31 41 30 31 30 31 A1 B8 A1 AD A1 AD A1 AD CD D0 C4 E3 B5 C4 B8 A3 A1 A3 A1 B9
ren09.bin,36,36,40,37,中文更长,是,1,1,1,1,否,否,@f1A0313「……ごめんな、手近な店で」,@f1A0313「……对不起啊，只是近处的店。」,40 66 31 41 30 33 31 33 81 75 81 63 81 63 82 B2 82 DF 82 F1 82 C8 81 41 8E E8 8B DF 82 C8 93 58 82 C5 81 76,40 66 31 41 30 33 31 33 A1 B8 A1 AD A1 AD B6 D4 B2 BB C6 F0 B0 A1 A3 AC D6 BB CA C7 BD FC B4 A6 B5 C4 B5 EA A1 A3 A1 B9
ren09.bin,37,42,44,43,中文更长,是,1,1,1,1,否,否,@v100723@f3F0102「いいえ、十分ですよ……」,@v100723@f3F0102「没事的，这里足够了呢……」,40 76 31 30 30 37 32 33 40 66 33 46 30 31 30 32 81 75 82 A2 82 A2 82 A6 81 41 8F 5C 95 AA 82 C5 82 B7 82 E6 81 63 81 63 81 76,40 76 31 30 30 37 32 33 40 66 33 46 30 31 30 32 A1 B8 C3 BB CA C2 B5 C4 A3 AC D5 E2 C0 EF D7 E3 B9 BB C1 CB C4 D8 A1 AD A1 AD A1 B9
ren09.bin,40,22,24,23,中文更长,是,1,1,1,1,否,否,@f1A0313「……しかし」,@f1A0313「……可是……」,40 66 31 41 30 33 31 33 81 75 81 63 81 63 82 B5 82 A9 82 B5 81 76,40 66 31 41 30 33 31 33 A1 B8 A1 AD A1 AD BF C9 CA C7 A1 AD A1 AD A1 B9
ren09.bin,86,22,24,23,中文更长,是,1,1,1,1,否,否,@f1A0302「……みのり」,@f1A0302「……美野里。」,40 66 31 41 30 33 30 32 81 75 81 63 81 63 82 DD 82 CC 82 E8 81 76,40 66 31 41 30 33 30 32 A1 B8 A1 AD A1 AD C3 C0 D2 B0 C0 EF A1 A3 A1 B9
ren10.bin,58,34,38,35,中文更长,是,1,1,1,1,否,否,@f1A0126「……ごめん……つい……」,@f1A0126「……对不起……我不小心……」,40 66 31 41 30 31 32 36 81 75 81 63 81 63 82 B2 82 DF 82 F1 81 63 81 63 82 C2 82 A2 81 63 81 63 81 76,40 66 31 41 30 31 32 36 A1 B8 A1 AD A1 AD B6 D4 B2 BB C6 F0 A1 AD A1 AD CE D2 B2 BB D0 A1 D0 C4 A1 AD A1 AD A1 B9
ren11.bin,3,22,26,23,中文更长,是,1,1,1,1,否,否,@f1A0117「あ……月菜」,@f1A0117「啊……月菜……」,40 66 31 41 30 31 31 37 81 75 82 A0 81 63 81 63 8C 8E 8D D8 81 76,40 66 31 41 30 31 31 37 A1 B8 B0 A1 A1 AD A1 AD D4 C2 B2 CB A1 AD A1 AD A1 B9
ren13.bin,3,22,24,23,中文更长,是,1,1,1,1,否,否,@f1A0317「……お前ら」,@f1A0317「……你们……」,40 66 31 41 30 33 31 37 81 75 81 63 81 63 82 A8 91 4F 82 E7 81 76,40 66 31 41 30 33 31 37 A1 B8 A1 AD A1 AD C4 E3 C3 C7 A1 AD A1 AD A1 B9
ren14.bin,49,20,22,21,中文更长,是,1,1,1,1,否,否,@v108781「……うん」,@v108781「……嗯……」,40 76 31 30 38 37 38 31 81 75 81 63 81 63 82 A4 82 F1 81 76,40 76 31 30 38 37 38 31 A1 B8 A1 AD A1 AD E0 C5 A1 AD A1 AD A1 B9
ren15.bin,11,42,44,43,中文更长,是,1,1,1,1,否,否,@v108791@f3A0100「勿論……下着だけだけど」,@v108791@f3A0100「当然了……不过只有内衣。」,40 76 31 30 38 37 39 31 40 66 33 41 30 31 30 30 81 75 96 DC 98 5F 81 63 81 63 89 BA 92 85 82 BE 82 AF 82 BE 82 AF 82 C7 81 76,40 76 31 30 38 37 39 31 40 66 33 41 30 31 30 30 A1 B8 B5 B1 C8 BB C1 CB A1 AD A1 AD B2 BB B9 FD D6 BB D3 D0 C4 DA D2 C2 A1 A3 A1 B9
ren16.bin,21,58,64,59,中文更长,是,1,1,1,1,否,否,@f1A0311「……で、なにか用なのか！？世間話なら切るぞ！？」,@f1A0311「……那，你有什么事！？如果只是聊天，我要挂断了啊！？」,40 66 31 41 30 33 31 31 81 75 81 63 81 63 82 C5 81 41 82 C8 82 C9 82 A9 97 70 82 C8 82 CC 82 A9 81 49 81 48 90 A2 8A D4 98 62 82 C8 82 E7 90 D8 82 E9 82 BC 81 49 81 48 81 76,40 66 31 41 30 33 31 31 A1 B8 A1 AD A1 AD C4 C7 A3 AC C4 E3 D3 D0 CA B2 C3 B4 CA C2 A3 A1 A3 BF C8 E7 B9 FB D6 BB CA C7 C1 C4 CC EC A3 AC CE D2 D2 AA B9 D2 B6 CF C1 CB B0 A1 A3 A1 A3 BF A1 B9
ren16.bin,44,24,26,25,中文更长,是,1,1,1,1,否,否,@f1A0311「…………くっ」,@f1A0311「…………呜……」,40 66 31 41 30 33 31 31 81 75 81 63 81 63 81 63 81 63 82 AD 82 C1 81 76,40 66 31 41 30 33 31 31 A1 B8 A1 AD A1 AD A1 AD A1 AD CE D8 A1 AD A1 AD A1 B9
ren18.bin,23,60,66,61,中文更长,是,1,1,1,1,否,否,@v108844@f3A0103「……でも、話せば嫌われそうで……怖い……」,@v108844@f3A0103「……可是，说出来之后可能会被讨厌……很害怕……」,40 76 31 30 38 38 34 34 40 66 33 41 30 31 30 33 81 75 81 63 81 63 82 C5 82 E0 81 41 98 62 82 B9 82 CE 8C 99 82 ED 82 EA 82 BB 82 A4 82 C5 81 63 81 63 95 7C 82 A2 81 63 81 63 81 76,40 76 31 30 38 38 34 34 40 66 33 41 30 31 30 33 A1 B8 A1 AD A1 AD BF C9 CA C7 A3 AC CB B5 B3 F6 C0 B4 D6 AE BA F3 BF C9 C4 DC BB E1 B1 BB CC D6 D1 E1 A1 AD A1 AD BA DC BA A6 C5 C2 A1 AD A1 AD A1 B9
ren20.bin,26,18,22,19,中文更长,是,1,1,1,1,否,否,@f1A0313「……憐」,@f1A0313「……怜……」,40 66 31 41 30 33 31 33 81 75 81 63 81 63 97 F7 81 76,40 66 31 41 30 33 31 33 A1 B8 A1 AD A1 AD C1 AF A1 AD A1 AD A1 B9
ren20.bin,29,30,32,31,中文更长,是,1,1,1,1,否,否,@f1A0322「……わかったよ、憐」,@f1A0322「……我知道了，怜……」,40 66 31 41 30 33 32 32 81 75 81 63 81 63 82 ED 82 A9 82 C1 82 BD 82 E6 81 41 97 F7 81 76,40 66 31 41 30 33 32 32 A1 B8 A1 AD A1 AD CE D2 D6 AA B5 C0 C1 CB A3 AC C1 AF A1 AD A1 AD A1 B9
ren22.bin,82,100,102,101,中文更长,是,1,1,1,1,否,否,@v101889@f1B0104「……この女はシュミクラム破壊時の神経ショックで半分麻痺状態……しかも離脱不能……」,@v101889@f1B0104「……这个女人在机体被破坏的时候，因为神经冲击进入了半麻痹状态……而且还无法脱离……」,40 76 31 30 31 38 38 39 40 66 31 42 30 31 30 34 81 75 81 63 81 63 82 B1 82 CC 8F 97 82 CD 83 56 83 85 83 7E 83 4E 83 89 83 80 94 6A 89 F3 8E 9E 82 CC 90 5F 8C 6F 83 56 83 87 83 62 83 4E 82 C5 94 BC 95 AA 96 83 E1 83 8F F3 91 D4 81 63 81 63 82 B5 82 A9 82 E0 97 A3 92 45 95 73 94 5C 81 63 81 63 81 76,40 76 31 30 31 38 38 39 40 66 31 42 30 31 30 34 A1 B8 A1 AD A1 AD D5 E2 B8 F6 C5 AE C8 CB D4 DA BB FA CC E5 B1 BB C6 C6 BB B5 B5 C4 CA B1 BA F2 A3 AC D2 F2 CE AA C9 F1 BE AD B3 E5 BB F7 BD F8 C8 EB C1 CB B0 EB C2 E9 B1 D4 D7 B4 CC AC A1 AD A1 AD B6 F8 C7 D2 BB B9 CE DE B7 A8 CD D1 C0 EB A1 AD A1 AD A1 B9
ren22.bin,93,26,32,27,中文更长,是,1,1,1,1,否,否,@f1A0312「卑怯者めっ！！」,@f1A0312「你这个卑鄙的家伙！！」,40 66 31 41 30 33 31 32 81 75 94 DA 8B AF 8E D2 82 DF 82 C1 81 49 81 49 81 76,40 66 31 41 30 33 31 32 A1 B8 C4 E3 D5 E2 B8 F6 B1 B0 B1 C9 B5 C4 BC D2 BB EF A3 A1 A3 A1 A1 B9
ren22.bin,154,58,60,59,中文更长,是,1,1,1,1,否,否,@v109011@f1A0113「く、くそっ……女を返せっ……こいつっ！」,@v109011@f1A0113「可，可恶……把女人还给我……你这个家伙！」,40 76 31 30 39 30 31 31 40 66 31 41 30 31 31 33 81 75 82 AD 81 41 82 AD 82 BB 82 C1 81 63 81 63 8F 97 82 F0 95 D4 82 B9 82 C1 81 63 81 63 82 B1 82 A2 82 C2 82 C1 81 49 81 76,40 76 31 30 39 30 31 31 40 66 31 41 30 31 31 33 A1 B8 BF C9 A3 AC BF C9 B6 F1 A1 AD A1 AD B0 D1 C5 AE C8 CB BB B9 B8 F8 CE D2 A1 AD A1 AD C4 E3 D5 E2 B8 F6 BC D2 BB EF A3 A1 A1 B9
ren22.bin,259,18,22,19,中文更长,是,1,1,1,1,否,否,@v100774「……透」,@v100774「……透……」,40 76 31 30 30 37 37 34 81 75 81 63 81 63 93 A7 81 76,40 76 31 30 30 37 37 34 A1 B8 A1 AD A1 AD CD B8 A1 AD A1 AD A1 B9
ren23.bin,39,64,66,65,中文更长,是,1,1,1,1,否,否,@v109070@f1A0202「相馬、今日の話は他言無用だ……権堂長官にもな」,@v109070@f1A0202「相马，今天说的话不许外传……即使是对权堂长官。」,40 76 31 30 39 30 37 30 40 66 31 41 30 32 30 32 81 75 91 8A 94 6E 81 41 8D A1 93 FA 82 CC 98 62 82 CD 91 BC 8C BE 96 B3 97 70 82 BE 81 63 81 63 8C A0 93 B0 92 B7 8A AF 82 C9 82 E0 82 C8 81 76,40 76 31 30 39 30 37 30 40 66 31 41 30 32 30 32 A1 B8 CF E0 C2 ED A3 AC BD F1 CC EC CB B5 B5 C4 BB B0 B2 BB D0 ED CD E2 B4 AB A1 AD A1 AD BC B4 CA B9 CA C7 B6 D4 C8 A8 CC C3 B3 A4 B9 D9 A1 A3 A1 B9
ren23.bin,41,40,42,41,中文更长,是,1,1,1,1,否,否,@v109071@f1A0202「……わけはいずれ話す」,@v109071@f1A0202「……以后会告诉你理由。」,40 76 31 30 39 30 37 31 40 66 31 41 30 32 30 32 81 75 81 63 81 63 82 ED 82 AF 82 CD 82 A2 82 B8 82 EA 98 62 82 B7 81 76,40 76 31 30 39 30 37 31 40 66 31 41 30 32 30 32 A1 B8 A1 AD A1 AD D2 D4 BA F3 BB E1 B8 E6 CB DF C4 E3 C0 ED D3 C9 A1 A3 A1 B9
ren24.bin,62,32,34,33,中文更长,是,1,1,1,1,否,否,@v109086@f3A0103「…………うん」,@v109086@f3A0103「…………嗯……」,40 76 31 30 39 30 38 36 40 66 33 41 30 31 30 33 81 75 81 63 81 63 81 63 81 63 82 A4 82 F1 81 76,40 76 31 30 39 30 38 36 40 66 33 41 30 31 30 33 A1 B8 A1 AD A1 AD A1 AD A1 AD E0 C5 A1 AD A1 AD A1 B9
ren24.bin,93,26,28,27,中文更长,是,1,1,1,1,否,否,@f1A0314「あのなぁ……憐」,@f1A0314「我说啊……怜……」,40 66 31 41 30 33 31 34 81 75 82 A0 82 CC 82 C8 82 9F 81 63 81 63 97 F7 81 76,40 66 31 41 30 33 31 34 A1 B8 CE D2 CB B5 B0 A1 A1 AD A1 AD C1 AF A1 AD A1 AD A1 B9
ren25.bin,22,32,36,33,中文更长,是,1,1,1,1,否,否,「……先生、妹は体の調子が……」,「……医生，我妹妹身体不太舒服……」,81 75 81 63 81 63 90 E6 90 B6 81 41 96 85 82 CD 91 CC 82 CC 92 B2 8E 71 82 AA 81 63 81 63 81 76,A1 B8 A1 AD A1 AD D2 BD C9 FA A3 AC CE D2 C3 C3 C3 C3 C9 ED CC E5 B2 BB CC AB CA E6 B7 FE A1 AD A1 AD A1 B9
ren25.bin,24,12,16,13,中文更长,是,1,1,1,1,否,否,「……けど」,「……可是……」,81 75 81 63 81 63 82 AF 82 C7 81 76,A1 B8 A1 AD A1 AD BF C9 CA C7 A1 AD A1 AD A1 B9
ren25.bin,25,64,68,65,中文更长,是,0,0,0,0,否,否,不吉な予感に脅える俺に、女の子は励ますように微笑んでくれる……。,我有了不祥的预感，我感到很害怕。女孩子像是要鼓励我，她对我微笑……。,95 73 8B 67 82 C8 97 5C 8A B4 82 C9 8B BA 82 A6 82 E9 89 B4 82 C9 81 41 8F 97 82 CC 8E 71 82 CD 97 E3 82 DC 82 B7 82 E6 82 A4 82 C9 94 F7 8F CE 82 F1 82 C5 82 AD 82 EA 82 E9 81 63 81 63 81 42,CE D2 D3 D0 C1 CB B2 BB CF E9 B5 C4 D4 A4 B8 D0 A3 AC CE D2 B8 D0 B5 BD BA DC BA A6 C5 C2 A1 A3 C5 AE BA A2 D7 D3 CF F1 CA C7 D2 AA B9 C4 C0 F8 CE D2 A3 AC CB FD B6 D4 CE D2 CE A2 D0 A6 A1 AD A1 AD A1 A3
ren25.bin,35,24,26,25,中文更长,是,1,1,1,1,否,否,@f1A0330「…………うっ」,@f1A0330「…………呜……」,40 66 31 41 30 33 33 30 81 75 81 63 81 63 81 63 81 63 82 A4 82 C1 81 76,40 66 31 41 30 33 33 30 A1 B8 A1 AD A1 AD A1 AD A1 AD CE D8 A1 AD A1 AD A1 B9
ren25.bin,106,30,32,31,中文更长,是,1,1,1,1,否,否,@v109140@f1C0105「さぁ……？」,@v109140@f1C0105「这个啊……？」,40 76 31 30 39 31 34 30 40 66 31 43 30 31 30 35 81 75 82 B3 82 9F 81 63 81 63 81 48 81 76,40 76 31 30 39 31 34 30 40 66 31 43 30 31 30 35 A1 B8 D5 E2 B8 F6 B0 A1 A1 AD A1 AD A3 BF A1 B9
ren25.bin,107,28,30,29,中文更长,是,1,1,1,1,否,否,@f1A0311「さぁって……！？」,@f1A0311「什么这个啊……！？」,40 66 31 41 30 33 31 31 81 75 82 B3 82 9F 82 C1 82 C4 81 63 81 63 81 49 81 48 81 76,40 66 31 41 30 33 31 31 A1 B8 CA B2 C3 B4 D5 E2 B8 F6 B0 A1 A1 AD A1 AD A3 A1 A3 BF A1 B9
ren25.bin,132,78,84,79,中文更长,是,0,0,0,0,否,否,俺は次の事態に備え腰を浮かせる……腰を浮かせた俺の肩を、誰かがそっと手で掴む。,我防备着接下来发生的事，重心放在了腰上……我刚抬起腰，有人轻轻地用手抓住了我的肩膀。,89 B4 82 CD 8E 9F 82 CC 8E 96 91 D4 82 C9 94 F5 82 A6 8D 98 82 F0 95 82 82 A9 82 B9 82 E9 81 63 81 63 8D 98 82 F0 95 82 82 A9 82 B9 82 BD 89 B4 82 CC 8C A8 82 F0 81 41 92 4E 82 A9 82 AA 82 BB 82 C1 82 C6 8E E8 82 C5 92 CD 82 DE 81 42,CE D2 B7 C0 B1 B8 D7 C5 BD D3 CF C2 C0 B4 B7 A2 C9 FA B5 C4 CA C2 A3 AC D6 D8 D0 C4 B7 C5 D4 DA C1 CB D1 FC C9 CF A1 AD A1 AD CE D2 B8 D5 CC A7 C6 F0 D1 FC A3 AC D3 D0 C8 CB C7 E1 C7 E1 B5 D8 D3 C3 CA D6 D7 A5 D7 A1 C1 CB CE D2 B5 C4 BC E7 B0 F2 A1 A3
ren26.bin,25,26,28,27,中文更长,是,1,1,1,1,否,否,@f1A0315「………月菜！？」,@f1A0315「…………月菜！？」,40 66 31 41 30 33 31 35 81 75 81 63 81 63 81 63 8C 8E 8D D8 81 49 81 48 81 76,40 66 31 41 30 33 31 35 A1 B8 A1 AD A1 AD A1 AD A1 AD D4 C2 B2 CB A3 A1 A3 BF A1 B9
ren27.bin,125,2,4,3,中文更长,是,0,0,0,0,否,否,男,男人,92 6A,C4 D0 C8 CB
ren27.bin,273,38,40,39,中文更长,是,1,1,1,1,否,否,@f1A0322「……彩音、命拾いしたよ……」,@f1A0322「……彩音，你让我捡了条命……」,40 66 31 41 30 33 32 32 81 75 81 63 81 63 8D CA 89 B9 81 41 96 BD 8F 45 82 A2 82 B5 82 BD 82 E6 81 63 81 63 81 76,40 66 31 41 30 33 32 32 A1 B8 A1 AD A1 AD B2 CA D2 F4 A3 AC C4 E3 C8 C3 CE D2 BC F1 C1 CB CC F5 C3 FC A1 AD A1 AD A1 B9
ren29.bin,48,26,28,27,中文更长,是,1,1,1,1,否,否,@v109312「…………ううっ」,@v109312「…………呜呜……」,40 76 31 30 39 33 31 32 81 75 81 63 81 63 81 63 81 63 82 A4 82 A4 82 C1 81 76,40 76 31 30 39 33 31 32 A1 B8 A1 AD A1 AD A1 AD A1 AD CE D8 CE D8 A1 AD A1 AD A1 B9
ren29.bin,80,48,50,49,中文更长,是,1,1,1,1,否,否,@f1A0302「と、とにかく早く服を着ろ……目の毒だ」,@f1A0302「总，总之快穿衣服……我不知道该看哪里。」,40 66 31 41 30 33 30 32 81 75 82 C6 81 41 82 C6 82 C9 82 A9 82 AD 91 81 82 AD 95 9E 82 F0 92 85 82 EB 81 63 81 63 96 DA 82 CC 93 C5 82 BE 81 76,40 66 31 41 30 33 30 32 A1 B8 D7 DC A3 AC D7 DC D6 AE BF EC B4 A9 D2 C2 B7 FE A1 AD A1 AD CE D2 B2 BB D6 AA B5 C0 B8 C3 BF B4 C4 C4 C0 EF A1 A3 A1 B9
ren30.bin,41,26,28,27,中文更长,是,1,1,1,1,否,否,@f1A0120「妙なもの……？」,@f1A0120「奇妙的东西……？」,40 66 31 41 30 31 32 30 81 75 96 AD 82 C8 82 E0 82 CC 81 63 81 63 81 48 81 76,40 66 31 41 30 31 32 30 A1 B8 C6 E6 C3 EE B5 C4 B6 AB CE F7 A1 AD A1 AD A3 BF A1 B9
ren31.bin,3,50,52,51,中文更长,是,1,1,1,1,否,否,@v109368@f1G0124「なあに……住めば都ってヤツだよ」,@v109368@f1G0124「没什么的……住下了也会觉得不错。」,40 76 31 30 39 33 36 38 40 66 31 47 30 31 32 34 81 75 82 C8 82 A0 82 C9 81 63 81 63 8F 5A 82 DF 82 CE 93 73 82 C1 82 C4 83 84 83 63 82 BE 82 E6 81 76,40 76 31 30 39 33 36 38 40 66 31 47 30 31 32 34 A1 B8 C3 BB CA B2 C3 B4 B5 C4 A1 AD A1 AD D7 A1 CF C2 C1 CB D2 B2 BB E1 BE F5 B5 C3 B2 BB B4 ED A1 A3 A1 B9
ren31.bin,40,22,26,23,中文更长,是,1,1,1,1,否,否,@f1A0111「……橘玲佳」,@f1A0111「……橘玲佳……」,40 66 31 41 30 31 31 31 81 75 81 63 81 63 8B 6B 97 E6 89 C0 81 76,40 66 31 41 30 31 31 31 A1 B8 A1 AD A1 AD E9 D9 C1 E1 BC D1 A1 AD A1 AD A1 B9
ren33.bin,75,28,30,29,中文更长,是,1,1,1,1,否,否,@v109456@f1A0122「……うん」,@v109456@f1A0122「……嗯……」,40 76 31 30 39 34 35 36 40 66 31 41 30 31 32 32 81 75 81 63 81 63 82 A4 82 F1 81 76,40 76 31 30 39 34 35 36 40 66 31 41 30 31 32 32 A1 B8 A1 AD A1 AD E0 C5 A1 AD A1 AD A1 B9
ren33.bin,96,28,30,29,中文更长,是,1,1,1,1,否,否,@v109466@f1A0122「……うん」,@v109466@f1A0122「……嗯……」,40 76 31 30 39 34 36 36 40 66 31 41 30 31 32 32 81 75 81 63 81 63 82 A4 82 F1 81 76,40 76 31 30 39 34 36 36 40 66 31 41 30 31 32 32 A1 B8 A1 AD A1 AD E0 C5 A1 AD A1 AD A1 B9
ren34.bin,22,68,70,69,中文更长,是,1,1,1,1,否,否,@v109490@f2A0110「……わかった、リャンが目覚めたら全てを話そう……」,@v109490@f2A0110「……我知道了，梁醒来之后，我会把一切都告诉你们……」,40 76 31 30 39 34 39 30 40 66 32 41 30 31 31 30 81 75 81 63 81 63 82 ED 82 A9 82 C1 82 BD 81 41 83 8A 83 83 83 93 82 AA 96 DA 8A 6F 82 DF 82 BD 82 E7 91 53 82 C4 82 F0 98 62 82 BB 82 A4 81 63 81 63 81 76,40 76 31 30 39 34 39 30 40 66 32 41 30 31 31 30 A1 B8 A1 AD A1 AD CE D2 D6 AA B5 C0 C1 CB A3 AC C1 BA D0 D1 C0 B4 D6 AE BA F3 A3 AC CE D2 BB E1 B0 D1 D2 BB C7 D0 B6 BC B8 E6 CB DF C4 E3 C3 C7 A1 AD A1 AD A1 B9
ren36.bin,12,14,16,15,中文更长,是,0,0,0,0,否,否,中国風の女の子,中国装扮的女孩子,92 86 8D 91 95 97 82 CC 8F 97 82 CC 8E 71,D6 D0 B9 FA D7 B0 B0 E7 B5 C4 C5 AE BA A2 D7 D3
ren37.bin,46,46,48,47,中文更长,是,1,1,1,1,否,否,@v109576@f1A0105「……それを聞いて安心したよ」,@v109576@f1A0105「……听了这句话，我就放心了。」,40 76 31 30 39 35 37 36 40 66 31 41 30 31 30 35 81 75 81 63 81 63 82 BB 82 EA 82 F0 95 B7 82 A2 82 C4 88 C0 90 53 82 B5 82 BD 82 E6 81 76,40 76 31 30 39 35 37 36 40 66 31 41 30 31 30 35 A1 B8 A1 AD A1 AD CC FD C1 CB D5 E2 BE E4 BB B0 A3 AC CE D2 BE CD B7 C5 D0 C4 C1 CB A1 A3 A1 B9
ren37.bin,61,68,70,69,中文更长,是,1,1,1,1,否,否,@v109581@f1A0128「いたたっ……@f1A0129まったく、最低の乗り心地だね」,@v109581@f1A0128「疼疼疼……@f1A0129真是的，这种坐车的感觉太差劲了。」,40 76 31 30 39 35 38 31 40 66 31 41 30 31 32 38 81 75 82 A2 82 BD 82 BD 82 C1 81 63 81 63 40 66 31 41 30 31 32 39 82 DC 82 C1 82 BD 82 AD 81 41 8D C5 92 E1 82 CC 8F E6 82 E8 90 53 92 6E 82 BE 82 CB 81 76,40 76 31 30 39 35 38 31 40 66 31 41 30 31 32 38 A1 B8 CC DB CC DB CC DB A1 AD A1 AD 40 66 31 41 30 31 32 39 D5 E6 CA C7 B5 C4 A3 AC D5 E2 D6 D6 D7 F8 B3 B5 B5 C4 B8 D0 BE F5 CC AB B2 EE BE A2 C1 CB A1 A3 A1 B9
ren37.bin,124,44,50,45,中文更长,是,1,1,1,1,否,否,@v109603@f1A0120「……でも、変だよ……ここ」,@v109603@f1A0120「……可是，很奇怪啊……这里……」,40 76 31 30 39 36 30 33 40 66 31 41 30 31 32 30 81 75 81 63 81 63 82 C5 82 E0 81 41 95 CF 82 BE 82 E6 81 63 81 63 82 B1 82 B1 81 76,40 76 31 30 39 36 30 33 40 66 31 41 30 31 32 30 A1 B8 A1 AD A1 AD BF C9 CA C7 A3 AC BA DC C6 E6 B9 D6 B0 A1 A1 AD A1 AD D5 E2 C0 EF A1 AD A1 AD A1 B9
ren37.bin,155,36,38,37,中文更长,是,1,1,1,1,否,否,@v109615@f1A0113「……大丈夫、透？」,@v109615@f1A0113「……不要紧吧，透？」,40 76 31 30 39 36 31 35 40 66 31 41 30 31 31 33 81 75 81 63 81 63 91 E5 8F E4 95 76 81 41 93 A7 81 48 81 76,40 76 31 30 39 36 31 35 40 66 31 41 30 31 31 33 A1 B8 A1 AD A1 AD B2 BB D2 AA BD F4 B0 C9 A3 AC CD B8 A3 BF A1 B9
ren37.bin,225,36,38,37,中文更长,是,1,1,1,1,否,否,@v109649@f1A0113「……透、大丈夫？」,@v109649@f1A0113「……透，不要紧吧？」,40 76 31 30 39 36 34 39 40 66 31 41 30 31 31 33 81 75 81 63 81 63 93 A7 81 41 91 E5 8F E4 95 76 81 48 81 76,40 76 31 30 39 36 34 39 40 66 31 41 30 31 31 33 A1 B8 A1 AD A1 AD CD B8 A3 AC B2 BB D2 AA BD F4 B0 C9 A3 BF A1 B9
ren37.bin,273,40,42,41,中文更长,是,1,1,1,1,否,否,@v109672@f1A0121「……ゲンハの……馬鹿」,@v109672@f1A0121「……元霸……大傻瓜……」,40 76 31 30 39 36 37 32 40 66 31 41 30 31 32 31 81 75 81 63 81 63 83 51 83 93 83 6E 82 CC 81 63 81 63 94 6E 8E AD 81 76,40 76 31 30 39 36 37 32 40 66 31 41 30 31 32 31 A1 B8 A1 AD A1 AD D4 AA B0 D4 A1 AD A1 AD B4 F3 C9 B5 B9 CF A1 AD A1 AD A1 B9
ren37.bin,314,82,84,83,中文更长,是,1,1,1,1,否,否,@v109687@f1A0102「悩む事はないさ……ここまで来たら、もう見る以外に選択肢は無いよ」,@v109687@f1A0102「没有什么可烦恼的……既然都到了这里，除了去看之外没有别的选择了。」,40 76 31 30 39 36 38 37 40 66 31 41 30 31 30 32 81 75 94 59 82 DE 8E 96 82 CD 82 C8 82 A2 82 B3 81 63 81 63 82 B1 82 B1 82 DC 82 C5 97 88 82 BD 82 E7 81 41 82 E0 82 A4 8C A9 82 E9 88 C8 8A 4F 82 C9 91 49 91 F0 8E 88 82 CD 96 B3 82 A2 82 E6 81 76,40 76 31 30 39 36 38 37 40 66 31 41 30 31 30 32 A1 B8 C3 BB D3 D0 CA B2 C3 B4 BF C9 B7 B3 C4 D5 B5 C4 A1 AD A1 AD BC C8 C8 BB B6 BC B5 BD C1 CB D5 E2 C0 EF A3 AC B3 FD C1 CB C8 A5 BF B4 D6 AE CD E2 C3 BB D3 D0 B1 F0 B5 C4 D1 A1 D4 F1 C1 CB A1 A3 A1 B9
ren37.bin,377,22,24,23,中文更长,是,1,1,1,1,否,否,「そんな……嘘だろ？」,「怎么会……骗人的吧？」,81 75 82 BB 82 F1 82 C8 81 63 81 63 89 52 82 BE 82 EB 81 48 81 76,A1 B8 D4 F5 C3 B4 BB E1 A1 AD A1 AD C6 AD C8 CB B5 C4 B0 C9 A3 BF A1 B9
ren37.bin,394,62,66,63,中文更长,是,0,0,0,0,否,否,……慰めるつもりが逆に泣かれ、僕は戸惑い、ただ立ちすくむ……。,……我想要安慰她，反而让她哭了出来。我困惑着，只是呆站在原地……。,81 63 81 63 88 D4 82 DF 82 E9 82 C2 82 E0 82 E8 82 AA 8B 74 82 C9 8B 83 82 A9 82 EA 81 41 96 6C 82 CD 8C CB 98 66 82 A2 81 41 82 BD 82 BE 97 A7 82 BF 82 B7 82 AD 82 DE 81 63 81 63 81 42,A1 AD A1 AD CE D2 CF EB D2 AA B0 B2 CE BF CB FD A3 AC B7 B4 B6 F8 C8 C3 CB FD BF DE C1 CB B3 F6 C0 B4 A1 A3 CE D2 C0 A7 BB F3 D7 C5 A3 AC D6 BB CA C7 B4 F4 D5 BE D4 DA D4 AD B5 D8 A1 AD A1 AD A1 A3
ren37.bin,405,12,14,13,中文更长,是,1,1,1,1,否,否,「………憐」,「……怜……」,81 75 81 63 81 63 81 63 97 F7 81 76,A1 B8 A1 AD A1 AD C1 AF A1 AD A1 AD A1 B9
ren38.bin,41,30,32,31,中文更长,是,1,1,1,1,否,否,@v109739@f2A0104「……ここだ」,@v109739@f2A0104「……是这里。」,40 76 31 30 39 37 33 39 40 66 32 41 30 31 30 34 81 75 81 63 81 63 82 B1 82 B1 82 BE 81 76,40 76 31 30 39 37 33 39 40 66 32 41 30 31 30 34 A1 B8 A1 AD A1 AD CA C7 D5 E2 C0 EF A1 A3 A1 B9
ren38.bin,84,32,34,33,中文更长,是,1,1,1,1,否,否,@v109752@f1A0114「……嘘……！」,@v109752@f1A0114「……骗人……！」,40 76 31 30 39 37 35 32 40 66 31 41 30 31 31 34 81 75 81 63 81 63 89 52 81 63 81 63 81 49 81 76,40 76 31 30 39 37 35 32 40 66 31 41 30 31 31 34 A1 B8 A1 AD A1 AD C6 AD C8 CB A1 AD A1 AD A3 A1 A1 B9
ren38.bin,213,24,28,25,中文更长,是,1,1,1,1,否,否,@f1A0121「……そんな！」,@f1A0121「……怎么能这样！」,40 66 31 41 30 31 32 31 81 75 81 63 81 63 82 BB 82 F1 82 C8 81 49 81 76,40 66 31 41 30 31 32 31 A1 B8 A1 AD A1 AD D4 F5 C3 B4 C4 DC D5 E2 D1 F9 A3 A1 A1 B9
ren38.bin,249,52,54,53,中文更长,是,1,1,1,1,否,否,@v109830@f1A0116「透……まさか、こいつの話を……？」,@v109830@f1A0116「透……难道是，你对这家伙的话……？」,40 76 31 30 39 38 33 30 40 66 31 41 30 31 31 36 81 75 93 A7 81 63 81 63 82 DC 82 B3 82 A9 81 41 82 B1 82 A2 82 C2 82 CC 98 62 82 F0 81 63 81 63 81 48 81 76,40 76 31 30 39 38 33 30 40 66 31 41 30 31 31 36 A1 B8 CD B8 A1 AD A1 AD C4 D1 B5 C0 CA C7 A3 AC C4 E3 B6 D4 D5 E2 BC D2 BB EF B5 C4 BB B0 A1 AD A1 AD A3 BF A1 B9
ren39.bin,73,40,42,41,中文更长,是,1,1,1,1,否,否,@f1A0111「くそっ、話が違いすぎるっ！！」,@f1A0111「可恶，和之前说的太不一样了！！」,40 66 31 41 30 31 31 31 81 75 82 AD 82 BB 82 C1 81 41 98 62 82 AA 88 E1 82 A2 82 B7 82 AC 82 E9 82 C1 81 49 81 49 81 76,40 66 31 41 30 31 31 31 A1 B8 BF C9 B6 F1 A3 AC BA CD D6 AE C7 B0 CB B5 B5 C4 CC AB B2 BB D2 BB D1 F9 C1 CB A3 A1 A3 A1 A1 B9
ren40.bin,11,22,24,23,中文更长,是,1,1,1,1,否,否,「……キミ、誰……？」,「……你，是谁啊……？」,81 75 81 63 81 63 83 4C 83 7E 81 41 92 4E 81 63 81 63 81 48 81 76,A1 B8 A1 AD A1 AD C4 E3 A3 AC CA C7 CB AD B0 A1 A1 AD A1 AD A3 BF A1 B9
ren43.bin,3,30,32,31,中文更长,是,1,1,1,1,否,否,@v109957@f1A0117「………そう」,@v109957@f1A0117「……是吗……」,40 76 31 30 39 39 35 37 40 66 31 41 30 31 31 37 81 75 81 63 81 63 81 63 82 BB 82 A4 81 76,40 76 31 30 39 39 35 37 40 66 31 41 30 31 31 37 A1 B8 A1 AD A1 AD CA C7 C2 F0 A1 AD A1 AD A1 B9
ren45.bin,100,18,22,19,中文更长,是,1,1,1,1,否,否,@v110002「……透」,@v110002「……透……」,40 76 31 31 30 30 30 32 81 75 81 63 81 63 93 A7 81 76,40 76 31 31 30 30 30 32 A1 B8 A1 AD A1 AD CD B8 A1 AD A1 AD A1 B9
ren45.bin,157,18,22,19,中文更长,是,1,1,1,1,否,否,@f1A0113「……憐」,@f1A0113「……怜……」,40 66 31 41 30 31 31 33 81 75 81 63 81 63 97 F7 81 76,40 66 31 41 30 31 31 33 A1 B8 A1 AD A1 AD C1 AF A1 AD A1 AD A1 B9
ren45.bin,162,18,22,19,中文更长,是,1,1,1,1,否,否,@f1A0113「……憐」,@f1A0113「……怜……」,40 66 31 41 30 31 31 33 81 75 81 63 81 63 97 F7 81 76,40 66 31 41 30 31 31 33 A1 B8 A1 AD A1 AD C1 AF A1 AD A1 AD A1 B9
ren45.bin,234,10,14,11,中文更长,是,1,1,1,1,否,否,「……憐」,「……怜……」,81 75 81 63 81 63 97 F7 81 76,A1 B8 A1 AD A1 AD C1 AF A1 AD A1 AD A1 B9
ren45.bin,288,10,14,11,中文更长,是,1,1,1,1,否,否,「……憐」,「……怜……」,81 75 81 63 81 63 97 F7 81 76,A1 B8 A1 AD A1 AD C1 AF A1 AD A1 AD A1 B9
ren45.bin,354,68,76,69,中文更长,是,0,0,0,0,否,否,橘社長の顔に冷酷な影が蘇り、気のせいか部屋の空気まで冷たくなる……。,橘社长的脸上恢复了冷酷的阴影。大概是我的错觉，我感到房间的空气都变冷了……。,8B 6B 8E D0 92 B7 82 CC 8A E7 82 C9 97 E2 8D 93 82 C8 89 65 82 AA 91 68 82 E8 81 41 8B 43 82 CC 82 B9 82 A2 82 A9 95 94 89 AE 82 CC 8B F3 8B 43 82 DC 82 C5 97 E2 82 BD 82 AD 82 C8 82 E9 81 63 81 63 81 42,E9 D9 C9 E7 B3 A4 B5 C4 C1 B3 C9 CF BB D6 B8 B4 C1 CB C0 E4 BF E1 B5 C4 D2 F5 D3 B0 A1 A3 B4 F3 B8 C5 CA C7 CE D2 B5 C4 B4 ED BE F5 A3 AC CE D2 B8 D0 B5 BD B7 BF BC E4 B5 C4 BF D5 C6 F8 B6 BC B1 E4 C0 E4 C1 CB A1 AD A1 AD A1 A3
ren45.bin,389,22,24,23,中文更长,是,1,1,1,1,否,否,@f1A0124「……しかし」,@f1A0124「……可是……」,40 66 31 41 30 31 32 34 81 75 81 63 81 63 82 B5 82 A9 82 B5 81 76,40 66 31 41 30 31 32 34 A1 B8 A1 AD A1 AD BF C9 CA C7 A1 AD A1 AD A1 B9
ren45.bin,509,22,24,23,中文更长,是,1,1,1,1,否,否,@f1A0111「……しかし」,@f1A0111「……可是……」,40 66 31 41 30 31 31 31 81 75 81 63 81 63 82 B5 82 A9 82 B5 81 76,40 66 31 41 30 31 31 31 A1 B8 A1 AD A1 AD BF C9 CA C7 A1 AD A1 AD A1 B9
ren45.bin,541,64,66,65,中文更长,是,1,1,1,1,否,否,@v110153「その子供を実験台にしている者の言う台詞ではないな……」,@v110153「你明明把那些孩子们作为了实验品，这不该是你说的话吧……」,40 76 31 31 30 31 35 33 81 75 82 BB 82 CC 8E 71 8B 9F 82 F0 8E C0 8C B1 91 E4 82 C9 82 B5 82 C4 82 A2 82 E9 8E D2 82 CC 8C BE 82 A4 91 E4 8E 8C 82 C5 82 CD 82 C8 82 A2 82 C8 81 63 81 63 81 76,40 76 31 31 30 31 35 33 A1 B8 C4 E3 C3 F7 C3 F7 B0 D1 C4 C7 D0 A9 BA A2 D7 D3 C3 C7 D7 F7 CE AA C1 CB CA B5 D1 E9 C6 B7 A3 AC D5 E2 B2 BB B8 C3 CA C7 C4 E3 CB B5 B5 C4 BB B0 B0 C9 A1 AD A1 AD A1 B9
ren45.bin,557,20,24,21,中文更长,是,1,1,1,1,否,否,@f1A0113「……月菜」,@f1A0113「……月菜……」,40 66 31 41 30 31 31 33 81 75 81 63 81 63 8C 8E 8D D8 81 76,40 66 31 41 30 31 31 33 A1 B8 A1 AD A1 AD D4 C2 B2 CB A1 AD A1 AD A1 B9
ren45.bin,559,26,30,27,中文更长,是,1,1,1,1,否,否,@v110160@f1B0233「……透」,@v110160@f1B0233「……透……」,40 76 31 31 30 31 36 30 40 66 31 42 30 32 33 33 81 75 81 63 81 63 93 A7 81 76,40 76 31 31 30 31 36 30 40 66 31 42 30 32 33 33 A1 B8 A1 AD A1 AD CD B8 A1 AD A1 AD A1 B9
ren45.bin,577,26,30,27,中文更长,是,1,1,1,1,否,否,@v110167@f1B0205「……透」,@v110167@f1B0205「……透……」,40 76 31 31 30 31 36 37 40 66 31 42 30 32 30 35 81 75 81 63 81 63 93 A7 81 76,40 76 31 31 30 31 36 37 40 66 31 42 30 32 30 35 A1 B8 A1 AD A1 AD CD B8 A1 AD A1 AD A1 B9
ren45.bin,609,82,90,83,中文更长,是,0,0,0,0,否,否,みのりは心底優しい笑顔を俺に向ける……いつもと同じ、心暖まるような優しい笑顔……。,美野里对我露出了发自心底的温柔笑容……那是和往常一样，那种让我心中感到温暖的温柔笑容……。,82 DD 82 CC 82 E8 82 CD 90 53 92 EA 97 44 82 B5 82 A2 8F CE 8A E7 82 F0 89 B4 82 C9 8C FC 82 AF 82 E9 81 63 81 63 82 A2 82 C2 82 E0 82 C6 93 AF 82 B6 81 41 90 53 92 67 82 DC 82 E9 82 E6 82 A4 82 C8 97 44 82 B5 82 A2 8F CE 8A E7 81 63 81 63 81 42,C3 C0 D2 B0 C0 EF B6 D4 CE D2 C2 B6 B3 F6 C1 CB B7 A2 D7 D4 D0 C4 B5 D7 B5 C4 CE C2 C8 E1 D0 A6 C8 DD A1 AD A1 AD C4 C7 CA C7 BA CD CD F9 B3 A3 D2 BB D1 F9 A3 AC C4 C7 D6 D6 C8 C3 CE D2 D0 C4 D6 D0 B8 D0 B5 BD CE C2 C5 AF B5 C4 CE C2 C8 E1 D0 A6 C8 DD A1 AD A1 AD A1 A3
ren45.bin,618,22,26,23,中文更长,是,1,1,1,1,否,否,@f1A0113「……みのり」,@f1A0113「……美野里……」,40 66 31 41 30 31 31 33 81 75 81 63 81 63 82 DD 82 CC 82 E8 81 76,40 66 31 41 30 31 31 33 A1 B8 A1 AD A1 AD C3 C0 D2 B0 C0 EF A1 AD A1 AD A1 B9
ren45.bin,628,8,10,9,中文更长,是,0,0,0,0,否,否,彩音の弟,彩音的弟弟,8D CA 89 B9 82 CC 92 ED,B2 CA D2 F4 B5 C4 B5 DC B5 DC
ren45.bin,635,26,30,27,中文更长,是,1,1,1,1,否,否,@v110185@f1C0223「……透」,@v110185@f1C0223「……透……」,40 76 31 31 30 31 38 35 40 66 31 43 30 32 32 33 81 75 81 63 81 63 93 A7 81 76,40 76 31 31 30 31 38 35 40 66 31 43 30 32 32 33 A1 B8 A1 AD A1 AD CD B8 A1 AD A1 AD A1 B9
ren45.bin,642,50,54,51,中文更长,是,1,1,1,1,否,否,@v110188@f1C0209「ええ、私には出来過ぎた弟ね……」,@v110188@f1C0209「嗯，对我来说，是个太好的弟弟了……」,40 76 31 31 30 31 38 38 40 66 31 43 30 32 30 39 81 75 82 A6 82 A6 81 41 8E 84 82 C9 82 CD 8F 6F 97 88 89 DF 82 AC 82 BD 92 ED 82 CB 81 63 81 63 81 76,40 76 31 31 30 31 38 38 40 66 31 43 30 32 30 39 A1 B8 E0 C5 A3 AC B6 D4 CE D2 C0 B4 CB B5 A3 AC CA C7 B8 F6 CC AB BA C3 B5 C4 B5 DC B5 DC C1 CB A1 AD A1 AD A1 B9
ren45.bin,651,52,54,53,中文更长,是,0,0,0,0,否,否,……彩音の顔が辛そうに歪み、俺の手を頬から離す……。,……彩音的表情痛苦地扭曲，她把我的手从脸颊上放开……。,81 63 81 63 8D CA 89 B9 82 CC 8A E7 82 AA 90 68 82 BB 82 A4 82 C9 98 63 82 DD 81 41 89 B4 82 CC 8E E8 82 F0 96 6A 82 A9 82 E7 97 A3 82 B7 81 63 81 63 81 42,A1 AD A1 AD B2 CA D2 F4 B5 C4 B1 ED C7 E9 CD B4 BF E0 B5 D8 C5 A4 C7 FA A3 AC CB FD B0 D1 CE D2 B5 C4 CA D6 B4 D3 C1 B3 BC D5 C9 CF B7 C5 BF AA A1 AD A1 AD A1 A3
ren45.bin,725,114,122,115,中文更长,是,1,1,1,1,否,否,@v110218@f2A0112「おかげで少し元気が出たよ……もし成功したら、お礼に一杯奢る……いや酒池肉林の宴を用意してやるよ」,@v110218@f2A0112「拜你所赐，让我感到有精神了呢……如果成功了，我会请你喝一杯当做谢礼……不，我会给你准备酒池肉林的宴会。」,40 76 31 31 30 32 31 38 40 66 32 41 30 31 31 32 81 75 82 A8 82 A9 82 B0 82 C5 8F AD 82 B5 8C B3 8B 43 82 AA 8F 6F 82 BD 82 E6 81 63 81 63 82 E0 82 B5 90 AC 8C F7 82 B5 82 BD 82 E7 81 41 82 A8 97 E7 82 C9 88 EA 94 74 9A F8 82 E9 81 63 81 63 82 A2 82 E2 8E F0 92 72 93 F7 97 D1 82 CC 89 83 82 F0 97 70 88 D3 82 B5 82 C4 82 E2 82 E9 82 E6 81 76,40 76 31 31 30 32 31 38 40 66 32 41 30 31 31 32 A1 B8 B0 DD C4 E3 CB F9 B4 CD A3 AC C8 C3 CE D2 B8 D0 B5 BD D3 D0 BE AB C9 F1 C1 CB C4 D8 A1 AD A1 AD C8 E7 B9 FB B3 C9 B9 A6 C1 CB A3 AC CE D2 BB E1 C7 EB C4 E3 BA C8 D2 BB B1 AD B5 B1 D7 F6 D0 BB C0 F1 A1 AD A1 AD B2 BB A3 AC CE D2 BB E1 B8 F8 C4 E3 D7 BC B1 B8 BE C6 B3 D8 C8 E2 C1 D6 B5 C4 D1 E7 BB E1 A1 A3 A1 B9
ren45.bin,730,22,24,23,中文更长,是,1,1,1,1,否,否,@f1A0124「……カイラ」,@f1A0124「……凯拉……」,40 66 31 41 30 31 32 34 81 75 81 63 81 63 83 4A 83 43 83 89 81 76,40 66 31 41 30 31 32 34 A1 B8 A1 AD A1 AD BF AD C0 AD A1 AD A1 AD A1 B9
ren45.bin,839,8,10,9,中文更长,是,0,0,0,0,否,否,刺さない,不刺杀自己,8E 68 82 B3 82 C8 82 A2,B2 BB B4 CC C9 B1 D7 D4 BC BA
ren45.bin,875,20,22,21,中文更长,是,1,1,1,1,否,否,@f1A0113「……いや」,@f1A0113「……没……」,40 66 31 41 30 31 31 33 81 75 81 63 81 63 82 A2 82 E2 81 76,40 66 31 41 30 31 31 33 A1 B8 A1 AD A1 AD C3 BB A1 AD A1 AD A1 B9
ren46.bin,22,76,78,77,中文更长,是,0,0,0,0,否,否,恨めしげな声が突風とともに俺に吹きつける……憐によく似た暗い悲しげな声……。,带有怨恨的声音像暴风一样吹向了我……那声音和怜很像，但却是阴暗悲伤的声音……。,8D A6 82 DF 82 B5 82 B0 82 C8 90 BA 82 AA 93 CB 95 97 82 C6 82 C6 82 E0 82 C9 89 B4 82 C9 90 81 82 AB 82 C2 82 AF 82 E9 81 63 81 63 97 F7 82 C9 82 E6 82 AD 8E 97 82 BD 88 C3 82 A2 94 DF 82 B5 82 B0 82 C8 90 BA 81 63 81 63 81 42,B4 F8 D3 D0 D4 B9 BA DE B5 C4 C9 F9 D2 F4 CF F1 B1 A9 B7 E7 D2 BB D1 F9 B4 B5 CF F2 C1 CB CE D2 A1 AD A1 AD C4 C7 C9 F9 D2 F4 BA CD C1 AF BA DC CF F1 A3 AC B5 AB C8 B4 CA C7 D2 F5 B0 B5 B1 AF C9 CB B5 C4 C9 F9 D2 F4 A1 AD A1 AD A1 A3
ren47b.bin,25,24,26,25,中文更长,是,1,1,1,1,否,否,@v110403「……よかった」,@v110403「……太好了……」,40 76 31 31 30 34 30 33 81 75 81 63 81 63 82 E6 82 A9 82 C1 82 BD 81 76,40 76 31 31 30 34 30 33 A1 B8 A1 AD A1 AD CC AB BA C3 C1 CB A1 AD A1 AD A1 B9
ren47b.bin,129,46,50,47,中文更长,是,1,1,1,1,否,否,「大丈夫……何発だってイけるよ、俺も憐も……」,「不要紧……要做多少次都可以，无论是我还是怜……」,81 75 91 E5 8F E4 95 76 81 63 81 63 89 BD 94 AD 82 BE 82 C1 82 C4 83 43 82 AF 82 E9 82 E6 81 41 89 B4 82 E0 97 F7 82 E0 81 63 81 63 81 76,A1 B8 B2 BB D2 AA BD F4 A1 AD A1 AD D2 AA D7 F6 B6 E0 C9 D9 B4 CE B6 BC BF C9 D2 D4 A3 AC CE DE C2 DB CA C7 CE D2 BB B9 CA C7 C1 AF A1 AD A1 AD A1 B9
ren47c.bin,1,42,44,43,中文更长,是,1,1,1,1,否,否,@v110456@f2A0203「……なぁに、ここ……？」,@v110456@f2A0203「……这里是怎么回事……？」,40 76 31 31 30 34 35 36 40 66 32 41 30 32 30 33 81 75 81 63 81 63 82 C8 82 9F 82 C9 81 41 82 B1 82 B1 81 63 81 63 81 48 81 76,40 76 31 31 30 34 35 36 40 66 32 41 30 32 30 33 A1 B8 A1 AD A1 AD D5 E2 C0 EF CA C7 D4 F5 C3 B4 BB D8 CA C2 A1 AD A1 AD A3 BF A1 B9
ren47c.bin,56,32,36,33,中文更长,是,1,1,1,1,否,否,@v110473@f2E0204「…………やだ」,@v110473@f2E0204「…………讨厌……」,40 76 31 31 30 34 37 33 40 66 32 45 30 32 30 34 81 75 81 63 81 63 81 63 81 63 82 E2 82 BE 81 76,40 76 31 31 30 34 37 33 40 66 32 45 30 32 30 34 A1 B8 A1 AD A1 AD A1 AD A1 AD CC D6 D1 E1 A1 AD A1 AD A1 B9
ren47c.bin,94,26,30,27,中文更长,是,0,0,0,0,否,否,童貞だが『ある』と嘘をつく,虽然是处男，但是骗她说『做过』,93 B6 92 E5 82 BE 82 AA 81 77 82 A0 82 E9 81 78 82 C6 89 52 82 F0 82 C2 82 AD,CB E4 C8 BB CA C7 B4 A6 C4 D0 A3 AC B5 AB CA C7 C6 AD CB FD CB B5 A1 BA D7 F6 B9 FD A1 BB
ren47c.bin,317,72,76,73,中文更长,是,0,0,0,0,否,否,俺の膝の上で憐が絶頂に体を震わせ、俺も憐の中に熱い迸りを注ぎ込む………。,怜在我的腿上达到了高潮，身体剧烈地颤抖，我也在怜的体内射出了炽热的精液……。,89 B4 82 CC 95 47 82 CC 8F E3 82 C5 97 F7 82 AA 90 E2 92 B8 82 C9 91 CC 82 F0 90 6B 82 ED 82 B9 81 41 89 B4 82 E0 97 F7 82 CC 92 86 82 C9 94 4D 82 A2 E7 9E 82 E8 82 F0 92 8D 82 AC 8D 9E 82 DE 81 63 81 63 81 63 81 42,C1 AF D4 DA CE D2 B5 C4 CD C8 C9 CF B4 EF B5 BD C1 CB B8 DF B3 B1 A3 AC C9 ED CC E5 BE E7 C1 D2 B5 D8 B2 FC B6 B6 A3 AC CE D2 D2 B2 D4 DA C1 AF B5 C4 CC E5 C4 DA C9 E4 B3 F6 C1 CB B3 E3 C8 C8 B5 C4 BE AB D2 BA A1 AD A1 AD A1 A3
ren47c.bin,323,12,14,13,中文更长,是,1,1,1,1,否,否,「………憐」,「……怜……」,81 75 81 63 81 63 81 63 97 F7 81 76,A1 B8 A1 AD A1 AD C1 AF A1 AD A1 AD A1 B9
ren47c.bin,380,34,36,35,中文更长,是,1,1,1,1,否,否,@f1A0111「……ケチンボだとっ！？」,@f1A0111「……你说我是小气○○！？」,40 66 31 41 30 31 31 31 81 75 81 63 81 63 83 50 83 60 83 93 83 7B 82 BE 82 C6 82 C1 81 49 81 48 81 76,40 66 31 41 30 31 31 31 A1 B8 A1 AD A1 AD C4 E3 CB B5 CE D2 CA C7 D0 A1 C6 F8 A1 F0 A1 F0 A3 A1 A3 BF A1 B9
ren47c.bin,420,64,66,65,中文更长,是,1,1,1,1,否,否,「……勿論、憐にはそんな酷い事はしないよ……妹で助かったな、憐」,「……当然，我不会对怜做那么过分的事……你是我的妹妹，得救了呢。」,81 75 81 63 81 63 96 DC 98 5F 81 41 97 F7 82 C9 82 CD 82 BB 82 F1 82 C8 8D 93 82 A2 8E 96 82 CD 82 B5 82 C8 82 A2 82 E6 81 63 81 63 96 85 82 C5 8F 95 82 A9 82 C1 82 BD 82 C8 81 41 97 F7 81 76,A1 B8 A1 AD A1 AD B5 B1 C8 BB A3 AC CE D2 B2 BB BB E1 B6 D4 C1 AF D7 F6 C4 C7 C3 B4 B9 FD B7 D6 B5 C4 CA C2 A1 AD A1 AD C4 E3 CA C7 CE D2 B5 C4 C3 C3 C3 C3 A3 AC B5 C3 BE C8 C1 CB C4 D8 A1 A3 A1 B9
ren47c.bin,484,25,29,26,中文更长,是,1,1,1,1,否,否,@v110625@m1「……いいよ」,@v110625@m1「……可以哦……」,40 76 31 31 30 36 32 35 40 6D 31 81 75 81 63 81 63 82 A2 82 A2 82 E6 81 76,40 76 31 31 30 36 32 35 40 6D 31 A1 B8 A1 AD A1 AD BF C9 D2 D4 C5 B6 A1 AD A1 AD A1 B9
ren47c.bin,512,20,22,21,中文更长,是,1,1,1,1,否,否,@v110634「……うん」,@v110634「……嗯……」,40 76 31 31 30 36 33 34 81 75 81 63 81 63 82 A4 82 F1 81 76,40 76 31 31 30 36 33 34 A1 B8 A1 AD A1 AD E0 C5 A1 AD A1 AD A1 B9
ren47c.bin,514,23,25,24,中文更长,是,1,1,1,1,否,否,@v110635@m1「………あ」,@v110635@m1「……啊……」,40 76 31 31 30 36 33 35 40 6D 31 81 75 81 63 81 63 81 63 82 A0 81 76,40 76 31 31 30 36 33 35 40 6D 31 A1 B8 A1 AD A1 AD B0 A1 A1 AD A1 AD A1 B9
ren47c.bin,652,46,48,47,中文更长,是,1,1,1,1,否,否,@f1A0126「合意の上での愛の行為ってことか……」,@f1A0126「是说，这是双方都认可的爱的行为吗……」,40 66 31 41 30 31 32 36 81 75 8D 87 88 D3 82 CC 8F E3 82 C5 82 CC 88 A4 82 CC 8D 73 88 D7 82 C1 82 C4 82 B1 82 C6 82 A9 81 63 81 63 81 76,40 66 31 41 30 31 32 36 A1 B8 CA C7 CB B5 A3 AC D5 E2 CA C7 CB AB B7 BD B6 BC C8 CF BF C9 B5 C4 B0 AE B5 C4 D0 D0 CE AA C2 F0 A1 AD A1 AD A1 B9
ren48.bin,109,62,66,63,中文更长,是,1,1,1,1,否,否,@v110743@f2A0110「……相馬君、今は戻ろう……現実の世界へ……」,@v110743@f2A0110「……相马君，现在先回去吧……回到现实的世界……」,40 76 31 31 30 37 34 33 40 66 32 41 30 31 31 30 81 75 81 63 81 63 91 8A 94 6E 8C 4E 81 41 8D A1 82 CD 96 DF 82 EB 82 A4 81 63 81 63 8C BB 8E C0 82 CC 90 A2 8A 45 82 D6 81 63 81 63 81 76,40 76 31 31 30 37 34 33 40 66 32 41 30 31 31 30 A1 B8 A1 AD A1 AD CF E0 C2 ED BE FD A3 AC CF D6 D4 DA CF C8 BB D8 C8 A5 B0 C9 A1 AD A1 AD BB D8 B5 BD CF D6 CA B5 B5 C4 CA C0 BD E7 A1 AD A1 AD A1 B9
ren49.bin,74,28,36,29,中文更长,是,1,1,1,1,否,否,「あいつら……元気かな……」,「那些家伙……是不是很有精神呢……」,81 75 82 A0 82 A2 82 C2 82 E7 81 63 81 63 8C B3 8B 43 82 A9 82 C8 81 63 81 63 81 76,A1 B8 C4 C7 D0 A9 BC D2 BB EF A1 AD A1 AD CA C7 B2 BB CA C7 BA DC D3 D0 BE AB C9 F1 C4 D8 A1 AD A1 AD A1 B9
ren49.bin,126,28,30,29,中文更长,是,1,1,1,1,否,否,@v110794@f1A0113「………透」,@v110794@f1A0113「……透……」,40 76 31 31 30 37 39 34 40 66 31 41 30 31 31 33 81 75 81 63 81 63 81 63 93 A7 81 76,40 76 31 31 30 37 39 34 40 66 31 41 30 31 31 33 A1 B8 A1 AD A1 AD CD B8 A1 AD A1 AD A1 B9
ren50.bin,130,28,30,29,中文更长,是,1,1,1,1,否,否,@v110847@f1B0117「……うん」,@v110847@f1B0117「……嗯……」,40 76 31 31 30 38 34 37 40 66 31 42 30 31 31 37 81 75 81 63 81 63 82 A4 82 F1 81 76,40 76 31 31 30 38 34 37 40 66 31 42 30 31 31 37 A1 B8 A1 AD A1 AD E0 C5 A1 AD A1 AD A1 B9
ren50.bin,170,40,42,41,中文更长,是,0,0,0,0,否,否,進む俺の脳裏にバチェラの言葉が蘇る……。,我前进着，头脑中响起了巴杰拉说过的话……。,90 69 82 DE 89 B4 82 CC 94 5D 97 A0 82 C9 83 6F 83 60 83 46 83 89 82 CC 8C BE 97 74 82 AA 91 68 82 E9 81 63 81 63 81 42,CE D2 C7 B0 BD F8 D7 C5 A3 AC CD B7 C4 D4 D6 D0 CF EC C6 F0 C1 CB B0 CD BD DC C0 AD CB B5 B9 FD B5 C4 BB B0 A1 AD A1 AD A1 A3
ren50.bin,177,44,46,45,中文更长,是,0,0,0,0,否,否,@m0@a1……それは義理の妹にして小さな恋人……,@m0@a1……那是我的义妹，同时是我小小的恋人……,40 6D 30 40 61 31 81 63 81 63 82 BB 82 EA 82 CD 8B 60 97 9D 82 CC 96 85 82 C9 82 B5 82 C4 8F AC 82 B3 82 C8 97 F6 90 6C 81 63 81 63,40 6D 30 40 61 31 A1 AD A1 AD C4 C7 CA C7 CE D2 B5 C4 D2 E5 C3 C3 A3 AC CD AC CA B1 CA C7 CE D2 D0 A1 D0 A1 B5 C4 C1 B5 C8 CB A1 AD A1 AD
ren50.bin,185,56,60,57,中文更长,是,0,0,0,0,否,否,@m0@a1仮想の草原で始まった物語は@n仮想の草原で終りを告げ,@m0@a1在虚拟的草原上开始的故事，@n在虚拟的草原上宣告终结……,40 6D 30 40 61 31 89 BC 91 7A 82 CC 91 90 8C B4 82 C5 8E 6E 82 DC 82 C1 82 BD 95 A8 8C EA 82 CD 40 6E 89 BC 91 7A 82 CC 91 90 8C B4 82 C5 8F 49 82 E8 82 F0 8D 90 82 B0,40 6D 30 40 61 31 D4 DA D0 E9 C4 E2 B5 C4 B2 DD D4 AD C9 CF BF AA CA BC B5 C4 B9 CA CA C2 A3 AC 40 6E D4 DA D0 E9 C4 E2 B5 C4 B2 DD D4 AD C9 CF D0 FB B8 E6 D6 D5 BD E1 A1 AD A1 AD
ren50.bin,186,52,56,53,中文更长,是,0,0,0,0,否,否,@m0@a1俺は肉体を失った妹を@n力一杯に抱き締める……。,@m0@a1我把失去了肉体的妹妹，@n用尽全力地抱紧在怀里……。,40 6D 30 40 61 31 89 B4 82 CD 93 F7 91 CC 82 F0 8E B8 82 C1 82 BD 96 85 82 F0 40 6E 97 CD 88 EA 94 74 82 C9 95 F8 82 AB 92 F7 82 DF 82 E9 81 63 81 63 81 42,40 6D 30 40 61 31 CE D2 B0 D1 CA A7 C8 A5 C1 CB C8 E2 CC E5 B5 C4 C3 C3 C3 C3 A3 AC 40 6E D3 C3 BE A1 C8 AB C1 A6 B5 D8 B1 A7 BD F4 D4 DA BB B3 C0 EF A1 AD A1 AD A1 A3
ryan01.bin,18,31,35,32,中文更长,是,1,1,1,1,否,否,@f1A0321@m0「………………嘘だ」,@f1A0321@m0「………………骗人……」,40 66 31 41 30 33 32 31 40 6D 30 81 75 81 63 81 63 81 63 81 63 81 63 81 63 89 52 82 BE 81 76,40 66 31 41 30 33 32 31 40 6D 30 A1 B8 A1 AD A1 AD A1 AD A1 AD A1 AD A1 AD C6 AD C8 CB A1 AD A1 AD A1 B9
ryan02.bin,56,36,40,37,中文更长,是,0,0,0,0,否,否,……ささやくような声に俺は目を開く。,……我听到有人轻声叫我，于是睁开了眼睛。,81 63 81 63 82 B3 82 B3 82 E2 82 AD 82 E6 82 A4 82 C8 90 BA 82 C9 89 B4 82 CD 96 DA 82 F0 8A 4A 82 AD 81 42,A1 AD A1 AD CE D2 CC FD B5 BD D3 D0 C8 CB C7 E1 C9 F9 BD D0 CE D2 A3 AC D3 DA CA C7 D5 F6 BF AA C1 CB D1 DB BE A6 A1 A3
ryan02.bin,80,34,36,35,中文更长,是,1,1,1,1,否,否,@v104747@f3C0211「……だからって」,@v104747@f3C0211「……即使这样……」,40 76 31 30 34 37 34 37 40 66 33 43 30 32 31 31 81 75 81 63 81 63 82 BE 82 A9 82 E7 82 C1 82 C4 81 76,40 76 31 30 34 37 34 37 40 66 33 43 30 32 31 31 A1 B8 A1 AD A1 AD BC B4 CA B9 D5 E2 D1 F9 A1 AD A1 AD A1 B9
ryan02.bin,106,32,34,33,中文更长,是,1,1,1,1,否,否,@v104756@f1A0220「………そんな」,@v104756@f1A0220「……怎么会……」,40 76 31 30 34 37 35 36 40 66 31 41 30 32 32 30 81 75 81 63 81 63 81 63 82 BB 82 F1 82 C8 81 76,40 76 31 30 34 37 35 36 40 66 31 41 30 32 32 30 A1 B8 A1 AD A1 AD D4 F5 C3 B4 BB E1 A1 AD A1 AD A1 B9
ryan02.bin,174,86,100,87,中文更长,是,0,0,0,0,否,否,……『ツケノタブル・ミガホア』……たしかに逆から読めば『アホが見るブタのケツ』だ……。,……『固皮株坎赤摆』……反过来读就是『白痴看猪屁股』……。（译者按：日语中看人被骗时用来嘲笑的话。）,81 63 81 63 81 77 83 63 83 50 83 6D 83 5E 83 75 83 8B 81 45 83 7E 83 4B 83 7A 83 41 81 78 81 63 81 63 82 BD 82 B5 82 A9 82 C9 8B 74 82 A9 82 E7 93 C7 82 DF 82 CE 81 77 83 41 83 7A 82 AA 8C A9 82 E9 83 75 83 5E 82 CC 83 50 83 63 81 78 82 BE 81 63 81 63 81 42,A1 AD A1 AD A1 BA B9 CC C6 A4 D6 EA BF B2 B3 E0 B0 DA A1 BB A1 AD A1 AD B7 B4 B9 FD C0 B4 B6 C1 BE CD CA C7 A1 BA B0 D7 B3 D5 BF B4 D6 ED C6 A8 B9 C9 A1 BB A1 AD A1 AD A1 A3 A3 A8 D2 EB D5 DF B0 B4 A3 BA C8 D5 D3 EF D6 D0 BF B4 C8 CB B1 BB C6 AD CA B1 D3 C3 C0 B4 B3 B0 D0 A6 B5 C4 BB B0 A1 A3 A3 A9
ryan03.bin,47,94,98,95,中文更长,是,1,1,1,1,否,否,@v104817@f1A0105「ああ、見てくれは最悪だが住めば都……少なくとも、百年も前は都だったんだぜ？」,@v104817@f1A0105「嗯，看起来实在是太糟了，但住下来其实也不错……至少，百年之前这里算是大城市吧？」,40 76 31 30 34 38 31 37 40 66 31 41 30 31 30 35 81 75 82 A0 82 A0 81 41 8C A9 82 C4 82 AD 82 EA 82 CD 8D C5 88 AB 82 BE 82 AA 8F 5A 82 DF 82 CE 93 73 81 63 81 63 8F AD 82 C8 82 AD 82 C6 82 E0 81 41 95 53 94 4E 82 E0 91 4F 82 CD 93 73 82 BE 82 C1 82 BD 82 F1 82 BE 82 BA 81 48 81 76,40 76 31 30 34 38 31 37 40 66 31 41 30 31 30 35 A1 B8 E0 C5 A3 AC BF B4 C6 F0 C0 B4 CA B5 D4 DA CA C7 CC AB D4 E3 C1 CB A3 AC B5 AB D7 A1 CF C2 C0 B4 C6 E4 CA B5 D2 B2 B2 BB B4 ED A1 AD A1 AD D6 C1 C9 D9 A3 AC B0 D9 C4 EA D6 AE C7 B0 D5 E2 C0 EF CB E3 CA C7 B4 F3 B3 C7 CA D0 B0 C9 A3 BF A1 B9
ryan03.bin,77,38,40,39,中文更长,是,1,1,1,1,否,否,@v104827@f1A0102「下がって……開くよ」,@v104827@f1A0102「让开一些……要开了。」,40 76 31 30 34 38 32 37 40 66 31 41 30 31 30 32 81 75 89 BA 82 AA 82 C1 82 C4 81 63 81 63 8A 4A 82 AD 82 E6 81 76,40 76 31 30 34 38 32 37 40 66 31 41 30 31 30 32 A1 B8 C8 C3 BF AA D2 BB D0 A9 A1 AD A1 AD D2 AA BF AA C1 CB A1 A3 A1 B9
ryan03.bin,94,84,85,85,中文更长,否,1,1,1,1,否,否,@v104830「現代版@r王族の墓@ピラミッド@……埋葬されざる王達の残した偉大な負の遺産だ」,@v104830「这是现代版的@r王族坟墓@Pyramid@……没被埋葬的王们，留下了伟大的负面遗产。」,40 76 31 30 34 38 33 30 81 75 8C BB 91 E3 94 C5 40 72 89 A4 91 B0 82 CC 95 E6 40 83 73 83 89 83 7E 83 62 83 68 40 81 63 81 63 96 84 91 92 82 B3 82 EA 82 B4 82 E9 89 A4 92 42 82 CC 8E 63 82 B5 82 BD 88 CC 91 E5 82 C8 95 89 82 CC 88 E2 8E 59 82 BE 81 76,40 76 31 30 34 38 33 30 A1 B8 D5 E2 CA C7 CF D6 B4 FA B0 E6 B5 C4 40 72 CD F5 D7 E5 B7 D8 C4 B9 40 50 79 72 61 6D 69 64 40 A1 AD A1 AD C3 BB B1 BB C2 F1 D4 E1 B5 C4 CD F5 C3 C7 A3 AC C1 F4 CF C2 C1 CB CE B0 B4 F3 B5 C4 B8 BA C3 E6 D2 C5 B2 FA A1 A3 A1 B9
ryan03.bin,97,8,10,9,中文更长,是,0,0,0,0,否,否,長身の男,高大的男人,92 B7 90 67 82 CC 92 6A,B8 DF B4 F3 B5 C4 C4 D0 C8 CB
ryan04.bin,78,2,4,3,中文更长,是,0,0,0,0,否,否,男,男人,92 6A,C4 D0 C8 CB
ryan05.bin,129,110,122,111,中文更长,是,1,1,1,1,否,否,@v104999@f1A0108「だめだ……ガキども、すっかりパニくってやがる……！これじゃ七面鳥を撃ってるみたいなもんだ！」,@v104999@f1A0108「不行啊……孩子们完全混乱了……！这样简直就像是在打火鸡啊！（译者按：Turkey shoot，意为简单击落敌机。）」,40 76 31 30 34 39 39 39 40 66 31 41 30 31 30 38 81 75 82 BE 82 DF 82 BE 81 63 81 63 83 4B 83 4C 82 C7 82 E0 81 41 82 B7 82 C1 82 A9 82 E8 83 70 83 6A 82 AD 82 C1 82 C4 82 E2 82 AA 82 E9 81 63 81 63 81 49 82 B1 82 EA 82 B6 82 E1 8E B5 96 CA 92 B9 82 F0 8C 82 82 C1 82 C4 82 E9 82 DD 82 BD 82 A2 82 C8 82 E0 82 F1 82 BE 81 49 81 76,40 76 31 30 34 39 39 39 40 66 31 41 30 31 30 38 A1 B8 B2 BB D0 D0 B0 A1 A1 AD A1 AD BA A2 D7 D3 C3 C7 CD EA C8 AB BB EC C2 D2 C1 CB A1 AD A1 AD A3 A1 D5 E2 D1 F9 BC F2 D6 B1 BE CD CF F1 CA C7 D4 DA B4 F2 BB F0 BC A6 B0 A1 A3 A1 A3 A8 D2 EB D5 DF B0 B4 A3 BA 54 75 72 6B 65 79 20 73 68 6F 6F 74 A3 AC D2 E2 CE AA BC F2 B5 A5 BB F7 C2 E4 B5 D0 BB FA A1 A3 A3 A9 A1 B9
ryan05.bin,132,40,42,41,中文更长,是,1,1,1,1,否,否,@v105001@f1A0102「…………透、見てる？」,@v105001@f1A0102「…………透，你在看吗？」,40 76 31 30 35 30 30 31 40 66 31 41 30 31 30 32 81 75 81 63 81 63 81 63 81 63 93 A7 81 41 8C A9 82 C4 82 E9 81 48 81 76,40 76 31 30 35 30 30 31 40 66 31 41 30 31 30 32 A1 B8 A1 AD A1 AD A1 AD A1 AD CD B8 A3 AC C4 E3 D4 DA BF B4 C2 F0 A3 BF A1 B9
ryan05.bin,156,26,28,27,中文更长,是,1,1,1,1,否,否,@f1A0302「……３分だな！」,@f1A0302「……三分钟是吧！」,40 66 31 41 30 33 30 32 81 75 81 63 81 63 82 52 95 AA 82 BE 82 C8 81 49 81 76,40 66 31 41 30 33 30 32 A1 B8 A1 AD A1 AD C8 FD B7 D6 D6 D3 CA C7 B0 C9 A3 A1 A1 B9
ryan05.bin,161,58,60,59,中文更长,是,1,1,1,1,否,否,@f1A0302「よし……後は、ここで時間まで踏ん張るだけか……」,@f1A0302「好……之后，只要在这里坚守到最后时刻就可以了……」,40 66 31 41 30 33 30 32 81 75 82 E6 82 B5 81 63 81 63 8C E3 82 CD 81 41 82 B1 82 B1 82 C5 8E 9E 8A D4 82 DC 82 C5 93 A5 82 F1 92 A3 82 E9 82 BE 82 AF 82 A9 81 63 81 63 81 76,40 66 31 41 30 33 30 32 A1 B8 BA C3 A1 AD A1 AD D6 AE BA F3 A3 AC D6 BB D2 AA D4 DA D5 E2 C0 EF BC E1 CA D8 B5 BD D7 EE BA F3 CA B1 BF CC BE CD BF C9 D2 D4 C1 CB A1 AD A1 AD A1 B9
ryan06.bin,73,20,22,21,中文更长,是,1,1,1,1,否,否,@f1A0322「……違う」,@f1A0322「……不对。」,40 66 31 41 30 33 32 32 81 75 81 63 81 63 88 E1 82 A4 81 76,40 66 31 41 30 33 32 32 A1 B8 A1 AD A1 AD B2 BB B6 D4 A1 A3 A1 B9
ryan06.bin,75,22,24,23,中文更长,是,1,1,1,1,否,否,@f1A0322「……惜しい」,@f1A0322「……很可惜。」,40 66 31 41 30 33 32 32 81 75 81 63 81 63 90 C9 82 B5 82 A2 81 76,40 66 31 41 30 33 32 32 A1 B8 A1 AD A1 AD BA DC BF C9 CF A7 A1 A3 A1 B9
ryan06.bin,76,50,66,51,中文更长,是,1,1,1,1,否,否,@v105042@f1D0108「あ、思いだした！とんまだっ！！」,@v105042@f1D0108「啊，我想起来了！顿马！！（译者按：意为蠢货。）」,40 76 31 30 35 30 34 32 40 66 31 44 30 31 30 38 81 75 82 A0 81 41 8E 76 82 A2 82 BE 82 B5 82 BD 81 49 82 C6 82 F1 82 DC 82 BE 82 C1 81 49 81 49 81 76,40 76 31 30 35 30 34 32 40 66 31 44 30 31 30 38 A1 B8 B0 A1 A3 AC CE D2 CF EB C6 F0 C0 B4 C1 CB A3 A1 B6 D9 C2 ED A3 A1 A3 A1 A3 A8 D2 EB D5 DF B0 B4 A3 BA D2 E2 CE AA B4 C0 BB F5 A1 A3 A3 A9 A1 B9
ryan06.bin,105,98,102,99,中文更长,是,1,1,1,1,否,否,@v105054@f1A0112「ジンマシンだかなんだか知らないけど、そんな難しい言葉使われてもわかんないよっ！」,@v105054@f1A0112「我哪里知道你的什么荨麻疹啊，你说那么复杂的词我不知道什么意思啊！（译者按：音近。）」,40 76 31 30 35 30 35 34 40 66 31 41 30 31 31 32 81 75 83 57 83 93 83 7D 83 56 83 93 82 BE 82 A9 82 C8 82 F1 82 BE 82 A9 92 6D 82 E7 82 C8 82 A2 82 AF 82 C7 81 41 82 BB 82 F1 82 C8 93 EF 82 B5 82 A2 8C BE 97 74 8E 67 82 ED 82 EA 82 C4 82 E0 82 ED 82 A9 82 F1 82 C8 82 A2 82 E6 82 C1 81 49 81 76,40 76 31 30 35 30 35 34 40 66 31 41 30 31 31 32 A1 B8 CE D2 C4 C4 C0 EF D6 AA B5 C0 C4 E3 B5 C4 CA B2 C3 B4 DD A1 C2 E9 D5 EE B0 A1 A3 AC C4 E3 CB B5 C4 C7 C3 B4 B8 B4 D4 D3 B5 C4 B4 CA CE D2 B2 BB D6 AA B5 C0 CA B2 C3 B4 D2 E2 CB BC B0 A1 A3 A1 A3 A8 D2 EB D5 DF B0 B4 A3 BA D2 F4 BD FC A1 A3 A3 A9 A1 B9
ryan06.bin,190,40,42,41,中文更长,是,1,1,1,1,否,否,@v105086「……そろそろいいかね、透君？」,@v105086「……到这里是否可以了呢，透君？」,40 76 31 30 35 30 38 36 81 75 81 63 81 63 82 BB 82 EB 82 BB 82 EB 82 A2 82 A2 82 A9 82 CB 81 41 93 A7 8C 4E 81 48 81 76,40 76 31 30 35 30 38 36 A1 B8 A1 AD A1 AD B5 BD D5 E2 C0 EF CA C7 B7 F1 BF C9 D2 D4 C1 CB C4 D8 A3 AC CD B8 BE FD A3 BF A1 B9
ryan07.bin,64,26,30,27,中文更长,是,1,1,1,1,否,否,@f1A0317「…………凄いな」,@f1A0317「…………好厉害啊。」,40 66 31 41 30 33 31 37 81 75 81 63 81 63 81 63 81 63 90 A6 82 A2 82 C8 81 76,40 66 31 41 30 33 31 37 A1 B8 A1 AD A1 AD A1 AD A1 AD BA C3 C0 F7 BA A6 B0 A1 A1 A3 A1 B9
ryan08.bin,29,38,44,39,中文更长,是,1,1,1,1,否,否,@v105162@f2A0107「そうか……心強いよ」,@v105162@f2A0107「是吗……这样我就放心了。」,40 76 31 30 35 31 36 32 40 66 32 41 30 31 30 37 81 75 82 BB 82 A4 82 A9 81 63 81 63 90 53 8B AD 82 A2 82 E6 81 76,40 76 31 30 35 31 36 32 40 66 32 41 30 31 30 37 A1 B8 CA C7 C2 F0 A1 AD A1 AD D5 E2 D1 F9 CE D2 BE CD B7 C5 D0 C4 C1 CB A1 A3 A1 B9
ryan08.bin,56,44,46,45,中文更长,是,1,1,1,1,否,否,@v105181@f2A0102「……どうだ、流せたか！？」,@v105181@f2A0102「……怎样，播放出去了吗！？」,40 76 31 30 35 31 38 31 40 66 32 41 30 31 30 32 81 75 81 63 81 63 82 C7 82 A4 82 BE 81 41 97 AC 82 B9 82 BD 82 A9 81 49 81 48 81 76,40 76 31 30 35 31 38 31 40 66 32 41 30 31 30 32 A1 B8 A1 AD A1 AD D4 F5 D1 F9 A3 AC B2 A5 B7 C5 B3 F6 C8 A5 C1 CB C2 F0 A3 A1 A3 BF A1 B9
ryan08.bin,215,36,40,37,中文更长,是,1,1,1,1,否,否,@v105260@f2A0104「……無責任だと？」,@v105260@f2A0104「……你说我不负责任？」,40 76 31 30 35 32 36 30 40 66 32 41 30 31 30 34 81 75 81 63 81 63 96 B3 90 D3 94 43 82 BE 82 C6 81 48 81 76,40 76 31 30 35 32 36 30 40 66 32 41 30 31 30 34 A1 B8 A1 AD A1 AD C4 E3 CB B5 CE D2 B2 BB B8 BA D4 F0 C8 CE A3 BF A1 B9
ryan08.bin,219,30,32,31,中文更长,是,1,1,1,1,否,否,@v105262@f2A0109「………透君」,@v105262@f2A0109「……透君……」,40 76 31 30 35 32 36 32 40 66 32 41 30 31 30 39 81 75 81 63 81 63 81 63 93 A7 8C 4E 81 76,40 76 31 30 35 32 36 32 40 66 32 41 30 31 30 39 A1 B8 A1 AD A1 AD CD B8 BE FD A1 AD A1 AD A1 B9
ryan09.bin,12,46,50,47,中文更长,是,1,1,1,1,否,否,@v105271@f1A0109「だとよ、透くん……頑張れよ」,@v105271@f1A0109「似乎是这样哦，透君……加油吧。」,40 76 31 30 35 32 37 31 40 66 31 41 30 31 30 39 81 75 82 BE 82 C6 82 E6 81 41 93 A7 82 AD 82 F1 81 63 81 63 8A E6 92 A3 82 EA 82 E6 81 76,40 76 31 30 35 32 37 31 40 66 31 41 30 31 30 39 A1 B8 CB C6 BA F5 CA C7 D5 E2 D1 F9 C5 B6 A3 AC CD B8 BE FD A1 AD A1 AD BC D3 D3 CD B0 C9 A1 A3 A1 B9
ryan09.bin,22,22,24,23,中文更长,是,1,1,1,1,否,否,@f1A0317「………彩音」,@f1A0317「……彩音……」,40 66 31 41 30 33 31 37 81 75 81 63 81 63 81 63 8D CA 89 B9 81 76,40 66 31 41 30 33 31 37 A1 B8 A1 AD A1 AD B2 CA D2 F4 A1 AD A1 AD A1 B9
ryan09.bin,117,20,22,21,中文更长,是,1,1,1,1,否,否,「…………わかった」,「…………我知道了。」,81 75 81 63 81 63 81 63 81 63 82 ED 82 A9 82 C1 82 BD 81 76,A1 B8 A1 AD A1 AD A1 AD A1 AD CE D2 D6 AA B5 C0 C1 CB A1 A3 A1 B9
ryan10.bin,85,36,42,37,中文更长,是,1,1,1,1,否,否,@v105340@f2A0102「……本気か、透？」,@v105340@f2A0102「……你是认真的吗，透？」,40 76 31 30 35 33 34 30 40 66 32 41 30 31 30 32 81 75 81 63 81 63 96 7B 8B 43 82 A9 81 41 93 A7 81 48 81 76,40 76 31 30 35 33 34 30 40 66 32 41 30 31 30 32 A1 B8 A1 AD A1 AD C4 E3 CA C7 C8 CF D5 E6 B5 C4 C2 F0 A3 AC CD B8 A3 BF A1 B9
ryan10.bin,207,84,98,85,中文更长,是,0,0,0,0,否,否,白い尻が衝撃に震え、赤い筋が跡を残す……体が一瞬跳ね上がり、再び鋭利な角に着地する。,白嫩的屁股在冲击下颤抖，留下了一条红色的痕迹……梁的身体一瞬间弹了起来，然后又落在了锐利的棱角上。,94 92 82 A2 90 4B 82 AA 8F D5 8C 82 82 C9 90 6B 82 A6 81 41 90 D4 82 A2 8B D8 82 AA 90 D5 82 F0 8E 63 82 B7 81 63 81 63 91 CC 82 AA 88 EA 8F 75 92 B5 82 CB 8F E3 82 AA 82 E8 81 41 8D C4 82 D1 89 73 97 98 82 C8 8A 70 82 C9 92 85 92 6E 82 B7 82 E9 81 42,B0 D7 C4 DB B5 C4 C6 A8 B9 C9 D4 DA B3 E5 BB F7 CF C2 B2 FC B6 B6 A3 AC C1 F4 CF C2 C1 CB D2 BB CC F5 BA EC C9 AB B5 C4 BA DB BC A3 A1 AD A1 AD C1 BA B5 C4 C9 ED CC E5 D2 BB CB B2 BC E4 B5 AF C1 CB C6 F0 C0 B4 A3 AC C8 BB BA F3 D3 D6 C2 E4 D4 DA C1 CB C8 F1 C0 FB B5 C4 C0 E2 BD C7 C9 CF A1 A3
ryan10.bin,245,100,116,101,中文更长,是,1,1,1,1,否,否,@v105408「わははっ……小便臭い小娘とはこの事だな！……本番の時は頼むから漏らさないでいてくれよっ！」,@v105408「哇哈哈……这就叫小便味道的小妞啊！……拜托你插入的时候不要失禁哦！（译者按：带有小便气味，形容不成熟。）」,40 76 31 30 35 34 30 38 81 75 82 ED 82 CD 82 CD 82 C1 81 63 81 63 8F AC 95 D6 8F 4C 82 A2 8F AC 96 BA 82 C6 82 CD 82 B1 82 CC 8E 96 82 BE 82 C8 81 49 81 63 81 63 96 7B 94 D4 82 CC 8E 9E 82 CD 97 8A 82 DE 82 A9 82 E7 98 52 82 E7 82 B3 82 C8 82 A2 82 C5 82 A2 82 C4 82 AD 82 EA 82 E6 82 C1 81 49 81 76,40 76 31 30 35 34 30 38 A1 B8 CD DB B9 FE B9 FE A1 AD A1 AD D5 E2 BE CD BD D0 D0 A1 B1 E3 CE B6 B5 C0 B5 C4 D0 A1 E6 A4 B0 A1 A3 A1 A1 AD A1 AD B0 DD CD D0 C4 E3 B2 E5 C8 EB B5 C4 CA B1 BA F2 B2 BB D2 AA CA A7 BD FB C5 B6 A3 A1 A3 A8 D2 EB D5 DF B0 B4 A3 BA B4 F8 D3 D0 D0 A1 B1 E3 C6 F8 CE B6 A3 AC D0 CE C8 DD B2 BB B3 C9 CA EC A1 A3 A3 A9 A1 B9
ryan11.bin,18,42,46,43,中文更长,是,1,1,1,1,否,否,@v105450@f1A0109「……だとさ、どうする？」,@v105450@f1A0109「……对方这么说啊，怎么办？」,40 76 31 30 35 34 35 30 40 66 31 41 30 31 30 39 81 75 81 63 81 63 82 BE 82 C6 82 B3 81 41 82 C7 82 A4 82 B7 82 E9 81 48 81 76,40 76 31 30 35 34 35 30 40 66 31 41 30 31 30 39 A1 B8 A1 AD A1 AD B6 D4 B7 BD D5 E2 C3 B4 CB B5 B0 A1 A3 AC D4 F5 C3 B4 B0 EC A3 BF A1 B9
ryan11.bin,28,52,54,53,中文更长,是,1,1,1,1,否,否,@v105454@f1A0102「……大丈夫か、透……顔色悪いぞ？」,@v105454@f1A0102「……不要紧吧，透……你脸色不好啊？」,40 76 31 30 35 34 35 34 40 66 31 41 30 31 30 32 81 75 81 63 81 63 91 E5 8F E4 95 76 82 A9 81 41 93 A7 81 63 81 63 8A E7 90 46 88 AB 82 A2 82 BC 81 48 81 76,40 76 31 30 35 34 35 34 40 66 31 41 30 31 30 32 A1 B8 A1 AD A1 AD B2 BB D2 AA BD F4 B0 C9 A3 AC CD B8 A1 AD A1 AD C4 E3 C1 B3 C9 AB B2 BB BA C3 B0 A1 A3 BF A1 B9
ryan12.bin,49,40,42,41,中文更长,是,1,1,1,1,否,否,@v105518@f1B0113「……だといいんだけど」,@v105518@f1B0113「……真是这样就好了……」,40 76 31 30 35 35 31 38 40 66 31 42 30 31 31 33 81 75 81 63 81 63 82 BE 82 C6 82 A2 82 A2 82 F1 82 BE 82 AF 82 C7 81 76,40 76 31 30 35 35 31 38 40 66 31 42 30 31 31 33 A1 B8 A1 AD A1 AD D5 E6 CA C7 D5 E2 D1 F9 BE CD BA C3 C1 CB A1 AD A1 AD A1 B9
ryan12.bin,120,38,44,39,中文更长,是,1,1,1,1,否,否,@f1A0318「悪い悪い……ごめん……つい」,@f1A0318「抱歉抱歉……对不起……不小心……」,40 66 31 41 30 33 31 38 81 75 88 AB 82 A2 88 AB 82 A2 81 63 81 63 82 B2 82 DF 82 F1 81 63 81 63 82 C2 82 A2 81 76,40 66 31 41 30 33 31 38 A1 B8 B1 A7 C7 B8 B1 A7 C7 B8 A1 AD A1 AD B6 D4 B2 BB C6 F0 A1 AD A1 AD B2 BB D0 A1 D0 C4 A1 AD A1 AD A1 B9
ryan12.bin,142,62,66,63,中文更长,是,0,0,0,0,否,否,……慰めるつもりが逆に泣かれ、僕は戸惑い、ただ立ちすくむ……。,……我想要安慰她，反而让她哭了出来。我困惑着，只是呆站在原地……。,81 63 81 63 88 D4 82 DF 82 E9 82 C2 82 E0 82 E8 82 AA 8B 74 82 C9 8B 83 82 A9 82 EA 81 41 96 6C 82 CD 8C CB 98 66 82 A2 81 41 82 BD 82 BE 97 A7 82 BF 82 B7 82 AD 82 DE 81 63 81 63 81 42,A1 AD A1 AD CE D2 CF EB D2 AA B0 B2 CE BF CB FD A3 AC B7 B4 B6 F8 C8 C3 CB FD BF DE C1 CB B3 F6 C0 B4 A1 A3 CE D2 C0 A7 BB F3 D7 C5 A3 AC D6 BB CA C7 B4 F4 D5 BE D4 DA D4 AD B5 D8 A1 AD A1 AD A1 A3
ryan13.bin,25,70,72,71,中文更长,是,0,0,0,0,否,否,……戦いの興奮が醒め、ふっと我に返ると、そんな自責の念が脳裏に浮かぶ。,……我从战斗的兴奋感中清醒过来，突然回过神，这种自责的想法浮现在头脑中。,81 63 81 63 90 ED 82 A2 82 CC 8B BB 95 B1 82 AA 90 C1 82 DF 81 41 82 D3 82 C1 82 C6 89 E4 82 C9 95 D4 82 E9 82 C6 81 41 82 BB 82 F1 82 C8 8E A9 90 D3 82 CC 94 4F 82 AA 94 5D 97 A0 82 C9 95 82 82 A9 82 D4 81 42,A1 AD A1 AD CE D2 B4 D3 D5 BD B6 B7 B5 C4 D0 CB B7 DC B8 D0 D6 D0 C7 E5 D0 D1 B9 FD C0 B4 A3 AC CD BB C8 BB BB D8 B9 FD C9 F1 A3 AC D5 E2 D6 D6 D7 D4 D4 F0 B5 C4 CF EB B7 A8 B8 A1 CF D6 D4 DA CD B7 C4 D4 D6 D0 A1 A3
ryan13.bin,100,41,43,42,中文更长,是,1,1,1,1,否,否,@v105597@f1A0117@m1「…………戻れねえよ」,@v105597@f1A0117@m1「…………回不去了啊。」,40 76 31 30 35 35 39 37 40 66 31 41 30 31 31 37 40 6D 31 81 75 81 63 81 63 81 63 81 63 96 DF 82 EA 82 CB 82 A6 82 E6 81 76,40 76 31 30 35 35 39 37 40 66 31 41 30 31 31 37 40 6D 31 A1 B8 A1 AD A1 AD A1 AD A1 AD BB D8 B2 BB C8 A5 C1 CB B0 A1 A1 A3 A1 B9
ryan13.bin,126,60,62,61,中文更长,是,0,0,0,0,否,否,……地下道を走りぬけ、地上に抜け出てやっと俺達は一息をつく。,……我们跑着穿过了地下道，一直跑到了地面上，终于可以喘口气了。,81 63 81 63 92 6E 89 BA 93 B9 82 F0 91 96 82 E8 82 CA 82 AF 81 41 92 6E 8F E3 82 C9 94 B2 82 AF 8F 6F 82 C4 82 E2 82 C1 82 C6 89 B4 92 42 82 CD 88 EA 91 A7 82 F0 82 C2 82 AD 81 42,A1 AD A1 AD CE D2 C3 C7 C5 DC D7 C5 B4 A9 B9 FD C1 CB B5 D8 CF C2 B5 C0 A3 AC D2 BB D6 B1 C5 DC B5 BD C1 CB B5 D8 C3 E6 C9 CF A3 AC D6 D5 D3 DA BF C9 D2 D4 B4 AD BF DA C6 F8 C1 CB A1 A3
ryan13.bin,146,26,28,27,中文更长,是,1,1,1,1,否,否,@f1A0317「……多分って？」,@f1A0317「……大概，是说？」,40 66 31 41 30 33 31 37 81 75 81 63 81 63 91 BD 95 AA 82 C1 82 C4 81 48 81 76,40 66 31 41 30 33 31 37 A1 B8 A1 AD A1 AD B4 F3 B8 C5 A3 AC CA C7 CB B5 A3 BF A1 B9
ryan14.bin,34,56,58,57,中文更长,是,1,1,1,1,否,否,@v105648@f1A0109「どうだ？……特別に会わせてやろうか？」,@v105648@f1A0109「怎样？……我可以特别地让你去见个面哦？」,40 76 31 30 35 36 34 38 40 66 31 41 30 31 30 39 81 75 82 C7 82 A4 82 BE 81 48 81 63 81 63 93 C1 95 CA 82 C9 89 EF 82 ED 82 B9 82 C4 82 E2 82 EB 82 A4 82 A9 81 48 81 76,40 76 31 30 35 36 34 38 40 66 31 41 30 31 30 39 A1 B8 D4 F5 D1 F9 A3 BF A1 AD A1 AD CE D2 BF C9 D2 D4 CC D8 B1 F0 B5 D8 C8 C3 C4 E3 C8 A5 BC FB B8 F6 C3 E6 C5 B6 A3 BF A1 B9
ryan14.bin,71,26,30,27,中文更长,是,1,1,1,1,否,否,@v105664@f2B0102「……透」,@v105664@f2B0102「……透……」,40 76 31 30 35 36 36 34 40 66 32 42 30 31 30 32 81 75 81 63 81 63 93 A7 81 76,40 76 31 30 35 36 36 34 40 66 32 42 30 31 30 32 A1 B8 A1 AD A1 AD CD B8 A1 AD A1 AD A1 B9
ryan14.bin,170,38,40,39,中文更长,是,1,1,1,1,否,否,「あ……ああ……離さないよ……リャン」,「啊……嗯……我不会离开你的……梁……」,81 75 82 A0 81 63 81 63 82 A0 82 A0 81 63 81 63 97 A3 82 B3 82 C8 82 A2 82 E6 81 63 81 63 83 8A 83 83 83 93 81 76,A1 B8 B0 A1 A1 AD A1 AD E0 C5 A1 AD A1 AD CE D2 B2 BB BB E1 C0 EB BF AA C4 E3 B5 C4 A1 AD A1 AD C1 BA A1 AD A1 AD A1 B9
ryan15.bin,49,28,30,29,中文更长,是,1,1,1,1,否,否,@v105738@f2A0102「……了解」,@v105738@f2A0102「……了解。」,40 76 31 30 35 37 33 38 40 66 32 41 30 31 30 32 81 75 81 63 81 63 97 B9 89 F0 81 76,40 76 31 30 35 37 33 38 40 66 32 41 30 31 30 32 A1 B8 A1 AD A1 AD C1 CB BD E2 A1 A3 A1 B9
ryan16.bin,29,50,54,51,中文更长,是,1,1,1,1,否,否,@v105743「……止めを刺すなら……一気にお願い……」,@v105743「……如果要结束我的性命……拜托你果断些……」,40 76 31 30 35 37 34 33 81 75 81 63 81 63 8E 7E 82 DF 82 F0 8E 68 82 B7 82 C8 82 E7 81 63 81 63 88 EA 8B 43 82 C9 82 A8 8A E8 82 A2 81 63 81 63 81 76,40 76 31 30 35 37 34 33 A1 B8 A1 AD A1 AD C8 E7 B9 FB D2 AA BD E1 CA F8 CE D2 B5 C4 D0 D4 C3 FC A1 AD A1 AD B0 DD CD D0 C4 E3 B9 FB B6 CF D0 A9 A1 AD A1 AD A1 B9
ryan16.bin,59,22,24,23,中文更长,是,1,1,1,1,否,否,@f1A0324「……しかし」,@f1A0324「……可是……」,40 66 31 41 30 33 32 34 81 75 81 63 81 63 82 B5 82 A9 82 B5 81 76,40 66 31 41 30 33 32 34 A1 B8 A1 AD A1 AD BF C9 CA C7 A1 AD A1 AD A1 B9
ryan17.bin,69,24,26,25,中文更长,是,1,1,1,1,否,否,@f1A0324「……未完成？」,@f1A0324「……没有完成？」,40 66 31 41 30 33 32 34 81 75 81 63 81 63 96 A2 8A AE 90 AC 81 48 81 76,40 66 31 41 30 33 32 34 A1 B8 A1 AD A1 AD C3 BB D3 D0 CD EA B3 C9 A3 BF A1 B9
ryan18.bin,6,88,92,89,中文更长,是,1,1,1,1,否,否,@f1A0305「我慢しろ……あと１時間もすれば終点で乗り換え……そこからは一等列車の個室席さ」,@f1A0305「忍耐一下吧……再过一个小时，就在终点站换乘……从那里开始，就是一等列车的包间了。」,40 66 31 41 30 33 30 35 81 75 89 E4 96 9D 82 B5 82 EB 81 63 81 63 82 A0 82 C6 82 50 8E 9E 8A D4 82 E0 82 B7 82 EA 82 CE 8F 49 93 5F 82 C5 8F E6 82 E8 8A B7 82 A6 81 63 81 63 82 BB 82 B1 82 A9 82 E7 82 CD 88 EA 93 99 97 F1 8E D4 82 CC 8C C2 8E BA 90 C8 82 B3 81 76,40 66 31 41 30 33 30 35 A1 B8 C8 CC C4 CD D2 BB CF C2 B0 C9 A1 AD A1 AD D4 D9 B9 FD D2 BB B8 F6 D0 A1 CA B1 A3 AC BE CD D4 DA D6 D5 B5 E3 D5 BE BB BB B3 CB A1 AD A1 AD B4 D3 C4 C7 C0 EF BF AA CA BC A3 AC BE CD CA C7 D2 BB B5 C8 C1 D0 B3 B5 B5 C4 B0 FC BC E4 C1 CB A1 A3 A1 B9
ryan19.bin,1,70,72,71,中文更长,是,0,0,0,0,否,否,……青い空、青い海……通俗的だが爽やかな夏の海岸が目の前に広がる……。,……蓝色的天空，蓝色的海洋……我的眼前出现了通俗而又清爽的夏日海岸……。,81 63 81 63 90 C2 82 A2 8B F3 81 41 90 C2 82 A2 8A 43 81 63 81 63 92 CA 91 AD 93 49 82 BE 82 AA 91 75 82 E2 82 A9 82 C8 89 C4 82 CC 8A 43 8A DD 82 AA 96 DA 82 CC 91 4F 82 C9 8D 4C 82 AA 82 E9 81 63 81 63 81 42,A1 AD A1 AD C0 B6 C9 AB B5 C4 CC EC BF D5 A3 AC C0 B6 C9 AB B5 C4 BA A3 D1 F3 A1 AD A1 AD CE D2 B5 C4 D1 DB C7 B0 B3 F6 CF D6 C1 CB CD A8 CB D7 B6 F8 D3 D6 C7 E5 CB AC B5 C4 CF C4 C8 D5 BA A3 B0 B6 A1 AD A1 AD A1 A3
ryan19.bin,19,42,52,43,中文更长,是,1,1,1,1,否,否,「……よし……仮想物理学の基礎講座だ……」,「……好……我来给你上一堂虚拟物理学的基础讲座……」,81 75 81 63 81 63 82 E6 82 B5 81 63 81 63 89 BC 91 7A 95 A8 97 9D 8A 77 82 CC 8A EE 91 62 8D 75 8D C0 82 BE 81 63 81 63 81 76,A1 B8 A1 AD A1 AD BA C3 A1 AD A1 AD CE D2 C0 B4 B8 F8 C4 E3 C9 CF D2 BB CC C3 D0 E9 C4 E2 CE EF C0 ED D1 A7 B5 C4 BB F9 B4 A1 BD B2 D7 F9 A1 AD A1 AD A1 B9
ryan19.bin,52,142,144,143,中文更长,是,1,1,1,1,否,否,@v105825@f1B0320「う、うん……@w2100@f1B0325ええと、『よし、仮想物理学の基礎講座だ、オイルが垂れる、これだけの行為に@r現実@リアル@では』……」,@v105825@f1B0320「嗯……@w2100@f1B0325呃，『好，我来给你上一堂虚拟物理学的基础讲座。防晒油会流下来，仅仅是这样的行为，在@r现实@Real@中，』……」,40 76 31 30 35 38 32 35 40 66 31 42 30 33 32 30 81 75 82 A4 81 41 82 A4 82 F1 81 63 81 63 40 77 32 31 30 30 40 66 31 42 30 33 32 35 82 A6 82 A6 82 C6 81 41 81 77 82 E6 82 B5 81 41 89 BC 91 7A 95 A8 97 9D 8A 77 82 CC 8A EE 91 62 8D 75 8D C0 82 BE 81 41 83 49 83 43 83 8B 82 AA 90 82 82 EA 82 E9 81 41 82 B1 82 EA 82 BE 82 AF 82 CC 8D 73 88 D7 82 C9 40 72 8C BB 8E C0 40 83 8A 83 41 83 8B 40 82 C5 82 CD 81 78 81 63 81 63 81 76,40 76 31 30 35 38 32 35 40 66 31 42 30 33 32 30 A1 B8 E0 C5 A1 AD A1 AD 40 77 32 31 30 30 40 66 31 42 30 33 32 35 DF C0 A3 AC A1 BA BA C3 A3 AC CE D2 C0 B4 B8 F8 C4 E3 C9 CF D2 BB CC C3 D0 E9 C4 E2 CE EF C0 ED D1 A7 B5 C4 BB F9 B4 A1 BD B2 D7 F9 A1 A3 B7 C0 C9 B9 D3 CD BB E1 C1 F7 CF C2 C0 B4 A3 AC BD F6 BD F6 CA C7 D5 E2 D1 F9 B5 C4 D0 D0 CE AA A3 AC D4 DA 40 72 CF D6 CA B5 40 52 65 61 6C 40 D6 D0 A3 AC A1 BB A1 AD A1 AD A1 B9
ryan20.bin,1,70,72,71,中文更长,是,0,0,0,0,否,否,……青い空、青い海……通俗的だが爽やかな夏の海岸が目の前に広がる……。,……蓝色的天空，蓝色的海洋……我的眼前出现了通俗而又清爽的夏日海岸……。,81 63 81 63 90 C2 82 A2 8B F3 81 41 90 C2 82 A2 8A 43 81 63 81 63 92 CA 91 AD 93 49 82 BE 82 AA 91 75 82 E2 82 A9 82 C8 89 C4 82 CC 8A 43 8A DD 82 AA 96 DA 82 CC 91 4F 82 C9 8D 4C 82 AA 82 E9 81 63 81 63 81 42,A1 AD A1 AD C0 B6 C9 AB B5 C4 CC EC BF D5 A3 AC C0 B6 C9 AB B5 C4 BA A3 D1 F3 A1 AD A1 AD CE D2 B5 C4 D1 DB C7 B0 B3 F6 CF D6 C1 CB CD A8 CB D7 B6 F8 D3 D6 C7 E5 CB AC B5 C4 CF C4 C8 D5 BA A3 B0 B6 A1 AD A1 AD A1 A3
ryan20.bin,38,32,34,33,中文更长,是,1,1,1,1,否,否,@v105843「な……なにを……！？」,@v105843「你……你说什么……！？」,40 76 31 30 35 38 34 33 81 75 82 C8 81 63 81 63 82 C8 82 C9 82 F0 81 63 81 63 81 49 81 48 81 76,40 76 31 30 35 38 34 33 A1 B8 C4 E3 A1 AD A1 AD C4 E3 CB B5 CA B2 C3 B4 A1 AD A1 AD A3 A1 A3 BF A1 B9
ryan20.bin,102,40,42,41,中文更长,是,1,1,1,1,否,否,@f1A0324「……わかった……気をつけるよ」,@f1A0324「……我知道了……我会小心的……」,40 66 31 41 30 33 32 34 81 75 81 63 81 63 82 ED 82 A9 82 C1 82 BD 81 63 81 63 8B 43 82 F0 82 C2 82 AF 82 E9 82 E6 81 76,40 66 31 41 30 33 32 34 A1 B8 A1 AD A1 AD CE D2 D6 AA B5 C0 C1 CB A1 AD A1 AD CE D2 BB E1 D0 A1 D0 C4 B5 C4 A1 AD A1 AD A1 B9
ryan21.bin,9,26,27,27,中文更长,否,1,1,1,1,否,否,@v105872「@r正解@ビンゴ@」,@v105872「@r正解@Bingo@。」,40 76 31 30 35 38 37 32 81 75 40 72 90 B3 89 F0 40 83 72 83 93 83 53 40 81 76,40 76 31 30 35 38 37 32 A1 B8 40 72 D5 FD BD E2 40 42 69 6E 67 6F 40 A1 A3 A1 B9
ryan22a.bin,61,34,38,35,中文更长,是,1,1,1,1,否,否,「……いいね？……入れるよ……？」,「……可以吗？……要插进去了哦……？」,81 75 81 63 81 63 82 A2 82 A2 82 CB 81 48 81 63 81 63 93 FC 82 EA 82 E9 82 E6 81 63 81 63 81 48 81 76,A1 B8 A1 AD A1 AD BF C9 D2 D4 C2 F0 A3 BF A1 AD A1 AD D2 AA B2 E5 BD F8 C8 A5 C1 CB C5 B6 A1 AD A1 AD A3 BF A1 B9
ryan22b.bin,21,18,22,19,中文更长,是,1,1,1,1,否,否,@v105986「……っ」,@v105986「……呜……」,40 76 31 30 35 39 38 36 81 75 81 63 81 63 82 C1 81 76,40 76 31 30 35 39 38 36 A1 B8 A1 AD A1 AD CE D8 A1 AD A1 AD A1 B9
ryan22b.bin,138,74,82,75,中文更长,是,1,1,1,1,否,否,@v106033「透がへンな事言うから意識しちゃって……なんか……もう……ううっ」,@v106033「都是透说了奇怪的话，让我注意到了这件事……感觉好像……已经……呜呜……」,40 76 31 30 36 30 33 33 81 75 93 A7 82 AA 82 D6 83 93 82 C8 8E 96 8C BE 82 A4 82 A9 82 E7 88 D3 8E AF 82 B5 82 BF 82 E1 82 C1 82 C4 81 63 81 63 82 C8 82 F1 82 A9 81 63 81 63 82 E0 82 A4 81 63 81 63 82 A4 82 A4 82 C1 81 76,40 76 31 30 36 30 33 33 A1 B8 B6 BC CA C7 CD B8 CB B5 C1 CB C6 E6 B9 D6 B5 C4 BB B0 A3 AC C8 C3 CE D2 D7 A2 D2 E2 B5 BD C1 CB D5 E2 BC FE CA C2 A1 AD A1 AD B8 D0 BE F5 BA C3 CF F1 A1 AD A1 AD D2 D1 BE AD A1 AD A1 AD CE D8 CE D8 A1 AD A1 AD A1 B9
ryan22b.bin,161,14,16,15,中文更长,是,1,1,1,1,否,否,「……そうか」,「……是吗……」,81 75 81 63 81 63 82 BB 82 A4 82 A9 81 76,A1 B8 A1 AD A1 AD CA C7 C2 F0 A1 AD A1 AD A1 B9
ryan22b.bin,166,36,38,37,中文更长,是,1,1,1,1,否,否,@v106044「……でも、やっとだね、透」,@v106044「……不过，终于到了呢，透。」,40 76 31 30 36 30 34 34 81 75 81 63 81 63 82 C5 82 E0 81 41 82 E2 82 C1 82 C6 82 BE 82 CB 81 41 93 A7 81 76,40 76 31 30 36 30 34 34 A1 B8 A1 AD A1 AD B2 BB B9 FD A3 AC D6 D5 D3 DA B5 BD C1 CB C4 D8 A3 AC CD B8 A1 A3 A1 B9
ryan23.bin,21,20,22,21,中文更长,是,1,1,1,1,否,否,@v105944「……数？」,@v105944「……数数？」,40 76 31 30 35 39 34 34 81 75 81 63 81 63 90 94 81 48 81 76,40 76 31 30 35 39 34 34 A1 B8 A1 AD A1 AD CA FD CA FD A3 BF A1 B9
ryan24.bin,73,30,34,31,中文更长,是,1,1,1,1,否,否,@v106078「……好き……透……」,@v106078「……我喜欢你……透……」,40 76 31 30 36 30 37 38 81 75 81 63 81 63 8D 44 82 AB 81 63 81 63 93 A7 81 63 81 63 81 76,40 76 31 30 36 30 37 38 A1 B8 A1 AD A1 AD CE D2 CF B2 BB B6 C4 E3 A1 AD A1 AD CD B8 A1 AD A1 AD A1 B9
ryan25.bin,14,116,120,117,中文更长,是,0,0,0,0,否,否,半ば照明の消えた街を舐めるようにヘリとＶＴＯＬ機が何機も上空を駆け抜けてゆき、時折、俺達の頭上を駆け抜けてゆく……。,街上的照明消失了一半，几架直升机和ＶＴＯＬ机舔舐般地从街区上方飞过，时而经过我们的头顶……。（译者按：垂直起落的飞机。）,94 BC 82 CE 8F C6 96 BE 82 CC 8F C1 82 A6 82 BD 8A 58 82 F0 E4 72 82 DF 82 E9 82 E6 82 A4 82 C9 83 77 83 8A 82 C6 82 75 82 73 82 6E 82 6B 8B 40 82 AA 89 BD 8B 40 82 E0 8F E3 8B F3 82 F0 8B EC 82 AF 94 B2 82 AF 82 C4 82 E4 82 AB 81 41 8E 9E 90 DC 81 41 89 B4 92 42 82 CC 93 AA 8F E3 82 F0 8B EC 82 AF 94 B2 82 AF 82 C4 82 E4 82 AD 81 63 81 63 81 42,BD D6 C9 CF B5 C4 D5 D5 C3 F7 CF FB CA A7 C1 CB D2 BB B0 EB A3 AC BC B8 BC DC D6 B1 C9 FD BB FA BA CD A3 D6 A3 D4 A3 CF A3 CC BB FA CC F2 F3 C2 B0 E3 B5 D8 B4 D3 BD D6 C7 F8 C9 CF B7 BD B7 C9 B9 FD A3 AC CA B1 B6 F8 BE AD B9 FD CE D2 C3 C7 B5 C4 CD B7 B6 A5 A1 AD A1 AD A1 A3 A3 A8 D2 EB D5 DF B0 B4 A3 BA B4 B9 D6 B1 C6 F0 C2 E4 B5 C4 B7 C9 BB FA A1 A3 A3 A9
ryan26.bin,28,18,20,19,中文更长,是,1,1,1,1,否,否,@v106156「動くな」,@v106156「不许动。」,40 76 31 30 36 31 35 36 81 75 93 AE 82 AD 82 C8 81 76,40 76 31 30 36 31 35 36 A1 B8 B2 BB D0 ED B6 AF A1 A3 A1 B9
ryan27.bin,5,20,24,21,中文更长,是,1,1,1,1,否,否,@v106187「……相馬」,@v106187「……相马……」,40 76 31 30 36 31 38 37 81 75 81 63 81 63 91 8A 94 6E 81 76,40 76 31 30 36 31 38 37 A1 B8 A1 AD A1 AD CF E0 C2 ED A1 AD A1 AD A1 B9
ryan27.bin,7,20,24,21,中文更长,是,1,1,1,1,否,否,@f1A0313「……隊長」,@f1A0313「……队长……」,40 66 31 41 30 33 31 33 81 75 81 63 81 63 91 E0 92 B7 81 76,40 66 31 41 30 33 31 33 A1 B8 A1 AD A1 AD B6 D3 B3 A4 A1 AD A1 AD A1 B9
ryan28.bin,19,20,22,21,中文更长,是,1,1,1,1,否,否,@v106198「………透」,@v106198「……透……」,40 76 31 30 36 31 39 38 81 75 81 63 81 63 81 63 93 A7 81 76,40 76 31 30 36 31 39 38 A1 B8 A1 AD A1 AD CD B8 A1 AD A1 AD A1 B9
ryan28.bin,26,48,52,49,中文更长,是,0,0,0,0,否,否,@m1@a1激しい日々の末に@n俺は多くの友を失った……,@m1@a1在这段激烈的日子最后，@n我失去了大量的朋友……,40 6D 31 40 61 31 8C 83 82 B5 82 A2 93 FA 81 58 82 CC 96 96 82 C9 40 6E 89 B4 82 CD 91 BD 82 AD 82 CC 97 46 82 F0 8E B8 82 C1 82 BD 81 63 81 63,40 6D 31 40 61 31 D4 DA D5 E2 B6 CE BC A4 C1 D2 B5 C4 C8 D5 D7 D3 D7 EE BA F3 A3 AC 40 6E CE D2 CA A7 C8 A5 C1 CB B4 F3 C1 BF B5 C4 C5 F3 D3 D1 A1 AD A1 AD
ryan29.bin,21,27,29,28,中文更长,是,1,1,1,1,否,否,@v106223@m0「……………透」,@v106223@m0「…………透……」,40 76 31 30 36 32 32 33 40 6D 30 81 75 81 63 81 63 81 63 81 63 81 63 93 A7 81 76,40 76 31 30 36 32 32 33 40 6D 30 A1 B8 A1 AD A1 AD A1 AD A1 AD CD B8 A1 AD A1 AD A1 B9
ryan31.bin,14,58,72,59,中文更长,是,1,1,1,1,否,否,@f1A0326「……たった３年なのに、まるで浦島太郎だよな……」,@f1A0326「……仅仅三年，我就像是浦岛太郎……（译者按：日本民间故事。）」,40 66 31 41 30 33 32 36 81 75 81 63 81 63 82 BD 82 C1 82 BD 82 52 94 4E 82 C8 82 CC 82 C9 81 41 82 DC 82 E9 82 C5 89 59 93 87 91 BE 98 59 82 BE 82 E6 82 C8 81 63 81 63 81 76,40 66 31 41 30 33 32 36 A1 B8 A1 AD A1 AD BD F6 BD F6 C8 FD C4 EA A3 AC CE D2 BE CD CF F1 CA C7 C6 D6 B5 BA CC AB C0 C9 A1 AD A1 AD A3 A8 D2 EB D5 DF B0 B4 A3 BA C8 D5 B1 BE C3 F1 BC E4 B9 CA CA C2 A1 A3 A3 A9 A1 B9
tsukina01.bin,9,12,16,13,中文更长,是,1,1,1,1,否,否,「……優哉」,「……优哉……」,81 75 81 63 81 63 97 44 8D C6 81 76,A1 B8 A1 AD A1 AD D3 C5 D4 D5 A1 AD A1 AD A1 B9
tsukina02.bin,18,34,40,35,中文更长,是,1,1,1,1,否,否,@v100293@f1A0133「うん……私はね」,@v100293@f1A0133「嗯……我的结束了……」,40 76 31 30 30 32 39 33 40 66 31 41 30 31 33 33 81 75 82 A4 82 F1 81 63 81 63 8E 84 82 CD 82 CB 81 76,40 76 31 30 30 32 39 33 40 66 31 41 30 31 33 33 A1 B8 E0 C5 A1 AD A1 AD CE D2 B5 C4 BD E1 CA F8 C1 CB A1 AD A1 AD A1 B9
tsukina02.bin,26,34,36,35,中文更长,是,1,1,1,1,否,否,@v100296@f1A0133「………ごめんね」,@v100296@f1A0133「………对不起……」,40 76 31 30 30 32 39 36 40 66 31 41 30 31 33 33 81 75 81 63 81 63 81 63 82 B2 82 DF 82 F1 82 CB 81 76,40 76 31 30 30 32 39 36 40 66 31 41 30 31 33 33 A1 B8 A1 AD A1 AD A1 AD B6 D4 B2 BB C6 F0 A1 AD A1 AD A1 B9
tsukina03.bin,9,12,16,13,中文更长,是,1,1,1,1,否,否,「……優哉」,「……优哉……」,81 75 81 63 81 63 97 44 8D C6 81 76,A1 B8 A1 AD A1 AD D3 C5 D4 D5 A1 AD A1 AD A1 B9
tsukina03.bin,11,108,111,109,中文更长,否,0,0,0,0,否,否,電子体用装備を封入した自慢の@r小道具@ペンダント@……優哉は知り合った頃から、これを自慢の種にしてたっけ……。,那是他引以为傲的@r小道具@Pendant@，里面封入了电子体使用的装备……从我认识优哉的时候起，他就一直引以为傲吧……。,93 64 8E 71 91 CC 97 70 91 95 94 F5 82 F0 95 95 93 FC 82 B5 82 BD 8E A9 96 9D 82 CC 40 72 8F AC 93 B9 8B EF 40 83 79 83 93 83 5F 83 93 83 67 40 81 63 81 63 97 44 8D C6 82 CD 92 6D 82 E8 8D 87 82 C1 82 BD 8D A0 82 A9 82 E7 81 41 82 B1 82 EA 82 F0 8E A9 96 9D 82 CC 8E ED 82 C9 82 B5 82 C4 82 BD 82 C1 82 AF 81 63 81 63 81 42,C4 C7 CA C7 CB FB D2 FD D2 D4 CE AA B0 C1 B5 C4 40 72 D0 A1 B5 C0 BE DF 40 50 65 6E 64 61 6E 74 40 A3 AC C0 EF C3 E6 B7 E2 C8 EB C1 CB B5 E7 D7 D3 CC E5 CA B9 D3 C3 B5 C4 D7 B0 B1 B8 A1 AD A1 AD B4 D3 CE D2 C8 CF CA B6 D3 C5 D4 D5 B5 C4 CA B1 BA F2 C6 F0 A3 AC CB FB BE CD D2 BB D6 B1 D2 FD D2 D4 CE AA B0 C1 B0 C9 A1 AD A1 AD A1 A3
tsukina03.bin,42,122,132,123,中文更长,是,0,0,0,0,否,否,……軽い気持ちで危険を招いた愚かしさへの自責の念。……親友に二度と会えない胸の痛み。……そして、親友を殺したヤツへの怒り。,……轻率的心情招来了危险，对于这种愚蠢，我深深自责。……无法再次见到好友，令我胸口疼痛。……并且，还有对于杀死好友的家伙，那股愤怒。,81 63 81 63 8C 79 82 A2 8B 43 8E 9D 82 BF 82 C5 8A EB 8C AF 82 F0 8F B5 82 A2 82 BD 8B F0 82 A9 82 B5 82 B3 82 D6 82 CC 8E A9 90 D3 82 CC 94 4F 81 42 81 63 81 63 90 65 97 46 82 C9 93 F1 93 78 82 C6 89 EF 82 A6 82 C8 82 A2 8B B9 82 CC 92 C9 82 DD 81 42 81 63 81 63 82 BB 82 B5 82 C4 81 41 90 65 97 46 82 F0 8E 45 82 B5 82 BD 83 84 83 63 82 D6 82 CC 93 7B 82 E8 81 42,A1 AD A1 AD C7 E1 C2 CA B5 C4 D0 C4 C7 E9 D5 D0 C0 B4 C1 CB CE A3 CF D5 A3 AC B6 D4 D3 DA D5 E2 D6 D6 D3 DE B4 C0 A3 AC CE D2 C9 EE C9 EE D7 D4 D4 F0 A1 A3 A1 AD A1 AD CE DE B7 A8 D4 D9 B4 CE BC FB B5 BD BA C3 D3 D1 A3 AC C1 EE CE D2 D0 D8 BF DA CC DB CD B4 A1 A3 A1 AD A1 AD B2 A2 C7 D2 A3 AC BB B9 D3 D0 B6 D4 D3 DA C9 B1 CB C0 BA C3 D3 D1 B5 C4 BC D2 BB EF A3 AC C4 C7 B9 C9 B7 DF C5 AD A1 A3
tsukina03.bin,59,38,42,39,中文更长,是,1,1,1,1,否,否,@v103056@f1B0117「……やっぱり、駄目」,@v103056@f1B0117「……果然还是，不行……」,40 76 31 30 33 30 35 36 40 66 31 42 30 31 31 37 81 75 81 63 81 63 82 E2 82 C1 82 CF 82 E8 81 41 91 CA 96 DA 81 76,40 76 31 30 33 30 35 36 40 66 31 42 30 31 31 37 A1 B8 A1 AD A1 AD B9 FB C8 BB BB B9 CA C7 A3 AC B2 BB D0 D0 A1 AD A1 AD A1 B9
tsukina03.bin,79,20,22,21,中文更长,是,1,1,1,1,否,否,@f1A0124「話……？」,@f1A0124「有事……？」,40 66 31 41 30 31 32 34 81 75 98 62 81 63 81 63 81 48 81 76,40 66 31 41 30 31 32 34 A1 B8 D3 D0 CA C2 A1 AD A1 AD A3 BF A1 B9
tsukina03.bin,126,132,142,133,中文更长,是,0,0,0,0,否,否,記憶にある最初の光景は施設の白い壁だった……一種の自閉症……今の時代、障害児を施設に置き去りにして逃げる無責任な親は少なくない……。,我最开始的记忆，已经是孤儿院的白色墙壁了……这是一种自闭症……现在这个时代，把有障碍的孩子扔在孤儿院，自己跑掉的不负责任的父母并不是少数……。,8B 4C 89 AF 82 C9 82 A0 82 E9 8D C5 8F 89 82 CC 8C F5 8C 69 82 CD 8E 7B 90 DD 82 CC 94 92 82 A2 95 C7 82 BE 82 C1 82 BD 81 63 81 63 88 EA 8E ED 82 CC 8E A9 95 C2 8F C7 81 63 81 63 8D A1 82 CC 8E 9E 91 E3 81 41 8F E1 8A 51 8E 99 82 F0 8E 7B 90 DD 82 C9 92 75 82 AB 8B 8E 82 E8 82 C9 82 B5 82 C4 93 A6 82 B0 82 E9 96 B3 90 D3 94 43 82 C8 90 65 82 CD 8F AD 82 C8 82 AD 82 C8 82 A2 81 63 81 63 81 42,CE D2 D7 EE BF AA CA BC B5 C4 BC C7 D2 E4 A3 AC D2 D1 BE AD CA C7 B9 C2 B6 F9 D4 BA B5 C4 B0 D7 C9 AB C7 BD B1 DA C1 CB A1 AD A1 AD D5 E2 CA C7 D2 BB D6 D6 D7 D4 B1 D5 D6 A2 A1 AD A1 AD CF D6 D4 DA D5 E2 B8 F6 CA B1 B4 FA A3 AC B0 D1 D3 D0 D5 CF B0 AD B5 C4 BA A2 D7 D3 C8 D3 D4 DA B9 C2 B6 F9 D4 BA A3 AC D7 D4 BC BA C5 DC B5 F4 B5 C4 B2 BB B8 BA D4 F0 C8 CE B5 C4 B8 B8 C4 B8 B2 A2 B2 BB CA C7 C9 D9 CA FD A1 AD A1 AD A1 A3
tsukina03.bin,143,100,102,101,中文更长,是,0,0,0,0,否,否,お転婆でお節介……それだけしか印象が無かった月菜の表情に、不思議な優しさと悲しみが浮かんでいる……。,又淘气又多事……对于月菜来说，我本来只有这种印象的，但她现在的表情上，露出了难以置信的温柔和悲伤……。,82 A8 93 5D 94 6B 82 C5 82 A8 90 DF 89 EE 81 63 81 63 82 BB 82 EA 82 BE 82 AF 82 B5 82 A9 88 F3 8F DB 82 AA 96 B3 82 A9 82 C1 82 BD 8C 8E 8D D8 82 CC 95 5C 8F EE 82 C9 81 41 95 73 8E 76 8B 63 82 C8 97 44 82 B5 82 B3 82 C6 94 DF 82 B5 82 DD 82 AA 95 82 82 A9 82 F1 82 C5 82 A2 82 E9 81 63 81 63 81 42,D3 D6 CC D4 C6 F8 D3 D6 B6 E0 CA C2 A1 AD A1 AD B6 D4 D3 DA D4 C2 B2 CB C0 B4 CB B5 A3 AC CE D2 B1 BE C0 B4 D6 BB D3 D0 D5 E2 D6 D6 D3 A1 CF F3 B5 C4 A3 AC B5 AB CB FD CF D6 D4 DA B5 C4 B1 ED C7 E9 C9 CF A3 AC C2 B6 B3 F6 C1 CB C4 D1 D2 D4 D6 C3 D0 C5 B5 C4 CE C2 C8 E1 BA CD B1 AF C9 CB A1 AD A1 AD A1 A3
tsukina04.bin,10,60,64,61,中文更长,是,1,1,1,1,否,否,@v103084@f1D0108「……あはははっ、ゴメンっ……つい嬉しくて」,@v103084@f1D0108「……啊哈哈哈，对不起……刚才因为太高兴了……」,40 76 31 30 33 30 38 34 40 66 31 44 30 31 30 38 81 75 81 63 81 63 82 A0 82 CD 82 CD 82 CD 82 C1 81 41 83 53 83 81 83 93 82 C1 81 63 81 63 82 C2 82 A2 8A F0 82 B5 82 AD 82 C4 81 76,40 76 31 30 33 30 38 34 40 66 31 44 30 31 30 38 A1 B8 A1 AD A1 AD B0 A1 B9 FE B9 FE B9 FE A3 AC B6 D4 B2 BB C6 F0 A1 AD A1 AD B8 D5 B2 C5 D2 F2 CE AA CC AB B8 DF D0 CB C1 CB A1 AD A1 AD A1 B9
tsukina05.bin,4,34,38,35,中文更长,是,1,1,1,1,否,否,@v103092@f1A0133「……やっぱりね」,@v103092@f1A0133「……果然是这样吗。」,40 76 31 30 33 30 39 32 40 66 31 41 30 31 33 33 81 75 81 63 81 63 82 E2 82 C1 82 CF 82 E8 82 CB 81 76,40 76 31 30 33 30 39 32 40 66 31 41 30 31 33 33 A1 B8 A1 AD A1 AD B9 FB C8 BB CA C7 D5 E2 D1 F9 C2 F0 A1 A3 A1 B9
tsukina05.bin,19,26,28,27,中文更长,是,1,1,1,1,否,否,@v100309@f1A0113「……透」,@v100309@f1A0113「……透。」,40 76 31 30 30 33 30 39 40 66 31 41 30 31 31 33 81 75 81 63 81 63 93 A7 81 76,40 76 31 30 30 33 30 39 40 66 31 41 30 31 31 33 A1 B8 A1 AD A1 AD CD B8 A1 A3 A1 B9
tsukina06.bin,96,28,30,29,中文更长,是,1,1,1,1,否,否,@v103136@f1A0127「………透」,@v103136@f1A0127「……透……」,40 76 31 30 33 31 33 36 40 66 31 41 30 31 32 37 81 75 81 63 81 63 81 63 93 A7 81 76,40 76 31 30 33 31 33 36 40 66 31 41 30 31 32 37 A1 B8 A1 AD A1 AD CD B8 A1 AD A1 AD A1 B9
tsukina06.bin,107,78,80,79,中文更长,是,1,1,1,1,否,否,@v103142@f1A0108「……下がっていいわよ、後は人事担当と打ち合わせして頂戴……」,@v103142@f1A0108「……你们可以离开了，之后的事情去找负责人事的部门来完成吧……」,40 76 31 30 33 31 34 32 40 66 31 41 30 31 30 38 81 75 81 63 81 63 89 BA 82 AA 82 C1 82 C4 82 A2 82 A2 82 ED 82 E6 81 41 8C E3 82 CD 90 6C 8E 96 92 53 93 96 82 C6 91 C5 82 BF 8D 87 82 ED 82 B9 82 B5 82 C4 92 B8 91 D5 81 63 81 63 81 76,40 76 31 30 33 31 34 32 40 66 31 41 30 31 30 38 A1 B8 A1 AD A1 AD C4 E3 C3 C7 BF C9 D2 D4 C0 EB BF AA C1 CB A3 AC D6 AE BA F3 B5 C4 CA C2 C7 E9 C8 A5 D5 D2 B8 BA D4 F0 C8 CB CA C2 B5 C4 B2 BF C3 C5 C0 B4 CD EA B3 C9 B0 C9 A1 AD A1 AD A1 B9
tsukina07.bin,17,38,40,39,中文更长,是,1,1,1,1,否,否,@f1A0111「……何をした？正直に言え？」,@f1A0111「……你做了什么？老实说出来？」,40 66 31 41 30 31 31 31 81 75 81 63 81 63 89 BD 82 F0 82 B5 82 BD 81 48 90 B3 92 BC 82 C9 8C BE 82 A6 81 48 81 76,40 66 31 41 30 31 31 31 A1 B8 A1 AD A1 AD C4 E3 D7 F6 C1 CB CA B2 C3 B4 A3 BF C0 CF CA B5 CB B5 B3 F6 C0 B4 A3 BF A1 B9
tsukina07.bin,21,30,34,31,中文更长,是,1,1,1,1,否,否,@f1A0123「……粋って……！！」,@f1A0123「……合理的安排……！！」,40 66 31 41 30 31 32 33 81 75 81 63 81 63 90 88 82 C1 82 C4 81 63 81 63 81 49 81 49 81 76,40 66 31 41 30 31 32 33 A1 B8 A1 AD A1 AD BA CF C0 ED B5 C4 B0 B2 C5 C5 A1 AD A1 AD A3 A1 A3 A1 A1 B9
tsukina07.bin,53,22,24,23,中文更长,是,1,1,1,1,否,否,@f1A0111「………いや」,@f1A0111「………没有。」,40 66 31 41 30 31 31 31 81 75 81 63 81 63 81 63 82 A2 82 E2 81 76,40 66 31 41 30 31 31 31 A1 B8 A1 AD A1 AD A1 AD C3 BB D3 D0 A1 A3 A1 B9
tsukina07.bin,83,31,35,32,中文更长,是,1,1,1,1,否,否,@v103174@m1「………………優哉」,@v103174@m1「………………优哉……」,40 76 31 30 33 31 37 34 40 6D 31 81 75 81 63 81 63 81 63 81 63 81 63 81 63 97 44 8D C6 81 76,40 76 31 30 33 31 37 34 40 6D 31 A1 B8 A1 AD A1 AD A1 AD A1 AD A1 AD A1 AD D3 C5 D4 D5 A1 AD A1 AD A1 B9
tsukina07.bin,86,27,29,28,中文更长,是,1,1,1,1,否,否,@v103175@m1「…………うん」,@v103175@m1「…………嗯……」,40 76 31 30 33 31 37 35 40 6D 31 81 75 81 63 81 63 81 63 81 63 82 A4 82 F1 81 76,40 76 31 30 33 31 37 35 40 6D 31 A1 B8 A1 AD A1 AD A1 AD A1 AD E0 C5 A1 AD A1 AD A1 B9
tsukina08.bin,49,94,96,95,中文更长,是,1,1,1,1,否,否,@v103192@f1A0216「でも、透……標準型の機体使わないの？……なんか、一人だけ違う機体って変だよ」,@v103192@f1A0216「不过，透……你不适用标准型的机体吗？……只有你自己是不同的机体，感觉很奇怪。」,40 76 31 30 33 31 39 32 40 66 31 41 30 32 31 36 81 75 82 C5 82 E0 81 41 93 A7 81 63 81 63 95 57 8F 80 8C 5E 82 CC 8B 40 91 CC 8E 67 82 ED 82 C8 82 A2 82 CC 81 48 81 63 81 63 82 C8 82 F1 82 A9 81 41 88 EA 90 6C 82 BE 82 AF 88 E1 82 A4 8B 40 91 CC 82 C1 82 C4 95 CF 82 BE 82 E6 81 76,40 76 31 30 33 31 39 32 40 66 31 41 30 32 31 36 A1 B8 B2 BB B9 FD A3 AC CD B8 A1 AD A1 AD C4 E3 B2 BB CA CA D3 C3 B1 EA D7 BC D0 CD B5 C4 BB FA CC E5 C2 F0 A3 BF A1 AD A1 AD D6 BB D3 D0 C4 E3 D7 D4 BC BA CA C7 B2 BB CD AC B5 C4 BB FA CC E5 A3 AC B8 D0 BE F5 BA DC C6 E6 B9 D6 A1 A3 A1 B9
tsukina08.bin,72,32,34,33,中文更长,是,1,1,1,1,否,否,@f1A0213「月菜、無事か……！？」,@f1A0213「月菜，你没事吧……！？」,40 66 31 41 30 32 31 33 81 75 8C 8E 8D D8 81 41 96 B3 8E 96 82 A9 81 63 81 63 81 49 81 48 81 76,40 66 31 41 30 32 31 33 A1 B8 D4 C2 B2 CB A3 AC C4 E3 C3 BB CA C2 B0 C9 A1 AD A1 AD A3 A1 A3 BF A1 B9
tsukina08.bin,107,28,30,29,中文更长,是,1,1,1,1,否,否,@v103222@f1A0233「………透」,@v103222@f1A0233「……透……」,40 76 31 30 33 32 32 32 40 66 31 41 30 32 33 33 81 75 81 63 81 63 81 63 93 A7 81 76,40 76 31 30 33 32 32 32 40 66 31 41 30 32 33 33 A1 B8 A1 AD A1 AD CD B8 A1 AD A1 AD A1 B9
tsukina08.bin,116,20,22,21,中文更长,是,1,1,1,1,否,否,@f1A0202「……社長」,@f1A0202「……社长。」,40 66 31 41 30 32 30 32 81 75 81 63 81 63 8E D0 92 B7 81 76,40 66 31 41 30 32 30 32 A1 B8 A1 AD A1 AD C9 E7 B3 A4 A1 A3 A1 B9
tsukina08.bin,137,30,34,31,中文更长,是,1,1,1,1,否,否,@f1A0218「……仕方がないヤツ」,@f1A0218「……让人没办法的家伙。」,40 66 31 41 30 32 31 38 81 75 81 63 81 63 8E 64 95 FB 82 AA 82 C8 82 A2 83 84 83 63 81 76,40 66 31 41 30 32 31 38 A1 B8 A1 AD A1 AD C8 C3 C8 CB C3 BB B0 EC B7 A8 B5 C4 BC D2 BB EF A1 A3 A1 B9
tsukina09.bin,12,48,52,49,中文更长,是,1,1,1,1,否,否,@f1A0118「はいはい……調子に乗って飲むからだよ」,@f1A0118「好的好的……都是因为喝得太得意忘形了……」,40 66 31 41 30 31 31 38 81 75 82 CD 82 A2 82 CD 82 A2 81 63 81 63 92 B2 8E 71 82 C9 8F E6 82 C1 82 C4 88 F9 82 DE 82 A9 82 E7 82 BE 82 E6 81 76,40 66 31 41 30 31 31 38 A1 B8 BA C3 B5 C4 BA C3 B5 C4 A1 AD A1 AD B6 BC CA C7 D2 F2 CE AA BA C8 B5 C3 CC AB B5 C3 D2 E2 CD FC D0 CE C1 CB A1 AD A1 AD A1 B9
tsukina09.bin,38,68,70,69,中文更长,是,0,0,0,0,否,否,……目を開けると、月菜の顔が寝息が吹きかかるほど側に迫っていた……。,……我睁开了眼睛，月菜的脸就在眼前，她的呼吸似乎已经能吹在我脸上……。,81 63 81 63 96 DA 82 F0 8A 4A 82 AF 82 E9 82 C6 81 41 8C 8E 8D D8 82 CC 8A E7 82 AA 90 51 91 A7 82 AA 90 81 82 AB 82 A9 82 A9 82 E9 82 D9 82 C7 91 A4 82 C9 94 97 82 C1 82 C4 82 A2 82 BD 81 63 81 63 81 42,A1 AD A1 AD CE D2 D5 F6 BF AA C1 CB D1 DB BE A6 A3 AC D4 C2 B2 CB B5 C4 C1 B3 BE CD D4 DA D1 DB C7 B0 A3 AC CB FD B5 C4 BA F4 CE FC CB C6 BA F5 D2 D1 BE AD C4 DC B4 B5 D4 DA CE D2 C1 B3 C9 CF A1 AD A1 AD A1 A3
tsukina09.bin,53,40,42,41,中文更长,是,1,1,1,1,否,否,@v103242「……今日からここがお前の家だ」,@v103242「……今天开始，这里就是你的家。」,40 76 31 30 33 32 34 32 81 75 81 63 81 63 8D A1 93 FA 82 A9 82 E7 82 B1 82 B1 82 AA 82 A8 91 4F 82 CC 89 C6 82 BE 81 76,40 76 31 30 33 32 34 32 A1 B8 A1 AD A1 AD BD F1 CC EC BF AA CA BC A3 AC D5 E2 C0 EF BE CD CA C7 C4 E3 B5 C4 BC D2 A1 A3 A1 B9
tsukina10.bin,0,35,37,36,中文更长,是,1,1,1,1,否,否,@v103250@m1「ほら……透……朝だよ」,@v103250@m1「喂……透……早上了啊。」,40 76 31 30 33 32 35 30 40 6D 31 81 75 82 D9 82 E7 81 63 81 63 93 A7 81 63 81 63 92 A9 82 BE 82 E6 81 76,40 76 31 30 33 32 35 30 40 6D 31 A1 B8 CE B9 A1 AD A1 AD CD B8 A1 AD A1 AD D4 E7 C9 CF C1 CB B0 A1 A1 A3 A1 B9
tsukina10.bin,4,106,107,107,中文更长,否,0,0,0,0,否,否,二日酔いは俺達@rシュミクラム使い@パイロット@には致命的だ……幸い、今の時代、特効薬ではないが対処法はある。,宿醉对于我们@r机体使用者@Pilot@来说是致命的……幸好，在这个时代有着处理的方法，虽然并不像特效药那样管用吧。,93 F1 93 FA 90 8C 82 A2 82 CD 89 B4 92 42 40 72 83 56 83 85 83 7E 83 4E 83 89 83 80 8E 67 82 A2 40 83 70 83 43 83 8D 83 62 83 67 40 82 C9 82 CD 92 76 96 BD 93 49 82 BE 81 63 81 63 8D 4B 82 A2 81 41 8D A1 82 CC 8E 9E 91 E3 81 41 93 C1 8C F8 96 F2 82 C5 82 CD 82 C8 82 A2 82 AA 91 CE 8F 88 96 40 82 CD 82 A0 82 E9 81 42,CB DE D7 ED B6 D4 D3 DA CE D2 C3 C7 40 72 BB FA CC E5 CA B9 D3 C3 D5 DF 40 50 69 6C 6F 74 40 C0 B4 CB B5 CA C7 D6 C2 C3 FC B5 C4 A1 AD A1 AD D0 D2 BA C3 A3 AC D4 DA D5 E2 B8 F6 CA B1 B4 FA D3 D0 D7 C5 B4 A6 C0 ED B5 C4 B7 BD B7 A8 A3 AC CB E4 C8 BB B2 A2 B2 BB CF F1 CC D8 D0 A7 D2 A9 C4 C7 D1 F9 B9 DC D3 C3 B0 C9 A1 A3
tsukina11.bin,4,48,50,49,中文更长,是,1,1,1,1,否,否,@v103266@f1A0205「いいじゃん……平和が一番だよ」,@v103266@f1A0205「这不是很好吗……平稳是最好的。」,40 76 31 30 33 32 36 36 40 66 31 41 30 32 30 35 81 75 82 A2 82 A2 82 B6 82 E1 82 F1 81 63 81 63 95 BD 98 61 82 AA 88 EA 94 D4 82 BE 82 E6 81 76,40 76 31 30 33 32 36 36 40 66 31 41 30 32 30 35 A1 B8 D5 E2 B2 BB CA C7 BA DC BA C3 C2 F0 A1 AD A1 AD C6 BD CE C8 CA C7 D7 EE BA C3 B5 C4 A1 A3 A1 B9
tsukina11.bin,62,40,42,41,中文更长,是,1,1,1,1,否,否,@v103287「ＣＥＯより緊急交信、繋ぎます」,@v103287「ＣＥＯ发来紧急通信，现在连接。」,40 76 31 30 33 32 38 37 81 75 82 62 82 64 82 6E 82 E6 82 E8 8B D9 8B 7D 8C F0 90 4D 81 41 8C 71 82 AC 82 DC 82 B7 81 76,40 76 31 30 33 32 38 37 A1 B8 A3 C3 A3 C5 A3 CF B7 A2 C0 B4 BD F4 BC B1 CD A8 D0 C5 A3 AC CF D6 D4 DA C1 AC BD D3 A1 A3 A1 B9
tsukina11.bin,70,34,38,35,中文更长,是,1,1,1,1,否,否,@f1A0211「……賊の数と構成は！？」,@f1A0211「……盗贼的数量和构成呢！？」,40 66 31 41 30 32 31 31 81 75 81 63 81 63 91 AF 82 CC 90 94 82 C6 8D 5C 90 AC 82 CD 81 49 81 48 81 76,40 66 31 41 30 32 31 31 A1 B8 A1 AD A1 AD B5 C1 D4 F4 B5 C4 CA FD C1 BF BA CD B9 B9 B3 C9 C4 D8 A3 A1 A3 BF A1 B9
tsukina11.bin,159,26,30,27,中文更长,是,1,1,1,1,否,否,@v103329@f1A0217「……透」,@v103329@f1A0217「……透……」,40 76 31 30 33 33 32 39 40 66 31 41 30 32 31 37 81 75 81 63 81 63 93 A7 81 76,40 76 31 30 33 33 32 39 40 66 31 41 30 32 31 37 A1 B8 A1 AD A1 AD CD B8 A1 AD A1 AD A1 B9
tsukina12.bin,74,22,24,23,中文更长,是,1,1,1,1,否,否,@f1A0117「………月菜」,@f1A0117「……月菜……」,40 66 31 41 30 31 31 37 81 75 81 63 81 63 81 63 8C 8E 8D D8 81 76,40 66 31 41 30 31 31 37 A1 B8 A1 AD A1 AD D4 C2 B2 CB A1 AD A1 AD A1 B9
tsukina13.bin,39,48,50,49,中文更长,是,1,1,1,1,否,否,@f1A0126「ああ、月菜は……同じ職場にいたよ……」,@f1A0126「嗯，月菜……和我在同一个工作的地方……」,40 66 31 41 30 31 32 36 81 75 82 A0 82 A0 81 41 8C 8E 8D D8 82 CD 81 63 81 63 93 AF 82 B6 90 45 8F EA 82 C9 82 A2 82 BD 82 E6 81 63 81 63 81 76,40 66 31 41 30 31 32 36 A1 B8 E0 C5 A3 AC D4 C2 B2 CB A1 AD A1 AD BA CD CE D2 D4 DA CD AC D2 BB B8 F6 B9 A4 D7 F7 B5 C4 B5 D8 B7 BD A1 AD A1 AD A1 B9
tsukina13.bin,40,40,42,41,中文更长,是,1,1,1,1,否,否,@v103378@f1B0101「ははん……なるほどね」,@v103378@f1B0101「哈哈～……原来如此啊。」,40 76 31 30 33 33 37 38 40 66 31 42 30 31 30 31 81 75 82 CD 82 CD 82 F1 81 63 81 63 82 C8 82 E9 82 D9 82 C7 82 CB 81 76,40 76 31 30 33 33 37 38 40 66 31 42 30 31 30 31 A1 B8 B9 FE B9 FE A1 AB A1 AD A1 AD D4 AD C0 B4 C8 E7 B4 CB B0 A1 A1 A3 A1 B9
tsukina13.bin,45,22,24,23,中文更长,是,1,1,1,1,否,否,@f1A0126「……まあな」,@f1A0126「……算是吧。」,40 66 31 41 30 31 32 36 81 75 81 63 81 63 82 DC 82 A0 82 C8 81 76,40 66 31 41 30 31 32 36 A1 B8 A1 AD A1 AD CB E3 CA C7 B0 C9 A1 A3 A1 B9
tsukina13.bin,50,22,24,23,中文更长,是,1,1,1,1,否,否,@f1A0126「……しかし」,@f1A0126「……可是……」,40 66 31 41 30 31 32 36 81 75 81 63 81 63 82 B5 82 A9 82 B5 81 76,40 66 31 41 30 31 32 36 A1 B8 A1 AD A1 AD BF C9 CA C7 A1 AD A1 AD A1 B9
tsukina14.bin,0,40,42,41,中文更长,是,0,0,0,0,否,否,宿舎に戻るともう時間は夜明け間際だった。,我回到宿舍的时候，已经是天快亮了的时候了。,8F 68 8E C9 82 C9 96 DF 82 E9 82 C6 82 E0 82 A4 8E 9E 8A D4 82 CD 96 E9 96 BE 82 AF 8A D4 8D DB 82 BE 82 C1 82 BD 81 42,CE D2 BB D8 B5 BD CB DE C9 E1 B5 C4 CA B1 BA F2 A3 AC D2 D1 BE AD CA C7 CC EC BF EC C1 C1 C1 CB B5 C4 CA B1 BA F2 C1 CB A1 A3
tsukina14.bin,23,15,19,16,中文更长,是,1,1,1,1,否,否,@m1「……月菜」,@m1「……月菜……」,40 6D 31 81 75 81 63 81 63 8C 8E 8D D8 81 76,40 6D 31 A1 B8 A1 AD A1 AD D4 C2 B2 CB A1 AD A1 AD A1 B9
tsukina14.bin,102,14,16,15,中文更长,是,1,1,1,1,否,否,「………月菜」,「……月菜……」,81 75 81 63 81 63 81 63 8C 8E 8D D8 81 76,A1 B8 A1 AD A1 AD D4 C2 B2 CB A1 AD A1 AD A1 B9
tsukina15.bin,32,116,118,117,中文更长,是,0,0,0,0,否,否,指が柔らかな布地に触れ、月菜の口から声が漏れる……かまわず俺は薄い布地ごしに指先で月菜の大事な所の輪郭をなぞる……。,我的手指碰到了柔软的布料，月菜的嘴里发出了叫声……我没有去理会她，而是用手指隔着单薄的布料抚摸月菜重要地方的轮廓……。,8E 77 82 AA 8F 5F 82 E7 82 A9 82 C8 95 7A 92 6E 82 C9 90 47 82 EA 81 41 8C 8E 8D D8 82 CC 8C FB 82 A9 82 E7 90 BA 82 AA 98 52 82 EA 82 E9 81 63 81 63 82 A9 82 DC 82 ED 82 B8 89 B4 82 CD 94 96 82 A2 95 7A 92 6E 82 B2 82 B5 82 C9 8E 77 90 E6 82 C5 8C 8E 8D D8 82 CC 91 E5 8E 96 82 C8 8F 8A 82 CC 97 D6 8A 73 82 F0 82 C8 82 BC 82 E9 81 63 81 63 81 42,CE D2 B5 C4 CA D6 D6 B8 C5 F6 B5 BD C1 CB C8 E1 C8 ED B5 C4 B2 BC C1 CF A3 AC D4 C2 B2 CB B5 C4 D7 EC C0 EF B7 A2 B3 F6 C1 CB BD D0 C9 F9 A1 AD A1 AD CE D2 C3 BB D3 D0 C8 A5 C0 ED BB E1 CB FD A3 AC B6 F8 CA C7 D3 C3 CA D6 D6 B8 B8 F4 D7 C5 B5 A5 B1 A1 B5 C4 B2 BC C1 CF B8 A7 C3 FE D4 C2 B2 CB D6 D8 D2 AA B5 D8 B7 BD B5 C4 C2 D6 C0 AA A1 AD A1 AD A1 A3
tsukina15.bin,290,52,54,53,中文更长,是,1,1,1,1,否,否,@v103541「……透と一緒なら、どうなっても大丈夫……」,@v103541「……只要和透在一起，无论怎样都不要紧的……」,40 76 31 30 33 35 34 31 81 75 81 63 81 63 93 A7 82 C6 88 EA 8F 8F 82 C8 82 E7 81 41 82 C7 82 A4 82 C8 82 C1 82 C4 82 E0 91 E5 8F E4 95 76 81 63 81 63 81 76,40 76 31 30 33 35 34 31 A1 B8 A1 AD A1 AD D6 BB D2 AA BA CD CD B8 D4 DA D2 BB C6 F0 A3 AC CE DE C2 DB D4 F5 D1 F9 B6 BC B2 BB D2 AA BD F4 B5 C4 A1 AD A1 AD A1 B9
tsukina16.bin,5,28,30,29,中文更长,是,1,1,1,1,否,否,@v103543@f1A0213「………透」,@v103543@f1A0213「……透……」,40 76 31 30 33 35 34 33 40 66 31 41 30 32 31 33 81 75 81 63 81 63 81 63 93 A7 81 76,40 76 31 30 33 35 34 33 40 66 31 41 30 32 31 33 A1 B8 A1 AD A1 AD CD B8 A1 AD A1 AD A1 B9
tsukina16.bin,33,52,58,53,中文更长,是,1,1,1,1,否,否,@f1A0222「まぁ、毒をくらわば皿までってヤツかな……」,@f1A0222「嗯，这就是既然有毒干脆连盘子也舔了的意思吧……」,40 66 31 41 30 32 32 32 81 75 82 DC 82 9F 81 41 93 C5 82 F0 82 AD 82 E7 82 ED 82 CE 8E 4D 82 DC 82 C5 82 C1 82 C4 83 84 83 63 82 A9 82 C8 81 63 81 63 81 76,40 66 31 41 30 32 32 32 A1 B8 E0 C5 A3 AC D5 E2 BE CD CA C7 BC C8 C8 BB D3 D0 B6 BE B8 C9 B4 E0 C1 AC C5 CC D7 D3 D2 B2 CC F2 C1 CB B5 C4 D2 E2 CB BC B0 C9 A1 AD A1 AD A1 B9
tsukina17.bin,8,26,30,27,中文更长,是,1,1,1,1,否,否,@v103563@f1B0213「……透」,@v103563@f1B0213「……透……」,40 76 31 30 33 35 36 33 40 66 31 42 30 32 31 33 81 75 81 63 81 63 93 A7 81 76,40 76 31 30 33 35 36 33 40 66 31 42 30 32 31 33 A1 B8 A1 AD A1 AD CD B8 A1 AD A1 AD A1 B9
tsukina17.bin,23,14,16,15,中文更长,是,0,0,0,0,否,否,司令官らしき男,像是司令官的男人,8E 69 97 DF 8A AF 82 E7 82 B5 82 AB 92 6A,CF F1 CA C7 CB BE C1 EE B9 D9 B5 C4 C4 D0 C8 CB
tsukina17.bin,72,76,80,77,中文更长,是,0,0,0,0,否,否,月菜が俺の独り言に反応する、微笑んではいるが、なんとなく目が笑ってない……。,月菜听到我的自言自语之后有了反应，她虽然在微笑，但我感觉她的目光中没有笑意……。,8C 8E 8D D8 82 AA 89 B4 82 CC 93 C6 82 E8 8C BE 82 C9 94 BD 89 9E 82 B7 82 E9 81 41 94 F7 8F CE 82 F1 82 C5 82 CD 82 A2 82 E9 82 AA 81 41 82 C8 82 F1 82 C6 82 C8 82 AD 96 DA 82 AA 8F CE 82 C1 82 C4 82 C8 82 A2 81 63 81 63 81 42,D4 C2 B2 CB CC FD B5 BD CE D2 B5 C4 D7 D4 D1 D4 D7 D4 D3 EF D6 AE BA F3 D3 D0 C1 CB B7 B4 D3 A6 A3 AC CB FD CB E4 C8 BB D4 DA CE A2 D0 A6 A3 AC B5 AB CE D2 B8 D0 BE F5 CB FD B5 C4 C4 BF B9 E2 D6 D0 C3 BB D3 D0 D0 A6 D2 E2 A1 AD A1 AD A1 A3
tsukina17.bin,88,52,54,53,中文更长,是,1,1,1,1,否,否,@v103589「現在、構造体内部で軍とテロリストが交戦中」,@v103589「现在，构造体内部，军队和恐怖分子正在交战。」,40 76 31 30 33 35 38 39 81 75 8C BB 8D DD 81 41 8D 5C 91 A2 91 CC 93 E0 95 94 82 C5 8C 52 82 C6 83 65 83 8D 83 8A 83 58 83 67 82 AA 8C F0 90 ED 92 86 81 76,40 76 31 30 33 35 38 39 A1 B8 CF D6 D4 DA A3 AC B9 B9 D4 EC CC E5 C4 DA B2 BF A3 AC BE FC B6 D3 BA CD BF D6 B2 C0 B7 D6 D7 D3 D5 FD D4 DA BD BB D5 BD A1 A3 A1 B9
tsukina17.bin,93,40,42,41,中文更长,是,1,1,1,1,否,否,@v103593「敵、構造体より脱出……接近中」,@v103593「敌人从构造体脱离……接近中……」,40 76 31 30 33 35 39 33 81 75 93 47 81 41 8D 5C 91 A2 91 CC 82 E6 82 E8 92 45 8F 6F 81 63 81 63 90 DA 8B DF 92 86 81 76,40 76 31 30 33 35 39 33 A1 B8 B5 D0 C8 CB B4 D3 B9 B9 D4 EC CC E5 CD D1 C0 EB A1 AD A1 AD BD D3 BD FC D6 D0 A1 AD A1 AD A1 B9
tsukina17.bin,140,56,64,57,中文更长,是,1,1,1,1,否,否,@v103620@f1A0230「へへ……透の相棒だもん……これぐらい」,@v103620@f1A0230「嘻嘻……因为是透的搭档啊……这种程度而已……」,40 76 31 30 33 36 32 30 40 66 31 41 30 32 33 30 81 75 82 D6 82 D6 81 63 81 63 93 A7 82 CC 91 8A 96 5F 82 BE 82 E0 82 F1 81 63 81 63 82 B1 82 EA 82 AE 82 E7 82 A2 81 76,40 76 31 30 33 36 32 30 40 66 31 41 30 32 33 30 A1 B8 CE FB CE FB A1 AD A1 AD D2 F2 CE AA CA C7 CD B8 B5 C4 B4 EE B5 B5 B0 A1 A1 AD A1 AD D5 E2 D6 D6 B3 CC B6 C8 B6 F8 D2 D1 A1 AD A1 AD A1 B9
tsukina17.bin,144,54,57,55,中文更长,否,0,0,0,0,否,否,定位置に戻った俺達に@r石頭@サポート@が告げてくる……。,我们回到所定位置之后，@r石头脑袋@Support@对我们说道……。,92 E8 88 CA 92 75 82 C9 96 DF 82 C1 82 BD 89 B4 92 42 82 C9 40 72 90 CE 93 AA 40 83 54 83 7C 81 5B 83 67 40 82 AA 8D 90 82 B0 82 C4 82 AD 82 E9 81 63 81 63 81 42,CE D2 C3 C7 BB D8 B5 BD CB F9 B6 A8 CE BB D6 C3 D6 AE BA F3 A3 AC 40 72 CA AF CD B7 C4 D4 B4 FC 40 53 75 70 70 6F 72 74 40 B6 D4 CE D2 C3 C7 CB B5 B5 C0 A1 AD A1 AD A1 A3
tsukina17.bin,162,22,24,23,中文更长,是,1,1,1,1,否,否,@f1A0204「………月菜」,@f1A0204「……月菜……」,40 66 31 41 30 32 30 34 81 75 81 63 81 63 81 63 8C 8E 8D D8 81 76,40 66 31 41 30 32 30 34 A1 B8 A1 AD A1 AD D4 C2 B2 CB A1 AD A1 AD A1 B9
tsukina17.bin,164,28,30,29,中文更长,是,1,1,1,1,否,否,@v103629@f1B0207「………透」,@v103629@f1B0207「……透……」,40 76 31 30 33 36 32 39 40 66 31 42 30 32 30 37 81 75 81 63 81 63 81 63 93 A7 81 76,40 76 31 30 33 36 32 39 40 66 31 42 30 32 30 37 A1 B8 A1 AD A1 AD CD B8 A1 AD A1 AD A1 B9
tsukina17.bin,179,12,16,13,中文更长,是,0,0,0,0,否,否,軽そうな優男,似乎很轻薄的男人,8C 79 82 BB 82 A4 82 C8 97 44 92 6A,CB C6 BA F5 BA DC C7 E1 B1 A1 B5 C4 C4 D0 C8 CB
tsukina17.bin,204,48,52,49,中文更长,是,1,1,1,1,否,否,@v103645@f3A0110「……あははっ、それも昔の話ね」,@v103645@f3A0110「……啊哈哈，那也是以前的事了……」,40 76 31 30 33 36 34 35 40 66 33 41 30 31 31 30 81 75 81 63 81 63 82 A0 82 CD 82 CD 82 C1 81 41 82 BB 82 EA 82 E0 90 CC 82 CC 98 62 82 CB 81 76,40 76 31 30 33 36 34 35 40 66 33 41 30 31 31 30 A1 B8 A1 AD A1 AD B0 A1 B9 FE B9 FE A3 AC C4 C7 D2 B2 CA C7 D2 D4 C7 B0 B5 C4 CA C2 C1 CB A1 AD A1 AD A1 B9
tsukina17.bin,217,58,60,59,中文更长,是,1,1,1,1,否,否,@f1A0205「気持ちは嬉しいけど……俺達、まだ勤務中だし……」,@f1A0205「你们的心意让我很高兴……不过我们还在工作时间……」,40 66 31 41 30 32 30 35 81 75 8B 43 8E 9D 82 BF 82 CD 8A F0 82 B5 82 A2 82 AF 82 C7 81 63 81 63 89 B4 92 42 81 41 82 DC 82 BE 8B CE 96 B1 92 86 82 BE 82 B5 81 63 81 63 81 76,40 66 31 41 30 32 30 35 A1 B8 C4 E3 C3 C7 B5 C4 D0 C4 D2 E2 C8 C3 CE D2 BA DC B8 DF D0 CB A1 AD A1 AD B2 BB B9 FD CE D2 C3 C7 BB B9 D4 DA B9 A4 D7 F7 CA B1 BC E4 A1 AD A1 AD A1 B9
tsukina17.bin,219,100,108,101,中文更长,是,0,0,0,0,否,否,返事に困る俺の背中に橘社長の声が……振り向いてみると、いつの間にか橘社長が部下を引き連れ立っていた。,我正不知道该如何回答，这时身后响起了橘社长的声音……我回过头去，不知什么时候橘社长已经带着部下们站在那里了。,95 D4 8E 96 82 C9 8D A2 82 E9 89 B4 82 CC 94 77 92 86 82 C9 8B 6B 8E D0 92 B7 82 CC 90 BA 82 AA 81 63 81 63 90 55 82 E8 8C FC 82 A2 82 C4 82 DD 82 E9 82 C6 81 41 82 A2 82 C2 82 CC 8A D4 82 C9 82 A9 8B 6B 8E D0 92 B7 82 AA 95 94 89 BA 82 F0 88 F8 82 AB 98 41 82 EA 97 A7 82 C1 82 C4 82 A2 82 BD 81 42,CE D2 D5 FD B2 BB D6 AA B5 C0 B8 C3 C8 E7 BA CE BB D8 B4 F0 A3 AC D5 E2 CA B1 C9 ED BA F3 CF EC C6 F0 C1 CB E9 D9 C9 E7 B3 A4 B5 C4 C9 F9 D2 F4 A1 AD A1 AD CE D2 BB D8 B9 FD CD B7 C8 A5 A3 AC B2 BB D6 AA CA B2 C3 B4 CA B1 BA F2 E9 D9 C9 E7 B3 A4 D2 D1 BE AD B4 F8 D7 C5 B2 BF CF C2 C3 C7 D5 BE D4 DA C4 C7 C0 EF C1 CB A1 A3
tsukina18.bin,26,32,34,33,中文更长,是,1,1,1,1,否,否,@f1A0211「薄気味悪い所だな……」,@f1A0211「让人不舒服的地方啊……」,40 66 31 41 30 32 31 31 81 75 94 96 8B 43 96 A1 88 AB 82 A2 8F 8A 82 BE 82 C8 81 63 81 63 81 76,40 66 31 41 30 32 31 31 A1 B8 C8 C3 C8 CB B2 BB CA E6 B7 FE B5 C4 B5 D8 B7 BD B0 A1 A1 AD A1 AD A1 B9
tsukina18.bin,29,29,31,30,中文更长,是,1,1,1,1,否,否,@v103661@m1「……………あっ」,@v103661@m1「……………啊……」,40 76 31 30 33 36 36 31 40 6D 31 81 75 81 63 81 63 81 63 81 63 81 63 82 A0 82 C1 81 76,40 76 31 30 33 36 36 31 40 6D 31 A1 B8 A1 AD A1 AD A1 AD A1 AD A1 AD B0 A1 A1 AD A1 AD A1 B9
tsukina18.bin,39,24,26,25,中文更长,是,1,1,1,1,否,否,@f1A0202「……ここか？」,@f1A0202「……是这里吗？」,40 66 31 41 30 32 30 32 81 75 81 63 81 63 82 B1 82 B1 82 A9 81 48 81 76,40 66 31 41 30 32 30 32 A1 B8 A1 AD A1 AD CA C7 D5 E2 C0 EF C2 F0 A3 BF A1 B9
tsukina19.bin,63,102,104,103,中文更长,是,0,0,0,0,否,否,駆け寄る店員に軽く詫び、俺は月菜を店の隅に連れ出す……月菜の体は冷えきり、細かく震えが走っている……。,店员跑了过来，我简单地对店员道歉，然后将月菜带到了店里的角落……月菜的身体变得很凉，她微微地颤抖着……。,8B EC 82 AF 8A F1 82 E9 93 58 88 F5 82 C9 8C 79 82 AD 98 6C 82 D1 81 41 89 B4 82 CD 8C 8E 8D D8 82 F0 93 58 82 CC 8B F7 82 C9 98 41 82 EA 8F 6F 82 B7 81 63 81 63 8C 8E 8D D8 82 CC 91 CC 82 CD 97 E2 82 A6 82 AB 82 E8 81 41 8D D7 82 A9 82 AD 90 6B 82 A6 82 AA 91 96 82 C1 82 C4 82 A2 82 E9 81 63 81 63 81 42,B5 EA D4 B1 C5 DC C1 CB B9 FD C0 B4 A3 AC CE D2 BC F2 B5 A5 B5 D8 B6 D4 B5 EA D4 B1 B5 C0 C7 B8 A3 AC C8 BB BA F3 BD AB D4 C2 B2 CB B4 F8 B5 BD C1 CB B5 EA C0 EF B5 C4 BD C7 C2 E4 A1 AD A1 AD D4 C2 B2 CB B5 C4 C9 ED CC E5 B1 E4 B5 C3 BA DC C1 B9 A3 AC CB FD CE A2 CE A2 B5 D8 B2 FC B6 B6 D7 C5 A1 AD A1 AD A1 A3
tsukina19.bin,72,24,26,25,中文更长,是,1,1,1,1,否,否,@f1A0113「……嫌な夢？」,@f1A0113「……讨厌的梦？」,40 66 31 41 30 31 31 33 81 75 81 63 81 63 8C 99 82 C8 96 B2 81 48 81 76,40 66 31 41 30 31 31 33 A1 B8 A1 AD A1 AD CC D6 D1 E1 B5 C4 C3 CE A3 BF A1 B9
tsukina19.bin,78,90,92,91,中文更长,是,1,1,1,1,否,否,@v103711@f1A0105「でも、大丈夫……私、今の生活が幸せだし……透と一緒に戦えるのが嬉しいの」,@v103711@f1A0105「不过，不要紧的……现在的生活，我觉得很幸福……能和透一起战斗，我很高兴。」,40 76 31 30 33 37 31 31 40 66 31 41 30 31 30 35 81 75 82 C5 82 E0 81 41 91 E5 8F E4 95 76 81 63 81 63 8E 84 81 41 8D A1 82 CC 90 B6 8A 88 82 AA 8D 4B 82 B9 82 BE 82 B5 81 63 81 63 93 A7 82 C6 88 EA 8F 8F 82 C9 90 ED 82 A6 82 E9 82 CC 82 AA 8A F0 82 B5 82 A2 82 CC 81 76,40 76 31 30 33 37 31 31 40 66 31 41 30 31 30 35 A1 B8 B2 BB B9 FD A3 AC B2 BB D2 AA BD F4 B5 C4 A1 AD A1 AD CF D6 D4 DA B5 C4 C9 FA BB EE A3 AC CE D2 BE F5 B5 C3 BA DC D0 D2 B8 A3 A1 AD A1 AD C4 DC BA CD CD B8 D2 BB C6 F0 D5 BD B6 B7 A3 AC CE D2 BA DC B8 DF D0 CB A1 A3 A1 B9
tsukina19.bin,79,22,24,23,中文更长,是,1,1,1,1,否,否,@f1A0113「……しかし」,@f1A0113「……可是……」,40 66 31 41 30 31 31 33 81 75 81 63 81 63 82 B5 82 A9 82 B5 81 76,40 66 31 41 30 31 31 33 A1 B8 A1 AD A1 AD BF C9 CA C7 A1 AD A1 AD A1 B9
tsukina19.bin,84,28,32,29,中文更长,是,1,1,1,1,否,否,@v103713@f1B0119「……でも」,@v103713@f1B0119「……可是……」,40 76 31 30 33 37 31 33 40 66 31 42 30 31 31 39 81 75 81 63 81 63 82 C5 82 E0 81 76,40 76 31 30 33 37 31 33 40 66 31 42 30 31 31 39 A1 B8 A1 AD A1 AD BF C9 CA C7 A1 AD A1 AD A1 B9
tsukina19.bin,91,50,52,51,中文更长,是,1,1,1,1,否,否,@v103716@f1B0105「……まさか、楽しかったよ……透」,@v103716@f1B0105「……怎么会呢，很开心哦……透……」,40 76 31 30 33 37 31 36 40 66 31 42 30 31 30 35 81 75 81 63 81 63 82 DC 82 B3 82 A9 81 41 8A 79 82 B5 82 A9 82 C1 82 BD 82 E6 81 63 81 63 93 A7 81 76,40 76 31 30 33 37 31 36 40 66 31 42 30 31 30 35 A1 B8 A1 AD A1 AD D4 F5 C3 B4 BB E1 C4 D8 A3 AC BA DC BF AA D0 C4 C5 B6 A1 AD A1 AD CD B8 A1 AD A1 AD A1 B9
tsukina20.bin,54,36,44,37,中文更长,是,1,1,1,1,否,否,@f1A0217「一人で６機か？……凄いな」,@f1A0217「一个人处理６台？……好厉害啊……」,40 66 31 41 30 32 31 37 81 75 88 EA 90 6C 82 C5 82 55 8B 40 82 A9 81 48 81 63 81 63 90 A6 82 A2 82 C8 81 76,40 66 31 41 30 32 31 37 A1 B8 D2 BB B8 F6 C8 CB B4 A6 C0 ED A3 B6 CC A8 A3 BF A1 AD A1 AD BA C3 C0 F7 BA A6 B0 A1 A1 AD A1 AD A1 B9
tsukina21.bin,11,54,60,55,中文更长,是,1,1,1,1,否,否,@v103756@f1A0104「……当然よ。契約違反の罰則付き解雇」,@v103756@f1A0104「……当然了。带有违反契约惩罚条款的解雇。」,40 76 31 30 33 37 35 36 40 66 31 41 30 31 30 34 81 75 81 63 81 63 93 96 91 52 82 E6 81 42 8C 5F 96 F1 88 E1 94 BD 82 CC 94 B1 91 A5 95 74 82 AB 89 F0 8C D9 81 76,40 76 31 30 33 37 35 36 40 66 31 41 30 31 30 34 A1 B8 A1 AD A1 AD B5 B1 C8 BB C1 CB A1 A3 B4 F8 D3 D0 CE A5 B7 B4 C6 F5 D4 BC B3 CD B7 A3 CC F5 BF EE B5 C4 BD E2 B9 CD A1 A3 A1 B9
tsukina21.bin,58,46,52,47,中文更长,是,1,1,1,1,否,否,@v103777@f2C0206「ふふふ……年増の女は嫌い？」,@v103777@f2C0206「哼哼……你讨厌上了年纪的女人吗？」,40 76 31 30 33 37 37 37 40 66 32 43 30 32 30 36 81 75 82 D3 82 D3 82 D3 81 63 81 63 94 4E 91 9D 82 CC 8F 97 82 CD 8C 99 82 A2 81 48 81 76,40 76 31 30 33 37 37 37 40 66 32 43 30 32 30 36 A1 B8 BA DF BA DF A1 AD A1 AD C4 E3 CC D6 D1 E1 C9 CF C1 CB C4 EA BC CD B5 C4 C5 AE C8 CB C2 F0 A3 BF A1 B9
tsukina22.bin,34,2,4,3,中文更长,是,0,0,0,0,否,否,女,女人,8F 97,C5 AE C8 CB
tsukina22.bin,40,126,128,127,中文更长,是,0,0,0,0,否,否,生まれて初めての快楽に、俺は腰を折って社長の胸に倒れ込む……それでも舌の洗礼は続き、社長は俺の顔を豊満な胸に埋めてしまう……。,出生以来我第一次感到如此的快感，我弯着腰倒在了社长的胸口中……即使如此，舌头的洗礼还是在继续，我的脸埋在了社长丰满的胸部中……。,90 B6 82 DC 82 EA 82 C4 8F 89 82 DF 82 C4 82 CC 89 F5 8A 79 82 C9 81 41 89 B4 82 CD 8D 98 82 F0 90 DC 82 C1 82 C4 8E D0 92 B7 82 CC 8B B9 82 C9 93 7C 82 EA 8D 9E 82 DE 81 63 81 63 82 BB 82 EA 82 C5 82 E0 90 E3 82 CC 90 F4 97 E7 82 CD 91 B1 82 AB 81 41 8E D0 92 B7 82 CD 89 B4 82 CC 8A E7 82 F0 96 4C 96 9E 82 C8 8B B9 82 C9 96 84 82 DF 82 C4 82 B5 82 DC 82 A4 81 63 81 63 81 42,B3 F6 C9 FA D2 D4 C0 B4 CE D2 B5 DA D2 BB B4 CE B8 D0 B5 BD C8 E7 B4 CB B5 C4 BF EC B8 D0 A3 AC CE D2 CD E4 D7 C5 D1 FC B5 B9 D4 DA C1 CB C9 E7 B3 A4 B5 C4 D0 D8 BF DA D6 D0 A1 AD A1 AD BC B4 CA B9 C8 E7 B4 CB A3 AC C9 E0 CD B7 B5 C4 CF B4 C0 F1 BB B9 CA C7 D4 DA BC CC D0 F8 A3 AC CE D2 B5 C4 C1 B3 C2 F1 D4 DA C1 CB C9 E7 B3 A4 B7 E1 C2 FA B5 C4 D0 D8 B2 BF D6 D0 A1 AD A1 AD A1 A3
tsukina23.bin,1,46,50,47,中文更长,是,1,1,1,1,否,否,@v103814@f2C0210「……………………馬鹿な子ね」,@v103814@f2C0210「……………………真是个傻孩子。」,40 76 31 30 33 38 31 34 40 66 32 43 30 32 31 30 81 75 81 63 81 63 81 63 81 63 81 63 81 63 81 63 81 63 94 6E 8E AD 82 C8 8E 71 82 CB 81 76,40 76 31 30 33 38 31 34 40 66 32 43 30 32 31 30 A1 B8 A1 AD A1 AD A1 AD A1 AD A1 AD A1 AD A1 AD A1 AD D5 E6 CA C7 B8 F6 C9 B5 BA A2 D7 D3 A1 A3 A1 B9
tsukina24.bin,5,77,87,78,中文更长,是,0,0,0,0,否,否,@m1感情の無い声が能面づらから漏れ、一筋の涙が血の気の無い頬を滴り落ちた……。,@m1她的脸像面具一样，她用毫无感情的声音这样说着，一行泪水从她没有血色的脸颊上滑落……。,40 6D 31 8A B4 8F EE 82 CC 96 B3 82 A2 90 BA 82 AA 94 5C 96 CA 82 C3 82 E7 82 A9 82 E7 98 52 82 EA 81 41 88 EA 8B D8 82 CC 97 DC 82 AA 8C 8C 82 CC 8B 43 82 CC 96 B3 82 A2 96 6A 82 F0 93 48 82 E8 97 8E 82 BF 82 BD 81 63 81 63 81 42,40 6D 31 CB FD B5 C4 C1 B3 CF F1 C3 E6 BE DF D2 BB D1 F9 A3 AC CB FD D3 C3 BA C1 CE DE B8 D0 C7 E9 B5 C4 C9 F9 D2 F4 D5 E2 D1 F9 CB B5 D7 C5 A3 AC D2 BB D0 D0 C0 E1 CB AE B4 D3 CB FD C3 BB D3 D0 D1 AA C9 AB B5 C4 C1 B3 BC D5 C9 CF BB AC C2 E4 A1 AD A1 AD A1 A3
tsukina25.bin,1,60,70,61,中文更长,是,0,0,0,0,否,否,名目上の『出張』……通常任務にも姿を見せない日々が続く……。,名义上是『出差』……通常任务中也看不到她的身影，这样的日子持续着……。,96 BC 96 DA 8F E3 82 CC 81 77 8F 6F 92 A3 81 78 81 63 81 63 92 CA 8F ED 94 43 96 B1 82 C9 82 E0 8E 70 82 F0 8C A9 82 B9 82 C8 82 A2 93 FA 81 58 82 AA 91 B1 82 AD 81 63 81 63 81 42,C3 FB D2 E5 C9 CF CA C7 A1 BA B3 F6 B2 EE A1 BB A1 AD A1 AD CD A8 B3 A3 C8 CE CE F1 D6 D0 D2 B2 BF B4 B2 BB B5 BD CB FD B5 C4 C9 ED D3 B0 A3 AC D5 E2 D1 F9 B5 C4 C8 D5 D7 D3 B3 D6 D0 F8 D7 C5 A1 AD A1 AD A1 A3
tsukina26.bin,23,26,30,27,中文更长,是,1,1,1,1,否,否,@v103837@f1A0236「……透」,@v103837@f1A0236「……透……」,40 76 31 30 33 38 33 37 40 66 31 41 30 32 33 36 81 75 81 63 81 63 93 A7 81 76,40 76 31 30 33 38 33 37 40 66 31 41 30 32 33 36 A1 B8 A1 AD A1 AD CD B8 A1 AD A1 AD A1 B9
tsukina26.bin,41,26,30,27,中文更长,是,1,1,1,1,否,否,@f1A0201「……………月菜」,@f1A0201「……………月菜……」,40 66 31 41 30 32 30 31 81 75 81 63 81 63 81 63 81 63 81 63 8C 8E 8D D8 81 76,40 66 31 41 30 32 30 31 A1 B8 A1 AD A1 AD A1 AD A1 AD A1 AD D4 C2 B2 CB A1 AD A1 AD A1 B9
tsukina26.bin,157,40,44,41,中文更长,是,1,1,1,1,否,否,@f1A0211「馬鹿な……なんで月菜と………」,@f1A0211「说什么傻话……为什么要和月菜……」,40 66 31 41 30 32 31 31 81 75 94 6E 8E AD 82 C8 81 63 81 63 82 C8 82 F1 82 C5 8C 8E 8D D8 82 C6 81 63 81 63 81 63 81 76,40 66 31 41 30 32 31 31 A1 B8 CB B5 CA B2 C3 B4 C9 B5 BB B0 A1 AD A1 AD CE AA CA B2 C3 B4 D2 AA BA CD D4 C2 B2 CB A1 AD A1 AD A1 B9
tsukina26.bin,211,8,14,9,中文更长,是,0,0,0,0,否,否,女を撃つ,向那个女人开枪,8F 97 82 F0 8C 82 82 C2,CF F2 C4 C7 B8 F6 C5 AE C8 CB BF AA C7 B9
tsukina29.bin,36,22,26,23,中文更长,是,1,1,1,1,否,否,@f1A0221「……そんな」,@f1A0221「……怎么会……」,40 66 31 41 30 32 32 31 81 75 81 63 81 63 82 BB 82 F1 82 C8 81 76,40 66 31 41 30 32 32 31 A1 B8 A1 AD A1 AD D4 F5 C3 B4 BB E1 A1 AD A1 AD A1 B9
tsukina29.bin,51,46,48,47,中文更长,是,1,1,1,1,否,否,@v103943@f1B0105「……過程としてはそうかもね」,@v103943@f1B0105「……从过程上来说，大概是吧。」,40 76 31 30 33 39 34 33 40 66 31 42 30 31 30 35 81 75 81 63 81 63 89 DF 92 F6 82 C6 82 B5 82 C4 82 CD 82 BB 82 A4 82 A9 82 E0 82 CB 81 76,40 76 31 30 33 39 34 33 40 66 31 42 30 31 30 35 A1 B8 A1 AD A1 AD B4 D3 B9 FD B3 CC C9 CF C0 B4 CB B5 A3 AC B4 F3 B8 C5 CA C7 B0 C9 A1 A3 A1 B9
tsukina30.bin,9,27,31,28,中文更长,是,1,1,1,1,否,否,@f1A0215@m0「…………月菜」,@f1A0215@m0「…………月菜……」,40 66 31 41 30 32 31 35 40 6D 30 81 75 81 63 81 63 81 63 81 63 8C 8E 8D D8 81 76,40 66 31 41 30 32 31 35 40 6D 30 A1 B8 A1 AD A1 AD A1 AD A1 AD D4 C2 B2 CB A1 AD A1 AD A1 B9
tsukina30.bin,86,70,74,71,中文更长,是,0,0,0,0,否,否,切羽詰まった声で月菜が囁く……涙目で見つめられ、俺の心が揺れ動く……。,月菜用难以承受的声音轻声说着……她眼含泪光地看着我，让我的内心动摇了……。,90 D8 89 48 8B 6C 82 DC 82 C1 82 BD 90 BA 82 C5 8C 8E 8D D8 82 AA 9A 91 82 AD 81 63 81 63 97 DC 96 DA 82 C5 8C A9 82 C2 82 DF 82 E7 82 EA 81 41 89 B4 82 CC 90 53 82 AA 97 68 82 EA 93 AE 82 AD 81 63 81 63 81 42,D4 C2 B2 CB D3 C3 C4 D1 D2 D4 B3 D0 CA DC B5 C4 C9 F9 D2 F4 C7 E1 C9 F9 CB B5 D7 C5 A1 AD A1 AD CB FD D1 DB BA AC C0 E1 B9 E2 B5 D8 BF B4 D7 C5 CE D2 A3 AC C8 C3 CE D2 B5 C4 C4 DA D0 C4 B6 AF D2 A1 C1 CB A1 AD A1 AD A1 A3
tsukina30.bin,97,52,54,53,中文更长,是,0,0,0,0,否,否,すでに湿った粘膜に唇が当り、月菜の体が反応する……。,我的嘴唇碰到了她已经湿润的粘膜，她的身体有了反应……。,82 B7 82 C5 82 C9 8E BC 82 C1 82 BD 94 53 96 8C 82 C9 90 4F 82 AA 93 96 82 E8 81 41 8C 8E 8D D8 82 CC 91 CC 82 AA 94 BD 89 9E 82 B7 82 E9 81 63 81 63 81 42,CE D2 B5 C4 D7 EC B4 BD C5 F6 B5 BD C1 CB CB FD D2 D1 BE AD CA AA C8 F3 B5 C4 D5 B3 C4 A4 A3 AC CB FD B5 C4 C9 ED CC E5 D3 D0 C1 CB B7 B4 D3 A6 A1 AD A1 AD A1 A3
tsukina30.bin,98,24,26,25,中文更长,是,1,1,1,1,否,否,「……いくよ、月菜……」,「……开始了哦，月菜……」,81 75 81 63 81 63 82 A2 82 AD 82 E6 81 41 8C 8E 8D D8 81 63 81 63 81 76,A1 B8 A1 AD A1 AD BF AA CA BC C1 CB C5 B6 A3 AC D4 C2 B2 CB A1 AD A1 AD A1 B9
tsukina30.bin,136,24,28,25,中文更长,是,1,1,1,1,否,否,@f1A0213「…………月菜」,@f1A0213「…………月菜……」,40 66 31 41 30 32 31 33 81 75 81 63 81 63 81 63 81 63 8C 8E 8D D8 81 76,40 66 31 41 30 32 31 33 A1 B8 A1 AD A1 AD A1 AD A1 AD D4 C2 B2 CB A1 AD A1 AD A1 B9
tsukina30.bin,154,32,38,33,中文更长,是,0,0,0,0,否,否,何故か、頭に月菜の顔が蘇る……。,不知为什么，头脑中浮现了月菜的脸……。,89 BD 8C CC 82 A9 81 41 93 AA 82 C9 8C 8E 8D D8 82 CC 8A E7 82 AA 91 68 82 E9 81 63 81 63 81 42,B2 BB D6 AA CE AA CA B2 C3 B4 A3 AC CD B7 C4 D4 D6 D0 B8 A1 CF D6 C1 CB D4 C2 B2 CB B5 C4 C1 B3 A1 AD A1 AD A1 A3
tsukina31.bin,9,27,31,28,中文更长,是,1,1,1,1,否,否,@f1A0215@m0「…………月菜」,@f1A0215@m0「…………月菜……」,40 66 31 41 30 32 31 35 40 6D 30 81 75 81 63 81 63 81 63 81 63 8C 8E 8D D8 81 76,40 66 31 41 30 32 31 35 40 6D 30 A1 B8 A1 AD A1 AD A1 AD A1 AD D4 C2 B2 CB A1 AD A1 AD A1 B9
tsukina31.bin,52,16,18,17,中文更长,是,1,1,1,1,否,否,「月菜…………」,「月菜…………！」,81 75 8C 8E 8D D8 81 63 81 63 81 63 81 63 81 76,A1 B8 D4 C2 B2 CB A1 AD A1 AD A1 AD A1 AD A3 A1 A1 B9
tsukina31.bin,94,46,48,47,中文更长,是,0,0,0,0,否,否,社長の声に反応し、月菜がハッと顔を上げる……。,月菜对社长的声音产生了反应，她猛地抬起了头……。,8E D0 92 B7 82 CC 90 BA 82 C9 94 BD 89 9E 82 B5 81 41 8C 8E 8D D8 82 AA 83 6E 83 62 82 C6 8A E7 82 F0 8F E3 82 B0 82 E9 81 63 81 63 81 42,D4 C2 B2 CB B6 D4 C9 E7 B3 A4 B5 C4 C9 F9 D2 F4 B2 FA C9 FA C1 CB B7 B4 D3 A6 A3 AC CB FD C3 CD B5 D8 CC A7 C6 F0 C1 CB CD B7 A1 AD A1 AD A1 A3
tsukina31.bin,135,70,74,71,中文更长,是,0,0,0,0,否,否,切羽詰まった声で月菜が囁く……涙目で見つめられ、俺の心が揺れ動く……。,月菜用难以承受的声音轻声说着……她眼含泪光地看着我，让我的内心动摇了……。,90 D8 89 48 8B 6C 82 DC 82 C1 82 BD 90 BA 82 C5 8C 8E 8D D8 82 AA 9A 91 82 AD 81 63 81 63 97 DC 96 DA 82 C5 8C A9 82 C2 82 DF 82 E7 82 EA 81 41 89 B4 82 CC 90 53 82 AA 97 68 82 EA 93 AE 82 AD 81 63 81 63 81 42,D4 C2 B2 CB D3 C3 C4 D1 D2 D4 B3 D0 CA DC B5 C4 C9 F9 D2 F4 C7 E1 C9 F9 CB B5 D7 C5 A1 AD A1 AD CB FD D1 DB BA AC C0 E1 B9 E2 B5 D8 BF B4 D7 C5 CE D2 A3 AC C8 C3 CE D2 B5 C4 C4 DA D0 C4 B6 AF D2 A1 C1 CB A1 AD A1 AD A1 A3
tsukina31.bin,146,52,54,53,中文更长,是,0,0,0,0,否,否,すでに湿った粘膜に唇が当り、月菜の体が反応する……。,我的嘴唇碰到了她已经湿润的粘膜，她的身体有了反应……。,82 B7 82 C5 82 C9 8E BC 82 C1 82 BD 94 53 96 8C 82 C9 90 4F 82 AA 93 96 82 E8 81 41 8C 8E 8D D8 82 CC 91 CC 82 AA 94 BD 89 9E 82 B7 82 E9 81 63 81 63 81 42,CE D2 B5 C4 D7 EC B4 BD C5 F6 B5 BD C1 CB CB FD D2 D1 BE AD CA AA C8 F3 B5 C4 D5 B3 C4 A4 A3 AC CB FD B5 C4 C9 ED CC E5 D3 D0 C1 CB B7 B4 D3 A6 A1 AD A1 AD A1 A3
tsukina31.bin,147,24,26,25,中文更长,是,1,1,1,1,否,否,「……いくよ、月菜……」,「……开始了哦，月菜……」,81 75 81 63 81 63 82 A2 82 AD 82 E6 81 41 8C 8E 8D D8 81 63 81 63 81 76,A1 B8 A1 AD A1 AD BF AA CA BC C1 CB C5 B6 A3 AC D4 C2 B2 CB A1 AD A1 AD A1 B9
tsukina31.bin,185,24,28,25,中文更长,是,1,1,1,1,否,否,@f1A0213「…………月菜」,@f1A0213「…………月菜……」,40 66 31 41 30 32 31 33 81 75 81 63 81 63 81 63 81 63 8C 8E 8D D8 81 76,40 66 31 41 30 32 31 33 A1 B8 A1 AD A1 AD A1 AD A1 AD D4 C2 B2 CB A1 AD A1 AD A1 B9
tsukina31.bin,203,32,38,33,中文更长,是,0,0,0,0,否,否,何故か、頭に月菜の顔が蘇る……。,不知为什么，头脑中浮现了月菜的脸……。,89 BD 8C CC 82 A9 81 41 93 AA 82 C9 8C 8E 8D D8 82 CC 8A E7 82 AA 91 68 82 E9 81 63 81 63 81 42,B2 BB D6 AA CE AA CA B2 C3 B4 A3 AC CD B7 C4 D4 D6 D0 B8 A1 CF D6 C1 CB D4 C2 B2 CB B5 C4 C1 B3 A1 AD A1 AD A1 A3
tsukina32.bin,10,26,28,27,中文更长,是,1,1,1,1,否,否,@v104119@f1A0234「出撃よ」,@v104119@f1A0234「出击了。」,40 76 31 30 34 31 31 39 40 66 31 41 30 32 33 34 81 75 8F 6F 8C 82 82 E6 81 76,40 76 31 30 34 31 31 39 40 66 31 41 30 32 33 34 A1 B8 B3 F6 BB F7 C1 CB A1 A3 A1 B9
tsukina32.bin,40,28,30,29,中文更长,是,1,1,1,1,否,否,@v104130@f1A0234「………透」,@v104130@f1A0234「……透……」,40 76 31 30 34 31 33 30 40 66 31 41 30 32 33 34 81 75 81 63 81 63 81 63 93 A7 81 76,40 76 31 30 34 31 33 30 40 66 31 41 30 32 33 34 A1 B8 A1 AD A1 AD CD B8 A1 AD A1 AD A1 B9
tsukina32.bin,52,36,38,37,中文更长,是,1,1,1,1,否,否,@v104133@f1A0234「……少し、いい？」,@v104133@f1A0234「……可以说几句吗？」,40 76 31 30 34 31 33 33 40 66 31 41 30 32 33 34 81 75 81 63 81 63 8F AD 82 B5 81 41 82 A2 82 A2 81 48 81 76,40 76 31 30 34 31 33 33 40 66 31 41 30 32 33 34 A1 B8 A1 AD A1 AD BF C9 D2 D4 CB B5 BC B8 BE E4 C2 F0 A3 BF A1 B9
tsukina32.bin,56,26,30,27,中文更长,是,1,1,1,1,否,否,@v104135@f1A0236「……透」,@v104135@f1A0236「……透……」,40 76 31 30 34 31 33 35 40 66 31 41 30 32 33 36 81 75 81 63 81 63 93 A7 81 76,40 76 31 30 34 31 33 35 40 66 31 41 30 32 33 36 A1 B8 A1 AD A1 AD CD B8 A1 AD A1 AD A1 B9
tsukina32.bin,88,28,34,29,中文更长,是,1,1,1,1,否,否,@f1A0231「指示を頼む、笹桐」,@f1A0231「指示就拜托你了，笹桐。」,40 66 31 41 30 32 33 31 81 75 8E 77 8E A6 82 F0 97 8A 82 DE 81 41 8D F9 8B CB 81 76,40 66 31 41 30 32 33 31 A1 B8 D6 B8 CA BE BE CD B0 DD CD D0 C4 E3 C1 CB A3 AC B9 47 CD A9 A1 A3 A1 B9
tsukina32.bin,91,26,30,27,中文更长,是,1,1,1,1,否,否,@v104153@f1A0236「……透」,@v104153@f1A0236「……透……」,40 76 31 30 34 31 35 33 40 66 31 41 30 32 33 36 81 75 81 63 81 63 93 A7 81 76,40 76 31 30 34 31 35 33 40 66 31 41 30 32 33 36 A1 B8 A1 AD A1 AD CD B8 A1 AD A1 AD A1 B9
tsukina32.bin,123,48,52,49,中文更长,是,0,0,0,0,否,否,一瞬の沈黙の後、交信画面に橘社長の顔が映る……。,一瞬间的沉默之后，通信画面上出现了橘社长的面孔……。,88 EA 8F 75 82 CC 92 BE 96 D9 82 CC 8C E3 81 41 8C F0 90 4D 89 E6 96 CA 82 C9 8B 6B 8E D0 92 B7 82 CC 8A E7 82 AA 89 66 82 E9 81 63 81 63 81 42,D2 BB CB B2 BC E4 B5 C4 B3 C1 C4 AC D6 AE BA F3 A3 AC CD A8 D0 C5 BB AD C3 E6 C9 CF B3 F6 CF D6 C1 CB E9 D9 C9 E7 B3 A4 B5 C4 C3 E6 BF D7 A1 AD A1 AD A1 A3
tsukina32.bin,130,58,60,59,中文更长,是,1,1,1,1,否,否,@v104173@f1B0104「で……報酬の件で相談があるんだけどよ？」,@v104173@f1B0104「那……关于报酬的问题，我有件事想和你谈。」,40 76 31 30 34 31 37 33 40 66 31 42 30 31 30 34 81 75 82 C5 81 63 81 63 95 F1 8F 56 82 CC 8C 8F 82 C5 91 8A 92 6B 82 AA 82 A0 82 E9 82 F1 82 BE 82 AF 82 C7 82 E6 81 48 81 76,40 76 31 30 34 31 37 33 40 66 31 42 30 31 30 34 A1 B8 C4 C7 A1 AD A1 AD B9 D8 D3 DA B1 A8 B3 EA B5 C4 CE CA CC E2 A3 AC CE D2 D3 D0 BC FE CA C2 CF EB BA CD C4 E3 CC B8 A1 A3 A1 B9
tsukina32.bin,138,62,68,63,中文更长,是,0,0,0,0,否,否,橘社長の目が光る……『ご褒美』の時に見せる、特有の目の輝きだ。,橘社长的眼睛闪光了……那是在『奖励』的时候能够看到的，她特有的目光。,8B 6B 8E D0 92 B7 82 CC 96 DA 82 AA 8C F5 82 E9 81 63 81 63 81 77 82 B2 96 4A 94 FC 81 78 82 CC 8E 9E 82 C9 8C A9 82 B9 82 E9 81 41 93 C1 97 4C 82 CC 96 DA 82 CC 8B 50 82 AB 82 BE 81 42,E9 D9 C9 E7 B3 A4 B5 C4 D1 DB BE A6 C9 C1 B9 E2 C1 CB A1 AD A1 AD C4 C7 CA C7 D4 DA A1 BA BD B1 C0 F8 A1 BB B5 C4 CA B1 BA F2 C4 DC B9 BB BF B4 B5 BD B5 C4 A3 AC CB FD CC D8 D3 D0 B5 C4 C4 BF B9 E2 A1 A3
tsukina32.bin,141,28,30,29,中文更长,是,1,1,1,1,否,否,@v104181@f1A0234「………透」,@v104181@f1A0234「……透……」,40 76 31 30 34 31 38 31 40 66 31 41 30 32 33 34 81 75 81 63 81 63 81 63 93 A7 81 76,40 76 31 30 34 31 38 31 40 66 31 41 30 32 33 34 A1 B8 A1 AD A1 AD CD B8 A1 AD A1 AD A1 B9
tsukina32.bin,200,84,96,85,中文更长,是,1,1,1,1,否,否,@v104215「……相棒が犯されてるのにマネキン面とは大したもんだぜ……マジ、尊敬レベル」,@v104215「……搭档被侵犯的时候，还能摆出那副橱窗人偶的表情，太厉害了……简直是值得尊敬的级别。」,40 76 31 30 34 32 31 35 81 75 81 63 81 63 91 8A 96 5F 82 AA 94 C6 82 B3 82 EA 82 C4 82 E9 82 CC 82 C9 83 7D 83 6C 83 4C 83 93 96 CA 82 C6 82 CD 91 E5 82 B5 82 BD 82 E0 82 F1 82 BE 82 BA 81 63 81 63 83 7D 83 57 81 41 91 B8 8C 68 83 8C 83 78 83 8B 81 76,40 76 31 30 34 32 31 35 A1 B8 A1 AD A1 AD B4 EE B5 B5 B1 BB C7 D6 B7 B8 B5 C4 CA B1 BA F2 A3 AC BB B9 C4 DC B0 DA B3 F6 C4 C7 B8 B1 B3 F7 B4 B0 C8 CB C5 BC B5 C4 B1 ED C7 E9 A3 AC CC AB C0 F7 BA A6 C1 CB A1 AD A1 AD BC F2 D6 B1 CA C7 D6 B5 B5 C3 D7 F0 BE B4 B5 C4 BC B6 B1 F0 A1 A3 A1 B9
tsukina32.bin,275,36,38,37,中文更长,是,1,1,1,1,否,否,@f1A0211「よ、寄るな！……撃つぞ！」,@f1A0211「别，别过来！……我开枪了！」,40 66 31 41 30 32 31 31 81 75 82 E6 81 41 8A F1 82 E9 82 C8 81 49 81 63 81 63 8C 82 82 C2 82 BC 81 49 81 76,40 66 31 41 30 32 31 31 A1 B8 B1 F0 A3 AC B1 F0 B9 FD C0 B4 A3 A1 A1 AD A1 AD CE D2 BF AA C7 B9 C1 CB A3 A1 A1 B9
tsukina32.bin,279,26,28,27,中文更长,是,1,1,1,1,否,否,@f1A0224「戦う理由……？」,@f1A0224「战斗的理由……？」,40 66 31 41 30 32 32 34 81 75 90 ED 82 A4 97 9D 97 52 81 63 81 63 81 48 81 76,40 66 31 41 30 32 32 34 A1 B8 D5 BD B6 B7 B5 C4 C0 ED D3 C9 A1 AD A1 AD A3 BF A1 B9
tsukina32.bin,305,118,130,119,中文更长,是,0,0,0,0,否,否,夢から醒めた気分で俺は戦場を見渡す……現実から別の現実にシフトしたような違和感……正気から別の正気に醒めた戸惑い……。,我以从梦中醒来的感觉环视战场……这种不对劲的感觉，就像是从现实中转移到了另一个现实……像是从正常中清醒成为了另一个正常的困惑……。,96 B2 82 A9 82 E7 90 C1 82 DF 82 BD 8B 43 95 AA 82 C5 89 B4 82 CD 90 ED 8F EA 82 F0 8C A9 93 6E 82 B7 81 63 81 63 8C BB 8E C0 82 A9 82 E7 95 CA 82 CC 8C BB 8E C0 82 C9 83 56 83 74 83 67 82 B5 82 BD 82 E6 82 A4 82 C8 88 E1 98 61 8A B4 81 63 81 63 90 B3 8B 43 82 A9 82 E7 95 CA 82 CC 90 B3 8B 43 82 C9 90 C1 82 DF 82 BD 8C CB 98 66 82 A2 81 63 81 63 81 42,CE D2 D2 D4 B4 D3 C3 CE D6 D0 D0 D1 C0 B4 B5 C4 B8 D0 BE F5 BB B7 CA D3 D5 BD B3 A1 A1 AD A1 AD D5 E2 D6 D6 B2 BB B6 D4 BE A2 B5 C4 B8 D0 BE F5 A3 AC BE CD CF F1 CA C7 B4 D3 CF D6 CA B5 D6 D0 D7 AA D2 C6 B5 BD C1 CB C1 ED D2 BB B8 F6 CF D6 CA B5 A1 AD A1 AD CF F1 CA C7 B4 D3 D5 FD B3 A3 D6 D0 C7 E5 D0 D1 B3 C9 CE AA C1 CB C1 ED D2 BB B8 F6 D5 FD B3 A3 B5 C4 C0 A7 BB F3 A1 AD A1 AD A1 A3
tsukina35.bin,41,22,24,23,中文更长,是,1,1,1,1,否,否,@f1A0124「………月菜」,@f1A0124「……月菜……」,40 66 31 41 30 31 32 34 81 75 81 63 81 63 81 63 8C 8E 8D D8 81 76,40 66 31 41 30 31 32 34 A1 B8 A1 AD A1 AD D4 C2 B2 CB A1 AD A1 AD A1 B9
tsukina36.bin,2,34,36,35,中文更长,是,1,1,1,1,否,否,@v104334「…………ごめんね……透」,@v104334「…………对不起……透……」,40 76 31 30 34 33 33 34 81 75 81 63 81 63 81 63 81 63 82 B2 82 DF 82 F1 82 CB 81 63 81 63 93 A7 81 76,40 76 31 30 34 33 33 34 A1 B8 A1 AD A1 AD A1 AD A1 AD B6 D4 B2 BB C6 F0 A1 AD A1 AD CD B8 A1 AD A1 AD A1 B9
tsukina36.bin,129,14,18,15,中文更长,是,0,0,0,0,否,否,優哉の仇の少女,作为优哉仇人的少女,97 44 8D C6 82 CC 8B 77 82 CC 8F AD 8F 97,D7 F7 CE AA D3 C5 D4 D5 B3 F0 C8 CB B5 C4 C9 D9 C5 AE
tsukina37.bin,5,14,18,15,中文更长,是,0,0,0,0,否,否,優哉の仇の少女,作为优哉仇人的少女,97 44 8D C6 82 CC 8B 77 82 CC 8F AD 8F 97,D7 F7 CE AA D3 C5 D4 D5 B3 F0 C8 CB B5 C4 C9 D9 C5 AE
tsukina37.bin,12,32,38,33,中文更长,是,1,1,1,1,否,否,@v104416「……ここよ……相馬君」,@v104416「……在这里哦……相马君……」,40 76 31 30 34 34 31 36 81 75 81 63 81 63 82 B1 82 B1 82 E6 81 63 81 63 91 8A 94 6E 8C 4E 81 76,40 76 31 30 34 34 31 36 A1 B8 A1 AD A1 AD D4 DA D5 E2 C0 EF C5 B6 A1 AD A1 AD CF E0 C2 ED BE FD A1 AD A1 AD A1 B9
tsukina37.bin,57,48,49,49,中文更长,否,1,1,1,1,否,否,@f1A0123「なんて@r大破局@カタストロフ@……！！」,@f1A0123「这真是@r大灾难@Catastrophe@啊……！！」,40 66 31 41 30 31 32 33 81 75 82 C8 82 F1 82 C4 40 72 91 E5 94 6A 8B C7 40 83 4A 83 5E 83 58 83 67 83 8D 83 74 40 81 63 81 63 81 49 81 49 81 76,40 66 31 41 30 31 32 33 A1 B8 D5 E2 D5 E6 CA C7 40 72 B4 F3 D4 D6 C4 D1 40 43 61 74 61 73 74 72 6F 70 68 65 40 B0 A1 A1 AD A1 AD A3 A1 A3 A1 A1 B9
tsukina39.bin,5,38,40,39,中文更长,是,1,1,1,1,否,否,@f1A0115「…………どうしてここへ！？」,@f1A0115「…………为什么会找到这里！？」,40 66 31 41 30 31 31 35 81 75 81 63 81 63 81 63 81 63 82 C7 82 A4 82 B5 82 C4 82 B1 82 B1 82 D6 81 49 81 48 81 76,40 66 31 41 30 31 31 35 A1 B8 A1 AD A1 AD A1 AD A1 AD CE AA CA B2 C3 B4 BB E1 D5 D2 B5 BD D5 E2 C0 EF A3 A1 A3 BF A1 B9
tsukina40.bin,31,14,16,15,中文更长,是,1,1,1,1,否,否,「………月菜」,「……月菜……」,81 75 81 63 81 63 81 63 8C 8E 8D D8 81 76,A1 B8 A1 AD A1 AD D4 C2 B2 CB A1 AD A1 AD A1 B9
tsukina40.bin,106,60,62,61,中文更长,是,1,1,1,1,否,否,@v104471@f1B0220「……だから……全部言わせないでよ……ばか」,@v104471@f1B0220「……我是说……别让我都说出来啊……傻瓜……」,40 76 31 30 34 34 37 31 40 66 31 42 30 32 32 30 81 75 81 63 81 63 82 BE 82 A9 82 E7 81 63 81 63 91 53 95 94 8C BE 82 ED 82 B9 82 C8 82 A2 82 C5 82 E6 81 63 81 63 82 CE 82 A9 81 76,40 76 31 30 34 34 37 31 40 66 31 42 30 32 32 30 A1 B8 A1 AD A1 AD CE D2 CA C7 CB B5 A1 AD A1 AD B1 F0 C8 C3 CE D2 B6 BC CB B5 B3 F6 C0 B4 B0 A1 A1 AD A1 AD C9 B5 B9 CF A1 AD A1 AD A1 B9
tsukina43.bin,62,76,78,77,中文更长,是,0,0,0,0,否,否,月菜が小声で俺に囁く……悪戯心を刺激され、俺は後ろの窄みにそっと触れる……。,月菜小声对我说着……她刺激了我想要恶作剧的心态，我轻轻摸到了她后面的菊花……。,8C 8E 8D D8 82 AA 8F AC 90 BA 82 C5 89 B4 82 C9 9A 91 82 AD 81 63 81 63 88 AB 8B 59 90 53 82 F0 8E 68 8C 83 82 B3 82 EA 81 41 89 B4 82 CD 8C E3 82 EB 82 CC 8D F3 82 DD 82 C9 82 BB 82 C1 82 C6 90 47 82 EA 82 E9 81 63 81 63 81 42,D4 C2 B2 CB D0 A1 C9 F9 B6 D4 CE D2 CB B5 D7 C5 A1 AD A1 AD CB FD B4 CC BC A4 C1 CB CE D2 CF EB D2 AA B6 F1 D7 F7 BE E7 B5 C4 D0 C4 CC AC A3 AC CE D2 C7 E1 C7 E1 C3 FE B5 BD C1 CB CB FD BA F3 C3 E6 B5 C4 BE D5 BB A8 A1 AD A1 AD A1 A3
tsukina43.bin,84,32,34,33,中文更长,是,1,1,1,1,否,否,「それだけじゃわからないな……」,「仅仅这样说，我还是不明白啊……」,81 75 82 BB 82 EA 82 BE 82 AF 82 B6 82 E1 82 ED 82 A9 82 E7 82 C8 82 A2 82 C8 81 63 81 63 81 76,A1 B8 BD F6 BD F6 D5 E2 D1 F9 CB B5 A3 AC CE D2 BB B9 CA C7 B2 BB C3 F7 B0 D7 B0 A1 A1 AD A1 AD A1 B9
tsukina43.bin,89,18,24,19,中文更长,是,1,1,1,1,否,否,「ごめん……つい」,「对不起……不小心……」,81 75 82 B2 82 DF 82 F1 81 63 81 63 82 C2 82 A2 81 76,A1 B8 B6 D4 B2 BB C6 F0 A1 AD A1 AD B2 BB D0 A1 D0 C4 A1 AD A1 AD A1 B9
tsukina45.bin,48,25,27,26,中文更长,是,1,1,1,1,否,否,@v104633@m1「………ばか」,@v104633@m1「……傻瓜……」,40 76 31 30 34 36 33 33 40 6D 31 81 75 81 63 81 63 81 63 82 CE 82 A9 81 76,40 76 31 30 34 36 33 33 40 6D 31 A1 B8 A1 AD A1 AD C9 B5 B9 CF A1 AD A1 AD A1 B9
tsukina46.bin,32,112,120,113,中文更长,是,0,0,0,0,否,否,温かく柔らかな体、心地よい体臭、優しい声、唇に感じる甘い味わい……そして、俺の視覚に映る、涙ぐんだ愛しい顔……。,温暖柔软的身体，令人舒适的体香，温柔的声音，嘴唇感觉到的甜美味道……还有，视觉中出现的，那满是泪水，惹人疼爱的表情……。,89 B7 82 A9 82 AD 8F 5F 82 E7 82 A9 82 C8 91 CC 81 41 90 53 92 6E 82 E6 82 A2 91 CC 8F 4C 81 41 97 44 82 B5 82 A2 90 BA 81 41 90 4F 82 C9 8A B4 82 B6 82 E9 8A C3 82 A2 96 A1 82 ED 82 A2 81 63 81 63 82 BB 82 B5 82 C4 81 41 89 B4 82 CC 8E 8B 8A 6F 82 C9 89 66 82 E9 81 41 97 DC 82 AE 82 F1 82 BE 88 A4 82 B5 82 A2 8A E7 81 63 81 63 81 42,CE C2 C5 AF C8 E1 C8 ED B5 C4 C9 ED CC E5 A3 AC C1 EE C8 CB CA E6 CA CA B5 C4 CC E5 CF E3 A3 AC CE C2 C8 E1 B5 C4 C9 F9 D2 F4 A3 AC D7 EC B4 BD B8 D0 BE F5 B5 BD B5 C4 CC F0 C3 C0 CE B6 B5 C0 A1 AD A1 AD BB B9 D3 D0 A3 AC CA D3 BE F5 D6 D0 B3 F6 CF D6 B5 C4 A3 AC C4 C7 C2 FA CA C7 C0 E1 CB AE A3 AC C8 C7 C8 CB CC DB B0 AE B5 C4 B1 ED C7 E9 A1 AD A1 AD A1 A3
tsukina46.bin,70,46,48,47,中文更长,是,0,0,0,0,否,否,@m1@a1……現実の俺は五感を奪われた生きる屍……,@m1@a1……现实中的我，是被夺去了五感的活死人……,40 6D 31 40 61 31 81 63 81 63 8C BB 8E C0 82 CC 89 B4 82 CD 8C DC 8A B4 82 F0 92 44 82 ED 82 EA 82 BD 90 B6 82 AB 82 E9 8E 72 81 63 81 63,40 6D 31 40 61 31 A1 AD A1 AD CF D6 CA B5 D6 D0 B5 C4 CE D2 A3 AC CA C7 B1 BB B6 E1 C8 A5 C1 CB CE E5 B8 D0 B5 C4 BB EE CB C0 C8 CB A1 AD A1 AD
tsukina47.bin,51,108,110,109,中文更长,是,0,0,0,0,否,否,@m1@a1……玲佳様はきっと全人類をこの至福の園に導くだろう@n……その日まで、俺は玲佳様のために戦い続ける……。,@m1@a1……玲佳大人一定能将全人类引领至这至福的乐园吧@n……在那一天到来之前，我会为了玲佳大人一直战斗下去……。,40 6D 31 40 61 31 81 63 81 63 97 E6 89 C0 97 6C 82 CD 82 AB 82 C1 82 C6 91 53 90 6C 97 DE 82 F0 82 B1 82 CC 8E 8A 95 9F 82 CC 89 80 82 C9 93 B1 82 AD 82 BE 82 EB 82 A4 40 6E 81 63 81 63 82 BB 82 CC 93 FA 82 DC 82 C5 81 41 89 B4 82 CD 97 E6 89 C0 97 6C 82 CC 82 BD 82 DF 82 C9 90 ED 82 A2 91 B1 82 AF 82 E9 81 63 81 63 81 42,40 6D 31 40 61 31 A1 AD A1 AD C1 E1 BC D1 B4 F3 C8 CB D2 BB B6 A8 C4 DC BD AB C8 AB C8 CB C0 E0 D2 FD C1 EC D6 C1 D5 E2 D6 C1 B8 A3 B5 C4 C0 D6 D4 B0 B0 C9 40 6E A1 AD A1 AD D4 DA C4 C7 D2 BB CC EC B5 BD C0 B4 D6 AE C7 B0 A3 AC CE D2 BB E1 CE AA C1 CB C1 E1 BC D1 B4 F3 C8 CB D2 BB D6 B1 D5 BD B6 B7 CF C2 C8 A5 A1 AD A1 AD A1 A3
